"time":158.535024519,"data":"\rLoading weights:  26%|██▌       | 102/398 [00:08\u003c21:48,  4.42s/it, Materializing param=model.layers.9.mlp.down_proj.weight]\u001b[A\n"}
,{"stream_name":"stderr","time":158.535123335,"data":"\rLoading weights:  26%|██▌       | 103/398 [00:08\u003c21:44,  4.42s/it, Materializing param=model.layers.9.mlp.gate_proj.weight]\u001b[A\n"}
,{"stream_name":"stderr","time":158.535359012,"data":"\rLoading weights:  26%|██▌       | 103/398 [00:08\u003c21:44,  4.42s/it, Materializing param=model.layers.9.mlp.gate_proj.weight]\u001b[A\n"}
,{"stream_name":"stderr","time":158.535467472,"data":"\rLoading weights:  26%|██▌       | 104/398 [00:08\u003c21:39,  4.42s/it, Materializing param=model.layers.9.mlp.up_proj.weight]  \u001b[A\n"}
,{"stream_name":"stderr","time":158.535694838,"data":"\rLoading weights:  26%|██▌       | 104/398 [00:08\u003c21:39,  4.42s/it, Materializing param=model.layers.9.mlp.up_proj.weight]\u001b[A\n"}
,{"stream_name":"stderr","time":158.535830281,"data":"\rLoading weights:  26%|██▋       | 105/398 [00:08\u003c21:35,  4.42s/it, Materializing param=model.layers.9.post_attention_layernorm.weight]\u001b[A\n"}
,{"stream_name":"stderr","time":158.536018372,"data":"\rLoading weights:  26%|██▋       | 105/398 [00:08\u003c21:35,  4.42s/it, Materializing param=model.layers.9.post_attention_layernorm.weight]\u001b[A\n"}
,{"stream_name":"stderr","time":158.5361074,"data":"\rLoading weights:  27%|██▋       | 106/398 [00:08\u003c21:31,  4.42s/it, Materializing param=model.layers.9.self_attn.k_norm.weight]        \u001b[A\n"}
,{"stream_name":"stderr","time":158.536324391,"data":"\rLoading weights:  27%|██▋       | 106/398 [00:08\u003c21:31,  4.42s/it, Materializing param=model.layers.9.self_attn.k_norm.weight]\u001b[A\n"}
,{"stream_name":"stderr","time":158.536476441,"data":"\rLoading weights:  27%|██▋       | 107/398 [00:08\u003c21:26,  4.42s/it, Materializing param=model.layers.9.self_attn.k_proj.weight]\u001b[A\n"}
,{"stream_name":"stderr","time":158.536680352,"data":"\rLoading weights:  27%|██▋       | 107/398 [00:08\u003c21:26,  4.42s/it, Materializing param=model.layers.9.self_attn.k_proj.weight]\u001b[A\n"}
,{"stream_name":"stderr","time":158.53681021,"data":"\rLoading weights:  27%|██▋       | 108/398 [00:08\u003c21:22,  4.42s/it, Materializing param=model.layers.9.self_attn.o_proj.weight]\u001b[A\n"}
,{"stream_name":"stderr","time":158.537107164,"data":"\rLoading weights:  27%|██▋       | 108/398 [00:08\u003c21:22,  4.42s/it, Materializing param=model.layers.9.self_attn.o_proj.weight]\u001b[A\n"}
,{"stream_name":"stderr","time":158.537172996,"data":"\rLoading weights:  27%|██▋       | 109/398 [00:08\u003c21:17,  4.42s/it, Materializing param=model.layers.9.self_attn.q_norm.weight]\u001b[A\n"}
,{"stream_name":"stderr","time":158.537440462,"data":"\rLoading weights:  27%|██▋       | 109/398 [00:08\u003c21:17,  4.42s/it, Materializing param=model.layers.9.self_attn.q_norm.weight]\u001b[A\n"}
,{"stream_name":"stderr","time":158.537541341,"data":"\rLoading weights:  28%|██▊       | 110/398 [00:08\u003c21:13,  4.42s/it, Materializing param=model.layers.9.self_attn.q_proj.weight]\u001b[A\n"}
,{"stream_name":"stderr","time":158.538153302,"data":"\rLoading weights:  28%|██▊       | 110/398 [00:08\u003c21:13,  4.42s/it, Materializing param=model.layers.9.self_attn.q_proj.weight]\u001b[A\n"}
,{"stream_name":"stderr","time":158.538170058,"data":"\rLoading weights:  28%|██▊       | 111/398 [00:08\u003c21:08,  4.42s/it, Materializing param=model.layers.9.self_attn.v_proj.weight]\u001b[A\n"}
,{"stream_name":"stderr","time":158.53820097,"data":"\rLoading weights:  28%|██▊       | 111/398 [00:08\u003c21:08,  4.42s/it, Materializing param=model.layers.9.self_attn.v_proj.weight]\u001b[A\n"}
,{"stream_name":"stderr","time":158.538361575,"data":"\rLoading weights:  28%|██▊       | 112/398 [00:08\u003c21:04,  4.42s/it, Materializing param=model.layers.10.input_layernorm.weight]\u001b[A\n"}
,{"stream_name":"stderr","time":158.538695761,"data":"\rLoading weights:  28%|██▊       | 112/398 [00:08\u003c21:04,  4.42s/it, Materializing param=model.layers.10.input_layernorm.weight]\u001b[A\n"}
,{"stream_name":"stderr","time":158.538780415,"data":"\rLoading weights:  28%|██▊       | 113/398 [00:08\u003c21:00,  4.42s/it, Materializing param=model.layers.10.mlp.down_proj.weight]  \u001b[A\n"}
,{"stream_name":"stderr","time":158.5390752,"data":"\rLoading weights:  28%|██▊       | 113/398 [00:08\u003c21:00,  4.42s/it, Materializing param=model.layers.10.mlp.down_proj.weight]\u001b[A\n"}
,{"stream_name":"stderr","time":158.539179246,"data":"\rLoading weights:  29%|██▊       | 114/398 [00:08\u003c20:55,  4.42s/it, Materializing param=model.layers.10.mlp.gate_proj.weight]\u001b[A\n"}
,{"stream_name":"stderr","time":158.539480691,"data":"\rLoading weights:  29%|██▊       | 114/398 [00:08\u003c20:55,  4.42s/it, Materializing param=model.layers.10.mlp.gate_proj.weight]\u001b[A\n"}
,{"stream_name":"stderr","time":158.53956378,"data":"\rLoading weights:  29%|██▉       | 115/398 [00:08\u003c20:51,  4.42s/it, Materializing param=model.layers.10.mlp.up_proj.weight]  \u001b[A\n"}
,{"stream_name":"stderr","time":158.539898804,"data":"\rLoading weights:  29%|██▉       | 115/398 [00:08\u003c20:51,  4.42s/it, Materializing param=model.layers.10.mlp.up_proj.weight]\u001b[A\n"}
,{"stream_name":"stderr","time":158.53999346,"data":"\rLoading weights:  29%|██▉       | 116/398 [00:08\u003c20:46,  4.42s/it, Materializing param=model.layers.10.post_attention_layernorm.weight]\u001b[A\n"}
,{"stream_name":"stderr","time":158.54025,"data":"\rLoading weights:  29%|██▉       | 116/398 [00:08\u003c20:46,  4.42s/it, Materializing param=model.layers.10.post_attention_layernorm.weight]\u001b[A\n"}
,{"stream_name":"stderr","time":158.540348336,"data":"\rLoading weights:  29%|██▉       | 117/398 [00:08\u003c20:42,  4.42s/it, Materializing param=model.layers.10.self_attn.k_norm.weight]        \u001b[A\n"}
,{"stream_name":"stderr","time":158.540678618,"data":"\rLoading weights:  29%|██▉       | 117/398 [00:08\u003c20:42,  4.42s/it, Materializing param=model.layers.10.self_attn.k_norm.weight]\u001b[A\n"}
,{"stream_name":"stderr","time":158.540790761,"data":"\rLoading weights:  30%|██▉       | 118/398 [00:08\u003c20:38,  4.42s/it, Materializing param=model.layers.10.self_attn.k_proj.weight]\u001b[A\n"}
,{"stream_name":"stderr","time":158.541079035,"data":"\rLoading weights:  30%|██▉       | 118/398 [00:08\u003c20:38,  4.42s/it, Materializing param=model.layers.10.self_attn.k_proj.weight]\u001b[A\n"}
,{"stream_name":"stderr","time":158.541188692,"data":"\rLoading weights:  30%|██▉       | 119/398 [00:08\u003c20:33,  4.42s/it, Materializing param=model.layers.10.self_attn.o_proj.weight]\u001b[A\n"}
,{"stream_name":"stderr","time":158.541442946,"data":"\rLoading weights:  30%|██▉       | 119/398 [00:08\u003c20:33,  4.42s/it, Materializing param=model.layers.10.self_attn.o_proj.weight]\u001b[A\n"}
,{"stream_name":"stderr","time":158.541548195,"data":"\rLoading weights:  30%|███       | 120/398 [00:08\u003c20:29,  4.42s/it, Materializing param=model.layers.10.self_attn.q_norm.weight]\u001b[A\n"}
,{"stream_name":"stderr","time":158.541824525,"data":"\rLoading weights:  30%|███       | 120/398 [00:08\u003c20:29,  4.42s/it, Materializing param=model.layers.10.self_attn.q_norm.weight]\u001b[A\n"}
,{"stream_name":"stderr","time":158.541925987,"data":"\rLoading weights:  30%|███       | 121/398 [00:08\u003c20:24,  4.42s/it, Materializing param=model.layers.10.self_attn.q_proj.weight]\u001b[A\n"}
,{"stream_name":"stderr","time":158.542205605,"data":"\rLoading weights:  30%|███       | 121/398 [00:08\u003c20:24,  4.42s/it, Materializing param=model.layers.10.self_attn.q_proj.weight]\u001b[A\n"}
,{"stream_name":"stderr","time":158.542341083,"data":"\rLoading weights:  31%|███       | 122/398 [00:08\u003c20:20,  4.42s/it, Materializing param=model.layers.10.self_attn.v_proj.weight]\u001b[A\n"}
,{"stream_name":"stderr","time":158.542561084,"data":"\rLoading weights:  31%|███       | 122/398 [00:08\u003c20:20,  4.42s/it, Materializing param=model.layers.10.self_attn.v_proj.weight]\u001b[A\n"}
,{"stream_name":"stderr","time":158.542662301,"data":"\rLoading weights:  31%|███       | 123/398 [00:08\u003c20:15,  4.42s/it, Materializing param=model.layers.11.input_layernorm.weight] \u001b[A\n"}
,{"stream_name":"stderr","time":158.542927191,"data":"\rLoading weights:  31%|███       | 123/398 [00:08\u003c20:15,  4.42s/it, Materializing param=model.layers.11.input_layernorm.weight]\u001b[A\n"}
,{"stream_name":"stderr","time":158.543022281,"data":"\rLoading weights:  31%|███       | 124/398 [00:08\u003c20:11,  4.42s/it, Materializing param=model.layers.11.mlp.down_proj.weight]  \u001b[A\n"}
,{"stream_name":"stderr","time":158.543308851,"data":"\rLoading weights:  31%|███       | 124/398 [00:08\u003c20:11,  4.42s/it, Materializing param=model.layers.11.mlp.down_proj.weight]\u001b[A\n"}
,{"stream_name":"stderr","time":158.543407368,"data":"\rLoading weights:  31%|███▏      | 125/398 [00:08\u003c20:07,  4.42s/it, Materializing param=model.layers.11.mlp.gate_proj.weight]\u001b[A\n"}
,{"stream_name":"stderr","time":158.543682751,"data":"\rLoading weights:  31%|███▏      | 125/398 [00:08\u003c20:07,  4.42s/it, Materializing param=model.layers.11.mlp.gate_proj.weight]\u001b[A\n"}
,{"stream_name":"stderr","time":158.54384985,"data":"\rLoading weights:  32%|███▏      | 126/398 [00:08\u003c20:02,  4.42s/it, Materializing param=model.layers.11.mlp.up_proj.weight]  \u001b[A\n"}
,{"stream_name":"stderr","time":158.544127003,"data":"\rLoading weights:  32%|███▏      | 126/398 [00:08\u003c20:02,  4.42s/it, Materializing param=model.layers.11.mlp.up_proj.weight]\u001b[A\n"}
,{"stream_name":"stderr","time":158.544235421,"data":"\rLoading weights:  32%|███▏      | 127/398 [00:08\u003c19:58,  4.42s/it, Materializing param=model.layers.11.post_attention_layernorm.weight]\u001b[A\n"}
,{"stream_name":"stderr","time":158.544521292,"data":"\rLoading weights:  32%|███▏      | 127/398 [00:08\u003c19:58,  4.42s/it, Materializing param=model.layers.11.post_attention_layernorm.weight]\u001b[A\n"}
,{"stream_name":"stderr","time":158.544616102,"data":"\rLoading weights:  32%|███▏      | 128/398 [00:08\u003c19:53,  4.42s/it, Materializing param=model.layers.11.self_attn.k_norm.weight]        \u001b[A\n"}
,{"stream_name":"stderr","time":158.544942344,"data":"\rLoading weights:  32%|███▏      | 128/398 [00:08\u003c19:53,  4.42s/it, Materializing param=model.layers.11.self_attn.k_norm.weight]\u001b[A\n"}
,{"stream_name":"stderr","time":158.5450389,"data":"\rLoading weights:  32%|███▏      | 129/398 [00:08\u003c19:49,  4.42s/it, Materializing param=model.layers.11.self_attn.k_proj.weight]\u001b[A\n"}
,{"stream_name":"stderr","time":158.5453072,"data":"\rLoading weights:  32%|███▏      | 129/398 [00:08\u003c19:49,  4.42s/it, Materializing param=model.layers.11.self_attn.k_proj.weight]\u001b[A\n"}
,{"stream_name":"stderr","time":158.54544414,"data":"\rLoading weights:  33%|███▎      | 130/398 [00:08\u003c19:44,  4.42s/it, Materializing param=model.layers.11.self_attn.o_proj.weight]\u001b[A\n"}
,{"stream_name":"stderr","time":158.545674525,"data":"\rLoading weights:  33%|███▎      | 130/398 [00:08\u003c19:44,  4.42s/it, Materializing param=model.layers.11.self_attn.o_proj.weight]\u001b[A\n"}
,{"stream_name":"stderr","time":158.545833432,"data":"\rLoading weights:  33%|███▎      | 131/398 [00:08\u003c19:40,  4.42s/it, Materializing param=model.layers.11.self_attn.q_norm.weight]\u001b[A\n"}
,{"stream_name":"stderr","time":158.546067266,"data":"\rLoading weights:  33%|███▎      | 131/398 [00:08\u003c19:40,  4.42s/it, Materializing param=model.layers.11.self_attn.q_norm.weight]\u001b[A\n"}
,{"stream_name":"stderr","time":158.546144076,"data":"\rLoading weights:  33%|███▎      | 132/398 [00:08\u003c19:36,  4.42s/it, Materializing param=model.layers.11.self_attn.q_proj.weight]\u001b[A\n"}
,{"stream_name":"stderr","time":158.546379709,"data":"\rLoading weights:  33%|███▎      | 132/398 [00:08\u003c19:36,  4.42s/it, Materializing param=model.layers.11.self_attn.q_proj.weight]\u001b[A\n"}
,{"stream_name":"stderr","time":158.546488571,"data":"\rLoading weights:  33%|███▎      | 133/398 [00:08\u003c19:31,  4.42s/it, Materializing param=model.layers.11.self_attn.v_proj.weight]\u001b[A\n"}
,{"stream_name":"stderr","time":158.546791462,"data":"\rLoading weights:  33%|███▎      | 133/398 [00:08\u003c19:31,  4.42s/it, Materializing param=model.layers.11.self_attn.v_proj.weight]\u001b[A\n"}
,{"stream_name":"stderr","time":158.546894932,"data":"\rLoading weights:  34%|███▎      | 134/398 [00:08\u003c19:27,  4.42s/it, Materializing param=model.layers.12.input_layernorm.weight] \u001b[A\n"}
,{"stream_name":"stderr","time":158.547149383,"data":"\rLoading weights:  34%|███▎      | 134/398 [00:08\u003c19:27,  4.42s/it, Materializing param=model.layers.12.input_layernorm.weight]\u001b[A\n"}
,{"stream_name":"stderr","time":158.547212034,"data":"\rLoading weights:  34%|███▍      | 135/398 [00:08\u003c19:22,  4.42s/it, Materializing param=model.layers.12.mlp.down_proj.weight]  \u001b[A\n"}
,{"stream_name":"stderr","time":158.547477288,"data":"\rLoading weights:  34%|███▍      | 135/398 [00:08\u003c19:22,  4.42s/it, Materializing param=model.layers.12.mlp.down_proj.weight]\u001b[A\n"}
,{"stream_name":"stderr","time":158.547592532,"data":"\rLoading weights:  34%|███▍      | 136/398 [00:08\u003c19:18,  4.42s/it, Materializing param=model.layers.12.mlp.gate_proj.weight]\u001b[A\n"}
,{"stream_name":"stderr","time":158.547822457,"data":"\rLoading weights:  34%|███▍      | 136/398 [00:08\u003c19:18,  4.42s/it, Materializing param=model.layers.12.mlp.gate_proj.weight]\u001b[A\n"}
,{"stream_name":"stderr","time":158.547949021,"data":"\rLoading weights:  34%|███▍      | 137/398 [00:08\u003c19:14,  4.42s/it, Materializing param=model.layers.12.mlp.up_proj.weight]  \u001b[A\n"}
,{"stream_name":"stderr","time":158.548157122,"data":"\rLoading weights:  34%|███▍      | 137/398 [00:08\u003c19:14,  4.42s/it, Materializing param=model.layers.12.mlp.up_proj.weight]\u001b[A\n"}
,{"stream_name":"stderr","time":158.548290306,"data":"\rLoading weights:  35%|███▍      | 138/398 [00:08\u003c19:09,  4.42s/it, Materializing param=model.layers.12.post_attention_layernorm.weight]\u001b[A\n"}
,{"stream_name":"stderr","time":158.548633949,"data":"\rLoading weights:  35%|███▍      | 138/398 [00:08\u003c19:09,  4.42s/it, Materializing param=model.layers.12.post_attention_layernorm.weight]\u001b[A\n"}
,{"stream_name":"stderr","time":158.548685867,"data":"\rLoading weights:  35%|███▍      | 139/398 [00:08\u003c19:05,  4.42s/it, Materializing param=model.layers.12.self_attn.k_norm.weight]        \u001b[A\n"}
,{"stream_name":"stderr","time":158.549201657,"data":"\rLoading weights:  35%|███▍      | 139/398 [00:08\u003c19:05,  4.42s/it, Materializing param=model.layers.12.self_attn.k_norm.weight]\u001b[A\n"}
,{"stream_name":"stderr","time":158.549212934,"data":"\rLoading weights:  35%|███▌      | 140/398 [00:08\u003c19:00,  4.42s/it, Materializing param=model.layers.12.self_attn.k_proj.weight]\u001b[A\n"}
,{"stream_name":"stderr","time":158.549232624,"data":"\rLoading weights:  35%|███▌      | 140/398 [00:08\u003c19:00,  4.42s/it, Materializing param=model.layers.12.self_attn.k_proj.weight]\u001b[A\n"}
,{"stream_name":"stderr","time":158.549337871,"data":"\rLoading weights:  35%|███▌      | 141/398 [00:08\u003c18:56,  4.42s/it, Materializing param=model.layers.12.self_attn.o_proj.weight]\u001b[A\n"}
,{"stream_name":"stderr","time":158.549610556,"data":"\rLoading weights:  35%|███▌      | 141/398 [00:08\u003c18:56,  4.42s/it, Materializing param=model.layers.12.self_attn.o_proj.weight]\u001b[A\n"}
,{"stream_name":"stderr","time":158.549730231,"data":"\rLoading weights:  36%|███▌      | 142/398 [00:08\u003c18:51,  4.42s/it, Materializing param=model.layers.12.self_attn.q_norm.weight]\u001b[A\n"}
,{"stream_name":"stderr","time":158.550005216,"data":"\rLoading weights:  36%|███▌      | 142/398 [00:08\u003c18:51,  4.42s/it, Materializing param=model.layers.12.self_attn.q_norm.weight]\u001b[A\n"}
,{"stream_name":"stderr","time":158.550088806,"data":"\rLoading weights:  36%|███▌      | 143/398 [00:08\u003c18:47,  4.42s/it, Materializing param=model.layers.12.self_attn.q_proj.weight]\u001b[A\n"}
,{"stream_name":"stderr","time":158.55039406,"data":"\rLoading weights:  36%|███▌      | 143/398 [00:08\u003c18:47,  4.42s/it, Materializing param=model.layers.12.self_attn.q_proj.weight]\u001b[A\n"}
,{"stream_name":"stderr","time":158.550504215,"data":"\rLoading weights:  36%|███▌      | 144/398 [00:08\u003c18:43,  4.42s/it, Materializing param=model.layers.12.self_attn.v_proj.weight]\u001b[A\n"}
,{"stream_name":"stderr","time":158.550801157,"data":"\rLoading weights:  36%|███▌      | 144/398 [00:08\u003c18:43,  4.42s/it, Materializing param=model.layers.12.self_attn.v_proj.weight]\u001b[A\n"}
,{"stream_name":"stderr","time":158.550861766,"data":"\rLoading weights:  36%|███▋      | 145/398 [00:08\u003c18:38,  4.42s/it, Materializing param=model.layers.13.input_layernorm.weight] \u001b[A\n"}
,{"stream_name":"stderr","time":158.55113493,"data":"\rLoading weights:  36%|███▋      | 145/398 [00:08\u003c18:38,  4.42s/it, Materializing param=model.layers.13.input_layernorm.weight]\u001b[A\n"}
,{"stream_name":"stderr","time":158.551218806,"data":"\rLoading weights:  37%|███▋      | 146/398 [00:08\u003c18:34,  4.42s/it, Materializing param=model.layers.13.mlp.down_proj.weight]  \u001b[A\n"}
,{"stream_name":"stderr","time":158.552004219,"data":"\rLoading weights:  37%|███▋      | 146/398 [00:08\u003c18:34,  4.42s/it, Materializing param=model.layers.13.mlp.down_proj.weight]\u001b[A\n"}
,{"stream_name":"stderr","time":158.552021365,"data":"\rLoading weights:  37%|███▋      | 147/398 [00:08\u003c18:29,  4.42s/it, Materializing param=model.layers.13.mlp.gate_proj.weight]\u001b[A\n"}
,{"stream_name":"stderr","time":158.552033587,"data":"\rLoading weights:  37%|███▋      | 147/398 [00:08\u003c18:29,  4.42s/it, Materializing param=model.layers.13.mlp.gate_proj.weight]\u001b[A\n"}
,{"stream_name":"stderr","time":158.552040894,"data":"\rLoading weights:  37%|███▋      | 148/398 [00:08\u003c18:25,  4.42s/it, Materializing param=model.layers.13.mlp.up_proj.weight]  \u001b[A\n"}
,{"stream_name":"stderr","time":158.552303517,"data":"\rLoading weights:  37%|███▋      | 148/398 [00:08\u003c18:25,  4.42s/it, Materializing param=model.layers.13.mlp.up_proj.weight]\u001b[A\n"}
,{"stream_name":"stderr","time":158.55284509,"data":"\rLoading weights:  37%|███▋      | 149/398 [00:08\u003c18:20,  4.42s/it, Materializing param=model.layers.13.post_attention_layernorm.weight]\u001b[A\n"}
,{"stream_name":"stderr","time":158.552861669,"data":"\rLoading weights:  37%|███▋      | 149/398 [00:08\u003c18:20,  4.42s/it, Materializing param=model.layers.13.post_attention_layernorm.weight]\u001b[A\n"}
,{"stream_name":"stderr","time":158.55286677,"data":"\rLoading weights:  38%|███▊      | 150/398 [00:08\u003c18:16,  4.42s/it, Materializing param=model.layers.13.self_attn.k_norm.weight]        \u001b[A\n"}
,{"stream_name":"stderr","time":158.55302365,"data":"\rLoading weights:  38%|███▊      | 150/398 [00:08\u003c18:16,  4.42s/it, Materializing param=model.layers.13.self_attn.k_norm.weight]\u001b[A\n"}
,{"stream_name":"stderr","time":158.553101218,"data":"\rLoading weights:  38%|███▊      | 151/398 [00:08\u003c18:12,  4.42s/it, Materializing param=model.layers.13.self_attn.k_proj.weight]\u001b[A\n"}
,{"stream_name":"stderr","time":158.553351868,"data":"\rLoading weights:  38%|███▊      | 151/398 [00:08\u003c18:12,  4.42s/it, Materializing param=model.layers.13.self_attn.k_proj.weight]\u001b[A\n"}
,{"stream_name":"stderr","time":158.553444636,"data":"\rLoading weights:  38%|███▊      | 152/398 [00:08\u003c18:07,  4.42s/it, Materializing param=model.layers.13.self_attn.o_proj.weight]\u001b[A\n"}
,{"stream_name":"stderr","time":158.553677117,"data":"\rLoading weights:  38%|███▊      | 152/398 [00:08\u003c18:07,  4.42s/it, Materializing param=model.layers.13.self_attn.o_proj.weight]\u001b[A\n"}
,{"stream_name":"stderr","time":158.553841748,"data":"\rLoading weights:  38%|███▊      | 153/398 [00:08\u003c18:03,  4.42s/it, Materializing param=model.layers.13.self_attn.q_norm.weight]\u001b[A\n"}
,{"stream_name":"stderr","time":158.554102995,"data":"\rLoading weights:  38%|███▊      | 153/398 [00:08\u003c18:03,  4.42s/it, Materializing param=model.layers.13.self_attn.q_norm.weight]\u001b[A\n"}
,{"stream_name":"stderr","time":158.55418299,"data":"\rLoading weights:  39%|███▊      | 154/398 [00:08\u003c17:58,  4.42s/it, Materializing param=model.layers.13.self_attn.q_proj.weight]\u001b[A\n"}
,{"stream_name":"stderr","time":158.554430574,"data":"\rLoading weights:  39%|███▊      | 154/398 [00:08\u003c17:58,  4.42s/it, Materializing param=model.layers.13.self_attn.q_proj.weight]\u001b[A\n"}
,{"stream_name":"stderr","time":158.554538984,"data":"\rLoading weights:  39%|███▉      | 155/398 [00:08\u003c17:54,  4.42s/it, Materializing param=model.layers.13.self_attn.v_proj.weight]\u001b[A\n"}
,{"stream_name":"stderr","time":158.554768136,"data":"\rLoading weights:  39%|███▉      | 155/398 [00:08\u003c17:54,  4.42s/it, Materializing param=model.layers.13.self_attn.v_proj.weight]\u001b[A\n"}
,{"stream_name":"stderr","time":158.554927301,"data":"\rLoading weights:  39%|███▉      | 156/398 [00:08\u003c17:49,  4.42s/it, Materializing param=model.layers.14.input_layernorm.weight] \u001b[A\n"}
,{"stream_name":"stderr","time":158.555150533,"data":"\rLoading weights:  39%|███▉      | 156/398 [00:08\u003c17:49,  4.42s/it, Materializing param=model.layers.14.input_layernorm.weight]\u001b[A\n"}
,{"stream_name":"stderr","time":158.555256476,"data":"\rLoading weights:  39%|███▉      | 157/398 [00:08\u003c17:45,  4.42s/it, Materializing param=model.layers.14.mlp.down_proj.weight]  \u001b[A\n"}
,{"stream_name":"stderr","time":158.555473203,"data":"\rLoading weights:  39%|███▉      | 157/398 [00:08\u003c17:45,  4.42s/it, Materializing param=model.layers.14.mlp.down_proj.weight]\u001b[A\n"}
,{"stream_name":"stderr","time":158.555599685,"data":"\rLoading weights:  40%|███▉      | 158/398 [00:08\u003c17:41,  4.42s/it, Materializing param=model.layers.14.mlp.gate_proj.weight]\u001b[A\n"}
,{"stream_name":"stderr","time":158.555873093,"data":"\rLoading weights:  40%|███▉      | 158/398 [00:08\u003c17:41,  4.42s/it, Materializing param=model.layers.14.mlp.gate_proj.weight]\u001b[A\n"}
,{"stream_name":"stderr","time":158.555950343,"data":"\rLoading weights:  40%|███▉      | 159/398 [00:08\u003c17:36,  4.42s/it, Materializing param=model.layers.14.mlp.up_proj.weight]  \u001b[A\n"}
,{"stream_name":"stderr","time":158.556230056,"data":"\rLoading weights:  40%|███▉      | 159/398 [00:08\u003c17:36,  4.42s/it, Materializing param=model.layers.14.mlp.up_proj.weight]\u001b[A\n"}
,{"stream_name":"stderr","time":158.556331445,"data":"\rLoading weights:  40%|████      | 160/398 [00:08\u003c17:32,  4.42s/it, Materializing param=model.layers.14.post_attention_layernorm.weight]\u001b[A\n"}
,{"stream_name":"stderr","time":158.556615084,"data":"\rLoading weights:  40%|████      | 160/398 [00:08\u003c17:32,  4.42s/it, Materializing param=model.layers.14.post_attention_layernorm.weight]\u001b[A\n"}
,{"stream_name":"stderr","time":158.556729703,"data":"\rLoading weights:  40%|████      | 161/398 [00:08\u003c17:27,  4.42s/it, Materializing param=model.layers.14.self_attn.k_norm.weight]        \u001b[A\n"}
,{"stream_name":"stderr","time":158.557010362,"data":"\rLoading weights:  40%|████      | 161/398 [00:08\u003c17:27,  4.42s/it, Materializing param=model.layers.14.self_attn.k_norm.weight]\u001b[A\n"}
,{"stream_name":"stderr","time":158.5571061,"data":"\rLoading weights:  41%|████      | 162/398 [00:08\u003c17:23,  4.42s/it, Materializing param=model.layers.14.self_attn.k_proj.weight]\u001b[A\n"}
,{"stream_name":"stderr","time":158.557343795,"data":"\rLoading weights:  41%|████      | 162/398 [00:08\u003c17:23,  4.42s/it, Materializing param=model.layers.14.self_attn.k_proj.weight]\u001b[A\n"}
,{"stream_name":"stderr","time":158.557437804,"data":"\rLoading weights:  41%|████      | 163/398 [00:08\u003c17:19,  4.42s/it, Materializing param=model.layers.14.self_attn.o_proj.weight]\u001b[A\n"}
,{"stream_name":"stderr","time":158.881456406,"data":"\rLoading weights:  41%|████      | 163/398 [00:08\u003c17:19,  4.42s/it, Materializing param=model.layers.14.self_attn.o_proj.weight]\u001b[A\n"}
,{"stream_name":"stderr","time":158.8817999,"data":"\rLoading weights:  41%|████      | 164/398 [00:09\u003c00:09, 24.85it/s, Materializing param=model.layers.14.self_attn.o_proj.weight]\u001b[A\n"}
,{"stream_name":"stderr","time":158.88197794,"data":"\rLoading weights:  41%|████      | 164/398 [00:09\u003c00:09, 24.85it/s, Materializing param=model.layers.14.self_attn.q_norm.weight]\u001b[A\n"}
,{"stream_name":"stderr","time":158.88249338,"data":"\rLoading weights:  41%|████      | 164/398 [00:09\u003c00:09, 24.85it/s, Materializing param=model.layers.14.self_attn.q_norm.weight]\u001b[A\n"}
,{"stream_name":"stderr","time":158.882560227,"data":"\rLoading weights:  41%|████▏     | 165/398 [00:09\u003c00:09, 24.85it/s, Materializing param=model.layers.14.self_attn.q_proj.weight]\u001b[A\n"}
,{"stream_name":"stderr","time":159.555035764,"data":"\rLoading weights:  41%|████▏     | 165/398 [00:09\u003c00:09, 24.85it/s, Materializing param=model.layers.14.self_attn.q_proj.weight]\u001b[A\n"}
,{"stream_name":"stderr","time":159.555346671,"data":"\rLoading weights:  42%|████▏     | 166/398 [00:09\u003c00:09, 24.85it/s, Materializing param=model.layers.14.self_attn.v_proj.weight]\u001b[A\n"}
,{"stream_name":"stderr","time":159.555763358,"data":"\rLoading weights:  42%|████▏     | 166/398 [00:09\u003c00:09, 24.85it/s, Materializing param=model.layers.14.self_attn.v_proj.weight]\u001b[A\n"}
,{"stream_name":"stderr","time":159.556012654,"data":"\rLoading weights:  42%|████▏     | 167/398 [00:09\u003c00:09, 24.85it/s, Materializing param=model.layers.15.input_layernorm.weight] \u001b[A\n"}
,{"stream_name":"stderr","time":159.556474404,"data":"\rLoading weights:  42%|████▏     | 167/398 [00:09\u003c00:09, 24.85it/s, Materializing param=model.layers.15.input_layernorm.weight]\u001b[A\n"}
,{"stream_name":"stderr","time":159.556730518,"data":"\rLoading weights:  42%|████▏     | 168/398 [00:09\u003c00:09, 24.85it/s, Materializing param=model.layers.15.mlp.down_proj.weight]  \u001b[A\n"}
,{"stream_name":"stderr","time":161.532766142,"data":"\rLoading weights:  42%|████▏     | 168/398 [00:09\u003c00:09, 24.85it/s, Materializing param=model.layers.15.mlp.down_proj.weight]\u001b[A\n"}
,{"stream_name":"stderr","time":161.533401323,"data":"\rLoading weights:  42%|████▏     | 169/398 [00:11\u003c00:09, 24.85it/s, Materializing param=model.layers.15.mlp.gate_proj.weight]\u001b[A\n"}
,{"stream_name":"stderr","time":161.928776466,"data":"\rLoading weights:  42%|████▏     | 169/398 [00:11\u003c00:09, 24.85it/s, Materializing param=model.layers.15.mlp.gate_proj.weight]\u001b[A\n"}
,{"stream_name":"stderr","time":161.929057611,"data":"\rLoading weights:  43%|████▎     | 170/398 [00:12\u003c00:09, 24.85it/s, Materializing param=model.layers.15.mlp.up_proj.weight]  \u001b[A\n"}
,{"stream_name":"stderr","time":161.951116302,"data":"\rLoading weights:  43%|████▎     | 170/398 [00:12\u003c00:09, 24.85it/s, Materializing param=model.layers.15.mlp.up_proj.weight]\u001b[A\n"}
,{"stream_name":"stderr","time":161.952401332,"data":"\rLoading weights:  43%|████▎     | 171/398 [00:12\u003c00:09, 24.85it/s, Materializing param=model.layers.15.post_attention_layernorm.weight]\u001b[A\n"}
,{"stream_name":"stderr","time":161.952439808,"data":"\rLoading weights:  43%|████▎     | 171/398 [00:12\u003c00:09, 24.85it/s, Materializing param=model.layers.15.post_attention_layernorm.weight]\u001b[A\n"}
,{"stream_name":"stderr","time":161.952445182,"data":"\rLoading weights:  43%|████▎     | 172/398 [00:12\u003c00:09, 24.85it/s, Materializing param=model.layers.15.self_attn.k_norm.weight]        \u001b[A\n"}
,{"stream_name":"stderr","time":161.952449699,"data":"\rLoading weights:  43%|████▎     | 172/398 [00:12\u003c00:09, 24.85it/s, Materializing param=model.layers.15.self_attn.k_norm.weight]\u001b[A\n"}
,{"stream_name":"stderr","time":161.952454165,"data":"\rLoading weights:  43%|████▎     | 173/398 [00:12\u003c00:09, 24.85it/s, Materializing param=model.layers.15.self_attn.k_proj.weight]\u001b[A\n"}
,{"stream_name":"stderr","time":161.952458997,"data":"\rLoading weights:  43%|████▎     | 173/398 [00:12\u003c00:09, 24.85it/s, Materializing param=model.layers.15.self_attn.k_proj.weight]\u001b[A\n"}
,{"stream_name":"stderr","time":161.952530922,"data":"\rLoading weights:  44%|████▎     | 174/398 [00:12\u003c00:09, 24.85it/s, Materializing param=model.layers.15.self_attn.o_proj.weight]\u001b[A\n"}
,{"stream_name":"stderr","time":161.952775978,"data":"\rLoading weights:  44%|████▎     | 174/398 [00:12\u003c00:09, 24.85it/s, Materializing param=model.layers.15.self_attn.o_proj.weight]\u001b[A\n"}
,{"stream_name":"stderr","time":161.952888674,"data":"\rLoading weights:  44%|████▍     | 175/398 [00:12\u003c00:08, 24.85it/s, Materializing param=model.layers.15.self_attn.q_norm.weight]\u001b[A\n"}
,{"stream_name":"stderr","time":161.953133037,"data":"\rLoading weights:  44%|████▍     | 175/398 [00:12\u003c00:08, 24.85it/s, Materializing param=model.layers.15.self_attn.q_norm.weight]\u001b[A\n"}
,{"stream_name":"stderr","time":161.953756321,"data":"\rLoading weights:  44%|████▍     | 176/398 [00:12\u003c00:08, 24.85it/s, Materializing param=model.layers.15.self_attn.q_proj.weight]\u001b[A\n"}
,{"stream_name":"stderr","time":162.021495147,"data":"\rLoading weights:  44%|████▍     | 176/398 [00:12\u003c00:08, 24.85it/s, Materializing param=model.layers.15.self_attn.q_proj.weight]\u001b[A\n"}
,{"stream_name":"stderr","time":162.021766983,"data":"\rLoading weights:  44%|████▍     | 177/398 [00:12\u003c00:08, 24.85it/s, Materializing param=model.layers.15.self_attn.v_proj.weight]\u001b[A\n"}
,{"stream_name":"stderr","time":162.022288804,"data":"\rLoading weights:  44%|████▍     | 177/398 [00:12\u003c00:08, 24.85it/s, Materializing param=model.layers.15.self_attn.v_proj.weight]\u001b[A\n"}
,{"stream_name":"stderr","time":162.022308954,"data":"\rLoading weights:  45%|████▍     | 178/398 [00:12\u003c00:08, 24.85it/s, Materializing param=model.layers.16.input_layernorm.weight] \u001b[A\n"}
,{"stream_name":"stderr","time":162.022623277,"data":"\rLoading weights:  45%|████▍     | 178/398 [00:12\u003c00:08, 24.85it/s, Materializing param=model.layers.16.input_layernorm.weight]\u001b[A\n"}
,{"stream_name":"stderr","time":162.022764817,"data":"\rLoading weights:  45%|████▍     | 179/398 [00:12\u003c00:08, 24.85it/s, Materializing param=model.layers.16.mlp.down_proj.weight]  \u001b[A\n"}
,{"stream_name":"stderr","time":162.557617533,"data":"\rLoading weights:  45%|████▍     | 179/398 [00:12\u003c00:08, 24.85it/s, Materializing param=model.layers.16.mlp.down_proj.weight]\u001b[A\n"}
,{"stream_name":"stderr","time":162.557990715,"data":"\rLoading weights:  45%|████▌     | 180/398 [00:12\u003c00:08, 24.85it/s, Materializing param=model.layers.16.mlp.gate_proj.weight]\u001b[A\n"}
,{"stream_name":"stderr","time":162.64381276,"data":"\rLoading weights:  45%|████▌     | 180/398 [00:12\u003c00:08, 24.85it/s, Materializing param=model.layers.16.mlp.gate_proj.weight]\u001b[A\n"}
,{"stream_name":"stderr","time":162.644102159,"data":"\rLoading weights:  45%|████▌     | 181/398 [00:12\u003c00:08, 24.85it/s, Materializing param=model.layers.16.mlp.up_proj.weight]  \u001b[A\n"}
,{"stream_name":"stderr","time":162.655134383,"data":"\rLoading weights:  45%|████▌     | 181/398 [00:12\u003c00:08, 24.85it/s, Materializing param=model.layers.16.mlp.up_proj.weight]\u001b[A\n"}
,{"stream_name":"stderr","time":162.655794724,"data":"\rLoading weights:  46%|████▌     | 182/398 [00:13\u003c00:08, 24.85it/s, Materializing param=model.layers.16.post_attention_layernorm.weight]\u001b[A\n"}
,{"stream_name":"stderr","time":162.67026874,"data":"\rLoading weights:  46%|████▌     | 182/398 [00:13\u003c00:08, 24.85it/s, Materializing param=model.layers.16.post_attention_layernorm.weight]\u001b[A\n"}
,{"stream_name":"stderr","time":162.670448306,"data":"\rLoading weights:  46%|████▌     | 183/398 [00:13\u003c00:08, 24.85it/s, Materializing param=model.layers.16.self_attn.k_norm.weight]        \u001b[A\n"}
,{"stream_name":"stderr","time":162.67088071,"data":"\rLoading weights:  46%|████▌     | 183/398 [00:13\u003c00:08, 24.85it/s, Materializing param=model.layers.16.self_attn.k_norm.weight]\u001b[A\n"}
,{"stream_name":"stderr","time":162.671000758,"data":"\rLoading weights:  46%|████▌     | 184/398 [00:13\u003c00:08, 24.85it/s, Materializing param=model.layers.16.self_attn.k_proj.weight]\u001b[A\n"}
,{"stream_name":"stderr","time":162.671298803,"data":"\rLoading weights:  46%|████▌     | 184/398 [00:13\u003c00:08, 24.85it/s, Materializing param=model.layers.16.self_attn.k_proj.weight]\u001b[A\n"}
,{"stream_name":"stderr","time":162.671417052,"data":"\rLoading weights:  46%|████▋     | 185/398 [00:13\u003c00:08, 24.85it/s, Materializing param=model.layers.16.self_attn.o_proj.weight]\u001b[A\n"}
,{"stream_name":"stderr","time":162.671684447,"data":"\rLoading weights:  46%|████▋     | 185/398 [00:13\u003c00:08, 24.85it/s, Materializing param=model.layers.16.self_attn.o_proj.weight]\u001b[A\n"}
,{"stream_name":"stderr","time":162.671822205,"data":"\rLoading weights:  47%|████▋     | 186/398 [00:13\u003c00:08, 24.85it/s, Materializing param=model.layers.16.self_attn.q_norm.weight]\u001b[A\n"}
,{"stream_name":"stderr","time":162.672153529,"data":"\rLoading weights:  47%|████▋     | 186/398 [00:13\u003c00:08, 24.85it/s, Materializing param=model.layers.16.self_attn.q_norm.weight]\u001b[A\n"}
,{"stream_name":"stderr","time":162.672166454,"data":"\rLoading weights:  47%|████▋     | 187/398 [00:13\u003c00:08, 24.85it/s, Materializing param=model.layers.16.self_attn.q_proj.weight]\u001b[A\n"}
,{"stream_name":"stderr","time":162.743082051,"data":"\rLoading weights:  47%|████▋     | 187/398 [00:13\u003c00:08, 24.85it/s, Materializing param=model.layers.16.self_attn.q_proj.weight]\u001b[A\n"}
,{"stream_name":"stderr","time":162.743414689,"data":"\rLoading weights:  47%|████▋     | 188/398 [00:13\u003c00:08, 24.85it/s, Materializing param=model.layers.16.self_attn.v_proj.weight]\u001b[A\n"}
,{"stream_name":"stderr","time":162.743977602,"data":"\rLoading weights:  47%|████▋     | 188/398 [00:13\u003c00:08, 24.85it/s, Materializing param=model.layers.16.self_attn.v_proj.weight]\u001b[A\n"}
,{"stream_name":"stderr","time":162.744809834,"data":"\rLoading weights:  47%|████▋     | 189/398 [00:13\u003c00:12, 16.47it/s, Materializing param=model.layers.16.self_attn.v_proj.weight]\u001b[A\n"}
,{"stream_name":"stderr","time":162.744839164,"data":"\rLoading weights:  47%|████▋     | 189/398 [00:13\u003c00:12, 16.47it/s, Materializing param=model.layers.17.input_layernorm.weight] \u001b[A\n"}
,{"stream_name":"stderr","time":162.744844757,"data":"\rLoading weights:  47%|████▋     | 189/398 [00:13\u003c00:12, 16.47it/s, Materializing param=model.layers.17.input_layernorm.weight]\u001b[A\n"}
,{"stream_name":"stderr","time":162.744855,"data":"\rLoading weights:  48%|████▊     | 190/398 [00:13\u003c00:12, 16.47it/s, Materializing param=model.layers.17.mlp.down_proj.weight]  \u001b[A\n"}
,{"stream_name":"stderr","time":163.415668119,"data":"\rLoading weights:  48%|████▊     | 190/398 [00:13\u003c00:12, 16.47it/s, Materializing param=model.layers.17.mlp.down_proj.weight]\u001b[A\n"}
,{"stream_name":"stderr","time":163.415699474,"data":"\rLoading weights:  48%|████▊     | 191/398 [00:13\u003c00:12, 16.47it/s, Materializing param=model.layers.17.mlp.gate_proj.weight]\u001b[A\n"}
,{"stream_name":"stderr","time":163.43729995,"data":"\rLoading weights:  48%|████▊     | 191/398 [00:13\u003c00:12, 16.47it/s, Materializing param=model.layers.17.mlp.gate_proj.weight]\u001b[A\n"}
,{"stream_name":"stderr","time":163.437327378,"data":"\rLoading weights:  48%|████▊     | 192/398 [00:13\u003c00:12, 16.47it/s, Materializing param=model.layers.17.mlp.up_proj.weight]  \u001b[A\n"}
,{"stream_name":"stderr","time":163.437771112,"data":"\rLoading weights:  48%|████▊     | 192/398 [00:13\u003c00:12, 16.47it/s, Materializing param=model.layers.17.mlp.up_proj.weight]\u001b[A\n"}
,{"stream_name":"stderr","time":163.438731981,"data":"\rLoading weights:  48%|████▊     | 193/398 [00:13\u003c00:12, 16.47it/s, Materializing param=model.layers.17.post_attention_layernorm.weight]\u001b[A\n"}
,{"stream_name":"stderr","time":163.43874992,"data":"\rLoading weights:  48%|████▊     | 193/398 [00:13\u003c00:12, 16.47it/s, Materializing param=model.layers.17.post_attention_layernorm.weight]\u001b[A\n"}
,{"stream_name":"stderr","time":163.438754982,"data":"\rLoading weights:  49%|████▊     | 194/398 [00:13\u003c00:12, 16.47it/s, Materializing param=model.layers.17.self_attn.k_norm.weight]        \u001b[A\n"}
,{"stream_name":"stderr","time":163.439023605,"data":"\rLoading weights:  49%|████▊     | 194/398 [00:13\u003c00:12, 16.47it/s, Materializing param=model.layers.17.self_attn.k_norm.weight]\u001b[A\n"}
,{"stream_name":"stderr","time":163.439214826,"data":"\rLoading weights:  49%|████▉     | 195/398 [00:13\u003c00:12, 16.47it/s, Materializing param=model.layers.17.self_attn.k_proj.weight]\u001b[A\n"}
,{"stream_name":"stderr","time":163.454572544,"data":"\rLoading weights:  49%|████▉     | 195/398 [00:13\u003c00:12, 16.47it/s, Materializing param=model.layers.17.self_attn.k_proj.weight]\u001b[A\n"}
,{"stream_name":"stderr","time":163.45459658,"data":"\rLoading weights:  49%|████▉     | 196/398 [00:13\u003c00:12, 16.47it/s, Materializing param=model.layers.17.self_attn.o_proj.weight]\u001b[A\n"}
,{"stream_name":"stderr","time":163.454600338,"data":"\rLoading weights:  49%|████▉     | 196/398 [00:13\u003c00:12, 16.47it/s, Materializing param=model.layers.17.self_attn.o_proj.weight]\u001b[A\n"}
,{"stream_name":"stderr","time":163.454746158,"data":"\rLoading weights:  49%|████▉     | 197/398 [00:13\u003c00:12, 16.47it/s, Materializing param=model.layers.17.self_attn.q_norm.weight]\u001b[A\n"}
,{"stream_name":"stderr","time":163.454762277,"data":"\rLoading weights:  49%|████▉     | 197/398 [00:13\u003c00:12, 16.47it/s, Materializing param=model.layers.17.self_attn.q_norm.weight]\u001b[A\n"}
,{"stream_name":"stderr","time":163.45476595,"data":"\rLoading weights:  50%|████▉     | 198/398 [00:13\u003c00:12, 16.47it/s, Materializing param=model.layers.17.self_attn.q_proj.weight]\u001b[A\n"}
,{"stream_name":"stderr","time":163.52653141,"data":"\rLoading weights:  50%|████▉     | 198/398 [00:13\u003c00:12, 16.47it/s, Materializing param=model.layers.17.self_attn.q_proj.weight]\u001b[A\n"}
,{"stream_name":"stderr","time":163.52694928,"data":"\rLoading weights:  50%|█████     | 199/398 [00:13\u003c00:12, 16.47it/s, Materializing param=model.layers.17.self_attn.v_proj.weight]\u001b[A\n"}
,{"stream_name":"stderr","time":163.527908798,"data":"\rLoading weights:  50%|█████     | 199/398 [00:13\u003c00:12, 16.47it/s, Materializing param=model.layers.17.self_attn.v_proj.weight]\u001b[A\n"}
,{"stream_name":"stderr","time":163.527921463,"data":"\rLoading weights:  50%|█████     | 200/398 [00:13\u003c00:12, 16.47it/s, Materializing param=model.layers.18.input_layernorm.weight] \u001b[A\n"}
,{"stream_name":"stderr","time":163.527927053,"data":"\rLoading weights:  50%|█████     | 200/398 [00:13\u003c00:12, 16.47it/s, Materializing param=model.layers.18.input_layernorm.weight]\u001b[A\n"}
,{"stream_name":"stderr","time":163.528078206,"data":"\rLoading weights:  51%|█████     | 201/398 [00:13\u003c00:11, 16.47it/s, Materializing param=model.layers.18.mlp.down_proj.weight]  \u001b[A\n"}
,{"stream_name":"stderr","time":164.213249251,"data":"\rLoading weights:  51%|█████     | 201/398 [00:13\u003c00:11, 16.47it/s, Materializing param=model.layers.18.mlp.down_proj.weight]\u001b[A\n"}
,{"stream_name":"stderr","time":164.213431627,"data":"\rLoading weights:  51%|█████     | 202/398 [00:14\u003c00:11, 16.47it/s, Materializing param=model.layers.18.mlp.gate_proj.weight]\u001b[A\n"}
,{"stream_name":"stderr","time":164.236426095,"data":"\rLoading weights:  51%|█████     | 202/398 [00:14\u003c00:11, 16.47it/s, Materializing param=model.layers.18.mlp.gate_proj.weight]\u001b[A\n"}
,{"stream_name":"stderr","time":164.236802152,"data":"\rLoading weights:  51%|█████     | 203/398 [00:14\u003c00:12, 15.04it/s, Materializing param=model.layers.18.mlp.gate_proj.weight]\u001b[A\n"}
,{"stream_name":"stderr","time":164.237019775,"data":"\rLoading weights:  51%|█████     | 203/398 [00:14\u003c00:12, 15.04it/s, Materializing param=model.layers.18.mlp.up_proj.weight]  \u001b[A\n"}
,{"stream_name":"stderr","time":164.287606942,"data":"\rLoading weights:  51%|█████     | 203/398 [00:14\u003c00:12, 15.04it/s, Materializing param=model.layers.18.mlp.up_proj.weight]\u001b[A\n"}
,{"stream_name":"stderr","time":164.28778886,"data":"\rLoading weights:  51%|█████▏    | 204/398 [00:14\u003c00:12, 15.04it/s, Materializing param=model.layers.18.post_attention_layernorm.weight]\u001b[A\n"}
,{"stream_name":"stderr","time":164.288300248,"data":"\rLoading weights:  51%|█████▏    | 204/398 [00:14\u003c00:12, 15.04it/s, Materializing param=model.layers.18.post_attention_layernorm.weight]\u001b[A\n"}
,{"stream_name":"stderr","time":164.288367326,"data":"\rLoading weights:  52%|█████▏    | 205/398 [00:14\u003c00:12, 15.04it/s, Materializing param=model.layers.18.self_attn.k_norm.weight]        \u001b[A\n"}
,{"stream_name":"stderr","time":164.288785174,"data":"\rLoading weights:  52%|█████▏    | 205/398 [00:14\u003c00:12, 15.04it/s, Materializing param=model.layers.18.self_attn.k_norm.weight]\u001b[A\n"}
,{"stream_name":"stderr","time":164.290330866,"data":"\rLoading weights:  52%|█████▏    | 206/398 [00:14\u003c00:12, 15.04it/s, Materializing param=model.layers.18.self_attn.k_proj.weight]\u001b[A\n"}
,{"stream_name":"stderr","time":164.290456682,"data":"\rLoading weights:  52%|█████▏    | 206/398 [00:14\u003c00:12, 15.04it/s, Materializing param=model.layers.18.self_attn.k_proj.weight]\u001b[A\n"}
,{"stream_name":"stderr","time":164.290474224,"data":"\rLoading weights:  52%|█████▏    | 207/398 [00:14\u003c00:12, 15.04it/s, Materializing param=model.layers.18.self_attn.o_proj.weight]\u001b[A\n"}
,{"stream_name":"stderr","time":164.290480654,"data":"\rLoading weights:  52%|█████▏    | 207/398 [00:14\u003c00:12, 15.04it/s, Materializing param=model.layers.18.self_attn.o_proj.weight]\u001b[A\n"}
,{"stream_name":"stderr","time":164.290486048,"data":"\rLoading weights:  52%|█████▏    | 208/398 [00:14\u003c00:12, 15.04it/s, Materializing param=model.layers.18.self_attn.q_norm.weight]\u001b[A\n"}
,{"stream_name":"stderr","time":164.290491541,"data":"\rLoading weights:  52%|█████▏    | 208/398 [00:14\u003c00:12, 15.04it/s, Materializing param=model.layers.18.self_attn.q_norm.weight]\u001b[A\n"}
,{"stream_name":"stderr","time":164.290497129,"data":"\rLoading weights:  53%|█████▎    | 209/398 [00:14\u003c00:12, 15.04it/s, Materializing param=model.layers.18.self_attn.q_proj.weight]\u001b[A\n"}
,{"stream_name":"stderr","time":164.310449221,"data":"\rLoading weights:  53%|█████▎    | 209/398 [00:14\u003c00:12, 15.04it/s, Materializing param=model.layers.18.self_attn.q_proj.weight]\u001b[A\n"}
,{"stream_name":"stderr","time":164.311345294,"data":"\rLoading weights:  53%|█████▎    | 210/398 [00:14\u003c00:12, 15.04it/s, Materializing param=model.layers.18.self_attn.v_proj.weight]\u001b[A\n"}
,{"stream_name":"stderr","time":164.311363361,"data":"\rLoading weights:  53%|█████▎    | 210/398 [00:14\u003c00:12, 15.04it/s, Materializing param=model.layers.18.self_attn.v_proj.weight]\u001b[A\n"}
,{"stream_name":"stderr","time":164.311368025,"data":"\rLoading weights:  53%|█████▎    | 211/398 [00:14\u003c00:12, 15.04it/s, Materializing param=model.layers.19.input_layernorm.weight] \u001b[A\n"}
,{"stream_name":"stderr","time":164.311371927,"data":"\rLoading weights:  53%|█████▎    | 211/398 [00:14\u003c00:12, 15.04it/s, Materializing param=model.layers.19.input_layernorm.weight]\u001b[A\n"}
,{"stream_name":"stderr","time":164.311375773,"data":"\rLoading weights:  53%|█████▎    | 212/398 [00:14\u003c00:12, 15.04it/s, Materializing param=model.layers.19.mlp.down_proj.weight]  \u001b[A\n"}
,{"stream_name":"stderr","time":165.010833975,"data":"\rLoading weights:  53%|█████▎    | 212/398 [00:14\u003c00:12, 15.04it/s, Materializing param=model.layers.19.mlp.down_proj.weight]\u001b[A\n"}
,{"stream_name":"stderr","time":165.011012568,"data":"\rLoading weights:  54%|█████▎    | 213/398 [00:15\u003c00:12, 14.76it/s, Materializing param=model.layers.19.mlp.down_proj.weight]\u001b[A\n"}
,{"stream_name":"stderr","time":165.011088871,"data":"\rLoading weights:  54%|█████▎    | 213/398 [00:15\u003c00:12, 14.76it/s, Materializing param=model.layers.19.mlp.gate_proj.weight]\u001b[A\n"}
,{"stream_name":"stderr","time":165.048735771,"data":"\rLoading weights:  54%|█████▎    | 213/398 [00:15\u003c00:12, 14.76it/s, Materializing param=model.layers.19.mlp.gate_proj.weight]\u001b[A\n"}
,{"stream_name":"stderr","time":165.048996564,"data":"\rLoading weights:  54%|█████▍    | 214/398 [00:15\u003c00:12, 14.76it/s, Materializing param=model.layers.19.mlp.up_proj.weight]  \u001b[A\n"}
,{"stream_name":"stderr","time":165.084531885,"data":"\rLoading weights:  54%|█████▍    | 214/398 [00:15\u003c00:12, 14.76it/s, Materializing param=model.layers.19.mlp.up_proj.weight]\u001b[A\n"}
,{"stream_name":"stderr","time":165.084914686,"data":"\rLoading weights:  54%|█████▍    | 215/398 [00:15\u003c00:12, 14.76it/s, Materializing param=model.layers.19.post_attention_layernorm.weight]\u001b[A\n"}
,{"stream_name":"stderr","time":165.08575889,"data":"\rLoading weights:  54%|█████▍    | 215/398 [00:15\u003c00:12, 14.76it/s, Materializing param=model.layers.19.post_attention_layernorm.weight]\u001b[A\n"}
,{"stream_name":"stderr","time":165.08577656,"data":"\rLoading weights:  54%|█████▍    | 216/398 [00:15\u003c00:12, 14.76it/s, Materializing param=model.layers.19.self_attn.k_norm.weight]        \u001b[A\n"}
,{"stream_name":"stderr","time":165.08578182,"data":"\rLoading weights:  54%|█████▍    | 216/398 [00:15\u003c00:12, 14.76it/s, Materializing param=model.layers.19.self_attn.k_norm.weight]\u001b[A\n"}
,{"stream_name":"stderr","time":165.085786452,"data":"\rLoading weights:  55%|█████▍    | 217/398 [00:15\u003c00:12, 14.76it/s, Materializing param=model.layers.19.self_attn.k_proj.weight]\u001b[A\n"}
,{"stream_name":"stderr","time":165.085955766,"data":"\rLoading weights:  55%|█████▍    | 217/398 [00:15\u003c00:12, 14.76it/s, Materializing param=model.layers.19.self_attn.k_proj.weight]\u001b[A\n"}
,{"stream_name":"stderr","time":165.086181676,"data":"\rLoading weights:  55%|█████▍    | 218/398 [00:15\u003c00:12, 14.76it/s, Materializing param=model.layers.19.self_attn.o_proj.weight]\u001b[A\n"}
,{"stream_name":"stderr","time":165.08645236,"data":"\rLoading weights:  55%|█████▍    | 218/398 [00:15\u003c00:12, 14.76it/s, Materializing param=model.layers.19.self_attn.o_proj.weight]\u001b[A\n"}
,{"stream_name":"stderr","time":165.10635456,"data":"\rLoading weights:  55%|█████▌    | 219/398 [00:15\u003c00:12, 14.76it/s, Materializing param=model.layers.19.self_attn.q_norm.weight]\u001b[A\n"}
,{"stream_name":"stderr","time":165.106702443,"data":"\rLoading weights:  55%|█████▌    | 219/398 [00:15\u003c00:12, 14.76it/s, Materializing param=model.layers.19.self_attn.q_norm.weight]\u001b[A\n"}
,{"stream_name":"stderr","time":165.106993565,"data":"\rLoading weights:  55%|█████▌    | 220/398 [00:15\u003c00:12, 14.76it/s, Materializing param=model.layers.19.self_attn.q_proj.weight]\u001b[A\n"}
,{"stream_name":"stderr","time":165.107138884,"data":"\rLoading weights:  55%|█████▌    | 220/398 [00:15\u003c00:12, 14.76it/s, Materializing param=model.layers.19.self_attn.q_proj.weight]\u001b[A\n"}
,{"stream_name":"stderr","time":165.122904443,"data":"\rLoading weights:  56%|█████▌    | 221/398 [00:15\u003c00:11, 14.76it/s, Materializing param=model.layers.19.self_attn.v_proj.weight]\u001b[A\n"}
,{"stream_name":"stderr","time":165.123336677,"data":"\rLoading weights:  56%|█████▌    | 221/398 [00:15\u003c00:11, 14.76it/s, Materializing param=model.layers.19.self_attn.v_proj.weight]\u001b[A\n"}
,{"stream_name":"stderr","time":165.1242887,"data":"\rLoading weights:  56%|█████▌    | 222/398 [00:15\u003c00:10, 16.47it/s, Materializing param=model.layers.19.self_attn.v_proj.weight]\u001b[A\n"}
,{"stream_name":"stderr","time":165.124306523,"data":"\rLoading weights:  56%|█████▌    | 222/398 [00:15\u003c00:10, 16.47it/s, Materializing param=model.layers.20.input_layernorm.weight] \u001b[A\n"}
,{"stream_name":"stderr","time":165.124328539,"data":"\rLoading weights:  56%|█████▌    | 222/398 [00:15\u003c00:10, 16.47it/s, Materializing param=model.layers.20.input_layernorm.weight]\u001b[A\n"}
,{"stream_name":"stderr","time":165.124332757,"data":"\rLoading weights:  56%|█████▌    | 223/398 [00:15\u003c00:10, 16.47it/s, Materializing param=model.layers.20.mlp.down_proj.weight]  \u001b[A\n"}
,{"stream_name":"stderr","time":165.82302833,"data":"\rLoading weights:  56%|█████▌    | 223/398 [00:15\u003c00:10, 16.47it/s, Materializing param=model.layers.20.mlp.down_proj.weight]\u001b[A\n"}
,{"stream_name":"stderr","time":165.823205317,"data":"\rLoading weights:  56%|█████▋    | 224/398 [00:16\u003c00:10, 16.47it/s, Materializing param=model.layers.20.mlp.gate_proj.weight]\u001b[A\n"}
,{"stream_name":"stderr","time":165.839506471,"data":"\rLoading weights:  56%|█████▋    | 224/398 [00:16\u003c00:10, 16.47it/s, Materializing param=model.layers.20.mlp.gate_proj.weight]\u001b[A\n"}
,{"stream_name":"stderr","time":165.839661052,"data":"\rLoading weights:  57%|█████▋    | 225/398 [00:16\u003c00:10, 16.47it/s, Materializing param=model.layers.20.mlp.up_proj.weight]  \u001b[A\n"}
,{"stream_name":"stderr","time":165.888462993,"data":"\rLoading weights:  57%|█████▋    | 225/398 [00:16\u003c00:10, 16.47it/s, Materializing param=model.layers.20.mlp.up_proj.weight]\u001b[A\n"}
,{"stream_name":"stderr","time":165.896257665,"data":"\rLoading weights:  57%|█████▋    | 226/398 [00:16\u003c00:10, 16.47it/s, Materializing param=model.layers.20.post_attention_layernorm.weight]\u001b[A\n"}
,{"stream_name":"stderr","time":165.897076731,"data":"\rLoading weights:  57%|█████▋    | 226/398 [00:16\u003c00:10, 16.47it/s, Materializing param=model.layers.20.post_attention_layernorm.weight]\u001b[A\n"}
,{"stream_name":"stderr","time":165.902858518,"data":"\rLoading weights:  57%|█████▋    | 227/398 [00:16\u003c00:10, 16.47it/s, Materializing param=model.layers.20.self_attn.k_norm.weight]        \u001b[A\n"}
,{"stream_name":"stderr","time":165.904092232,"data":"\rLoading weights:  57%|█████▋    | 227/398 [00:16\u003c00:10, 16.47it/s, Materializing param=model.layers.20.self_attn.k_norm.weight]\u001b[A\n"}
,{"stream_name":"stderr","time":165.904454633,"data":"\rLoading weights:  57%|█████▋    | 228/398 [00:16\u003c00:10, 16.47it/s, Materializing param=model.layers.20.self_attn.k_proj.weight]\u001b[A\n"}
,{"stream_name":"stderr","time":165.904974154,"data":"\rLoading weights:  57%|█████▋    | 228/398 [00:16\u003c00:10, 16.47it/s, Materializing param=model.layers.20.self_attn.k_proj.weight]\u001b[A\n"}
,{"stream_name":"stderr","time":165.905112608,"data":"\rLoading weights:  58%|█████▊    | 229/398 [00:16\u003c00:11, 14.92it/s, Materializing param=model.layers.20.self_attn.k_proj.weight]\u001b[A\n"}
,{"stream_name":"stderr","time":165.905540759,"data":"\rLoading weights:  58%|█████▊    | 229/398 [00:16\u003c00:11, 14.92it/s, Materializing param=model.layers.20.self_attn.o_proj.weight]\u001b[A\n"}
,{"stream_name":"stderr","time":165.905854338,"data":"\rLoading weights:  58%|█████▊    | 229/398 [00:16\u003c00:11, 14.92it/s, Materializing param=model.layers.20.self_attn.o_proj.weight]\u001b[A\n"}
,{"stream_name":"stderr","time":165.906031364,"data":"\rLoading weights:  58%|█████▊    | 230/398 [00:16\u003c00:11, 14.92it/s, Materializing param=model.layers.20.self_attn.q_norm.weight]\u001b[A\n"}
,{"stream_name":"stderr","time":165.906576055,"data":"\rLoading weights:  58%|█████▊    | 230/398 [00:16\u003c00:11, 14.92it/s, Materializing param=model.layers.20.self_attn.q_norm.weight]\u001b[A\n"}
,{"stream_name":"stderr","time":165.906717283,"data":"\rLoading weights:  58%|█████▊    | 231/398 [00:16\u003c00:11, 14.92it/s, Materializing param=model.layers.20.self_attn.q_proj.weight]\u001b[A\n"}
,{"stream_name":"stderr","time":165.907091327,"data":"\rLoading weights:  58%|█████▊    | 231/398 [00:16\u003c00:11, 14.92it/s, Materializing param=model.layers.20.self_attn.q_proj.weight]\u001b[A\n"}
,{"stream_name":"stderr","time":165.907254984,"data":"\rLoading weights:  58%|█████▊    | 232/398 [00:16\u003c00:11, 14.92it/s, Materializing param=model.layers.20.self_attn.v_proj.weight]\u001b[A\n"}
,{"stream_name":"stderr","time":165.907542185,"data":"\rLoading weights:  58%|█████▊    | 232/398 [00:16\u003c00:11, 14.92it/s, Materializing param=model.layers.20.self_attn.v_proj.weight]\u001b[A\n"}
,{"stream_name":"stderr","time":165.907703609,"data":"\rLoading weights:  59%|█████▊    | 233/398 [00:16\u003c00:11, 14.92it/s, Materializing param=model.layers.21.input_layernorm.weight] \u001b[A\n"}
,{"stream_name":"stderr","time":165.907987129,"data":"\rLoading weights:  59%|█████▊    | 233/398 [00:16\u003c00:11, 14.92it/s, Materializing param=model.layers.21.input_layernorm.weight]\u001b[A\n"}
,{"stream_name":"stderr","time":165.908080476,"data":"\rLoading weights:  59%|█████▉    | 234/398 [00:16\u003c00:10, 14.92it/s, Materializing param=model.layers.21.mlp.down_proj.weight]  \u001b[A\n"}
,{"stream_name":"stderr","time":166.599606682,"data":"\rLoading weights:  59%|█████▉    | 234/398 [00:16\u003c00:10, 14.92it/s, Materializing param=model.layers.21.mlp.down_proj.weight]\u001b[A\n"}
,{"stream_name":"stderr","time":166.599887603,"data":"\rLoading weights:  59%|█████▉    | 235/398 [00:16\u003c00:11, 13.62it/s, Materializing param=model.layers.21.mlp.down_proj.weight]\u001b[A\n"}
,{"stream_name":"stderr","time":166.600194383,"data":"\rLoading weights:  59%|█████▉    | 235/398 [00:16\u003c00:11, 13.62it/s, Materializing param=model.layers.21.mlp.gate_proj.weight]\u001b[A\n"}
,{"stream_name":"stderr","time":166.694480417,"data":"\rLoading weights:  59%|█████▉    | 235/398 [00:16\u003c00:11, 13.62it/s, Materializing param=model.layers.21.mlp.gate_proj.weight]\u001b[A\n"}
,{"stream_name":"stderr","time":166.695169189,"data":"\rLoading weights:  59%|█████▉    | 236/398 [00:17\u003c00:11, 13.62it/s, Materializing param=model.layers.21.mlp.up_proj.weight]  \u001b[A\n"}
,{"stream_name":"stderr","time":166.695222076,"data":"\rLoading weights:  59%|█████▉    | 236/398 [00:17\u003c00:11, 13.62it/s, Materializing param=model.layers.21.mlp.up_proj.weight]\u001b[A\n"}
,{"stream_name":"stderr","time":166.695618674,"data":"\rLoading weights:  60%|█████▉    | 237/398 [00:17\u003c00:11, 13.62it/s, Materializing param=model.layers.21.post_attention_layernorm.weight]\u001b[A\n"}
,{"stream_name":"stderr","time":166.696265301,"data":"\rLoading weights:  60%|█████▉    | 237/398 [00:17\u003c00:11, 13.62it/s, Materializing param=model.layers.21.post_attention_layernorm.weight]\u001b[A\n"}
,{"stream_name":"stderr","time":166.696281456,"data":"\rLoading weights:  60%|█████▉    | 238/398 [00:17\u003c00:11, 13.62it/s, Materializing param=model.layers.21.self_attn.k_norm.weight]        \u001b[A\n"}
,{"stream_name":"stderr","time":166.696457034,"data":"\rLoading weights:  60%|█████▉    | 238/398 [00:17\u003c00:11, 13.62it/s, Materializing param=model.layers.21.self_attn.k_norm.weight]\u001b[A\n"}
,{"stream_name":"stderr","time":166.69686117,"data":"\rLoading weights:  60%|██████    | 239/398 [00:17\u003c00:11, 13.62it/s, Materializing param=model.layers.21.self_attn.k_proj.weight]\u001b[A\n"}
,{"stream_name":"stderr","time":166.697374776,"data":"\rLoading weights:  60%|██████    | 239/398 [00:17\u003c00:11, 13.62it/s, Materializing param=model.layers.21.self_attn.k_proj.weight]\u001b[A\n"}
,{"stream_name":"stderr","time":166.697510424,"data":"\rLoading weights:  60%|██████    | 240/398 [00:17\u003c00:11, 13.62it/s, Materializing param=model.layers.21.self_attn.o_proj.weight]\u001b[A\n"}
,{"stream_name":"stderr","time":166.697837073,"data":"\rLoading weights:  60%|██████    | 240/398 [00:17\u003c00:11, 13.62it/s, Materializing param=model.layers.21.self_attn.o_proj.weight]\u001b[A\n"}
,{"stream_name":"stderr","time":166.69833146,"data":"\rLoading weights:  61%|██████    | 241/398 [00:17\u003c00:11, 13.62it/s, Materializing param=model.layers.21.self_attn.q_norm.weight]\u001b[A\n"}
,{"stream_name":"stderr","time":166.698747343,"data":"\rLoading weights:  61%|██████    | 241/398 [00:17\u003c00:11, 13.62it/s, Materializing param=model.layers.21.self_attn.q_norm.weight]\u001b[A\n"}
,{"stream_name":"stderr","time":166.698875288,"data":"\rLoading weights:  61%|██████    | 242/398 [00:17\u003c00:11, 13.62it/s, Materializing param=model.layers.21.self_attn.q_proj.weight]\u001b[A\n"}
,{"stream_name":"stderr","time":166.6991428,"data":"\rLoading weights:  61%|██████    | 242/398 [00:17\u003c00:11, 13.62it/s, Materializing param=model.layers.21.self_attn.q_proj.weight]\u001b[A\n"}
,{"stream_name":"stderr","time":166.699257586,"data":"\rLoading weights:  61%|██████    | 243/398 [00:17\u003c00:11, 13.62it/s, Materializing param=model.layers.21.self_attn.v_proj.weight]\u001b[A\n"}
,{"stream_name":"stderr","time":166.69949729,"data":"\rLoading weights:  61%|██████    | 243/398 [00:17\u003c00:11, 13.62it/s, Materializing param=model.layers.21.self_attn.v_proj.weight]\u001b[A\n"}
,{"stream_name":"stderr","time":166.699613292,"data":"\rLoading weights:  61%|██████▏   | 244/398 [00:17\u003c00:09, 16.75it/s, Materializing param=model.layers.21.self_attn.v_proj.weight]\u001b[A\n"}
,{"stream_name":"stderr","time":166.699731153,"data":"\rLoading weights:  61%|██████▏   | 244/398 [00:17\u003c00:09, 16.75it/s, Materializing param=model.layers.22.input_layernorm.weight] \u001b[A\n"}
,{"stream_name":"stderr","time":166.700002184,"data":"\rLoading weights:  61%|██████▏   | 244/398 [00:17\u003c00:09, 16.75it/s, Materializing param=model.layers.22.input_layernorm.weight]\u001b[A\n"}
,{"stream_name":"stderr","time":166.700093573,"data":"\rLoading weights:  62%|██████▏   | 245/398 [00:17\u003c00:09, 16.75it/s, Materializing param=model.layers.22.mlp.down_proj.weight]  \u001b[A\n"}
,{"stream_name":"stderr","time":167.421102062,"data":"\rLoading weights:  62%|██████▏   | 245/398 [00:17\u003c00:09, 16.75it/s, Materializing param=model.layers.22.mlp.down_proj.weight]\u001b[A\n"}
,{"stream_name":"stderr","time":167.421585507,"data":"\rLoading weights:  62%|██████▏   | 246/398 [00:17\u003c00:09, 16.75it/s, Materializing param=model.layers.22.mlp.gate_proj.weight]\u001b[A\n"}
,{"stream_name":"stderr","time":167.48160538,"data":"\rLoading weights:  62%|██████▏   | 246/398 [00:17\u003c00:09, 16.75it/s, Materializing param=model.layers.22.mlp.gate_proj.weight]\u001b[A\n"}
,{"stream_name":"stderr","time":167.485315495,"data":"\rLoading weights:  62%|██████▏   | 247/398 [00:17\u003c00:09, 16.75it/s, Materializing param=model.layers.22.mlp.up_proj.weight]  \u001b[A\n"}
,{"stream_name":"stderr","time":167.494725784,"data":"\rLoading weights:  62%|██████▏   | 247/398 [00:17\u003c00:09, 16.75it/s, Materializing param=model.layers.22.mlp.up_proj.weight]\u001b[A\n"}
,{"stream_name":"stderr","time":167.494927666,"data":"\rLoading weights:  62%|██████▏   | 248/398 [00:17\u003c00:08, 16.75it/s, Materializing param=model.layers.22.post_attention_layernorm.weight]\u001b[A\n"}
,{"stream_name":"stderr","time":167.495764446,"data":"\rLoading weights:  62%|██████▏   | 248/398 [00:17\u003c00:08, 16.75it/s, Materializing param=model.layers.22.post_attention_layernorm.weight]\u001b[A\n"}
,{"stream_name":"stderr","time":167.495781781,"data":"\rLoading weights:  63%|██████▎   | 249/398 [00:17\u003c00:08, 16.75it/s, Materializing param=model.layers.22.self_attn.k_norm.weight]        \u001b[A\n"}
,{"stream_name":"stderr","time":167.495858732,"data":"\rLoading weights:  63%|██████▎   | 249/398 [00:17\u003c00:08, 16.75it/s, Materializing param=model.layers.22.self_attn.k_norm.weight]\u001b[A\n"}
,{"stream_name":"stderr","time":167.49624093,"data":"\rLoading weights:  63%|██████▎   | 250/398 [00:17\u003c00:10, 13.82it/s, Materializing param=model.layers.22.self_attn.k_norm.weight]\u001b[A\n"}
,{"stream_name":"stderr","time":167.496525539,"data":"\rLoading weights:  63%|██████▎   | 250/398 [00:17\u003c00:10, 13.82it/s, Materializing param=model.layers.22.self_attn.k_proj.weight]\u001b[A\n"}
,{"stream_name":"stderr","time":167.496974082,"data":"\rLoading weights:  63%|██████▎   | 250/398 [00:17\u003c00:10, 13.82it/s, Materializing param=model.layers.22.self_attn.k_proj.weight]\u001b[A\n"}
,{"stream_name":"stderr","time":167.497426122,"data":"\rLoading weights:  63%|██████▎   | 251/398 [00:17\u003c00:10, 13.82it/s, Materializing param=model.layers.22.self_attn.o_proj.weight]\u001b[A\n"}
,{"stream_name":"stderr","time":167.497754582,"data":"\rLoading weights:  63%|██████▎   | 251/398 [00:17\u003c00:10, 13.82it/s, Materializing param=model.layers.22.self_attn.o_proj.weight]\u001b[A\n"}
,{"stream_name":"stderr","time":167.497770676,"data":"\rLoading weights:  63%|██████▎   | 252/398 [00:17\u003c00:10, 13.82it/s, Materializing param=model.layers.22.self_attn.q_norm.weight]\u001b[A\n"}
,{"stream_name":"stderr","time":167.498042594,"data":"\rLoading weights:  63%|██████▎   | 252/398 [00:17\u003c00:10, 13.82it/s, Materializing param=model.layers.22.self_attn.q_norm.weight]\u001b[A\n"}
,{"stream_name":"stderr","time":167.498138274,"data":"\rLoading weights:  64%|██████▎   | 253/398 [00:17\u003c00:10, 13.82it/s, Materializing param=model.layers.22.self_attn.q_proj.weight]\u001b[A\n"}
,{"stream_name":"stderr","time":167.498391113,"data":"\rLoading weights:  64%|██████▎   | 253/398 [00:17\u003c00:10, 13.82it/s, Materializing param=model.layers.22.self_attn.q_proj.weight]\u001b[A\n"}
,{"stream_name":"stderr","time":167.498482876,"data":"\rLoading weights:  64%|██████▍   | 254/398 [00:17\u003c00:10, 13.82it/s, Materializing param=model.layers.22.self_attn.v_proj.weight]\u001b[A\n"}
,{"stream_name":"stderr","time":167.498783264,"data":"\rLoading weights:  64%|██████▍   | 254/398 [00:17\u003c00:10, 13.82it/s, Materializing param=model.layers.22.self_attn.v_proj.weight]\u001b[A\n"}
,{"stream_name":"stderr","time":167.498861815,"data":"\rLoading weights:  64%|██████▍   | 255/398 [00:17\u003c00:10, 13.82it/s, Materializing param=model.layers.23.input_layernorm.weight] \u001b[A\n"}
,{"stream_name":"stderr","time":167.499119373,"data":"\rLoading weights:  64%|██████▍   | 255/398 [00:17\u003c00:10, 13.82it/s, Materializing param=model.layers.23.input_layernorm.weight]\u001b[A\n"}
,{"stream_name":"stderr","time":167.499231642,"data":"\rLoading weights:  64%|██████▍   | 256/398 [00:17\u003c00:10, 13.82it/s, Materializing param=model.layers.23.mlp.down_proj.weight]  \u001b[A\n"}
,{"stream_name":"stderr","time":168.258106085,"data":"\rLoading weights:  64%|██████▍   | 256/398 [00:17\u003c00:10, 13.82it/s, Materializing param=model.layers.23.mlp.down_proj.weight]\u001b[A\n"}
,{"stream_name":"stderr","time":168.258139031,"data":"\rLoading weights:  65%|██████▍   | 257/398 [00:18\u003c00:11, 12.42it/s, Materializing param=model.layers.23.mlp.down_proj.weight]\u001b[A\n"}
,{"stream_name":"stderr","time":168.258143913,"data":"\rLoading weights:  65%|██████▍   | 257/398 [00:18\u003c00:11, 12.42it/s, Materializing param=model.layers.23.mlp.gate_proj.weight]\u001b[A\n"}
,{"stream_name":"stderr","time":168.269553099,"data":"\rLoading weights:  65%|██████▍   | 257/398 [00:18\u003c00:11, 12.42it/s, Materializing param=model.layers.23.mlp.gate_proj.weight]\u001b[A\n"}
,{"stream_name":"stderr","time":168.279704153,"data":"\rLoading weights:  65%|██████▍   | 258/398 [00:18\u003c00:11, 12.42it/s, Materializing param=model.layers.23.mlp.up_proj.weight]  \u001b[A\n"}
,{"stream_name":"stderr","time":168.28014286,"data":"\rLoading weights:  65%|██████▍   | 258/398 [00:18\u003c00:11, 12.42it/s, Materializing param=model.layers.23.mlp.up_proj.weight]\u001b[A\n"}
,{"stream_name":"stderr","time":168.28075362,"data":"\rLoading weights:  65%|██████▌   | 259/398 [00:18\u003c00:11, 12.42it/s, Materializing param=model.layers.23.post_attention_layernorm.weight]\u001b[A\n"}
,{"stream_name":"stderr","time":168.280952766,"data":"\rLoading weights:  65%|██████▌   | 259/398 [00:18\u003c00:11, 12.42it/s, Materializing param=model.layers.23.post_attention_layernorm.weight]\u001b[A\n"}
,{"stream_name":"stderr","time":168.281411372,"data":"\rLoading weights:  65%|██████▌   | 260/398 [00:18\u003c00:11, 12.42it/s, Materializing param=model.layers.23.self_attn.k_norm.weight]        \u001b[A\n"}
,{"stream_name":"stderr","time":168.281865345,"data":"\rLoading weights:  65%|██████▌   | 260/398 [00:18\u003c00:11, 12.42it/s, Materializing param=model.layers.23.self_attn.k_norm.weight]\u001b[A\n"}
,{"stream_name":"stderr","time":168.282058501,"data":"\rLoading weights:  66%|██████▌   | 261/398 [00:18\u003c00:11, 12.42it/s, Materializing param=model.layers.23.self_attn.k_proj.weight]\u001b[A\n"}
,{"stream_name":"stderr","time":168.28377025,"data":"\rLoading weights:  66%|██████▌   | 261/398 [00:18\u003c00:11, 12.42it/s, Materializing param=model.layers.23.self_attn.k_proj.weight]\u001b[A\n"}
,{"stream_name":"stderr","time":168.28378788,"data":"\rLoading weights:  66%|██████▌   | 262/398 [00:18\u003c00:10, 12.42it/s, Materializing param=model.layers.23.self_attn.o_proj.weight]\u001b[A\n"}
,{"stream_name":"stderr","time":168.28379379,"data":"\rLoading weights:  66%|██████▌   | 262/398 [00:18\u003c00:10, 12.42it/s, Materializing param=model.layers.23.self_attn.o_proj.weight]\u001b[A\n"}
,{"stream_name":"stderr","time":168.283809864,"data":"\rLoading weights:  66%|██████▌   | 263/398 [00:18\u003c00:10, 12.42it/s, Materializing param=model.layers.23.self_attn.q_norm.weight]\u001b[A\n"}
,{"stream_name":"stderr","time":168.283815236,"data":"\rLoading weights:  66%|██████▌   | 263/398 [00:18\u003c00:10, 12.42it/s, Materializing param=model.layers.23.self_attn.q_norm.weight]\u001b[A\n"}
,{"stream_name":"stderr","time":168.28382012,"data":"\rLoading weights:  66%|██████▋   | 264/398 [00:18\u003c00:10, 12.42it/s, Materializing param=model.layers.23.self_attn.q_proj.weight]\u001b[A\n"}
,{"stream_name":"stderr","time":168.283824493,"data":"\rLoading weights:  66%|██████▋   | 264/398 [00:18\u003c00:10, 12.42it/s, Materializing param=model.layers.23.self_attn.q_proj.weight]\u001b[A\n"}
,{"stream_name":"stderr","time":168.284073394,"data":"\rLoading weights:  67%|██████▋   | 265/398 [00:18\u003c00:10, 12.42it/s, Materializing param=model.layers.23.self_attn.v_proj.weight]\u001b[A\n"}
,{"stream_name":"stderr","time":168.34741336,"data":"\rLoading weights:  67%|██████▋   | 265/398 [00:18\u003c00:10, 12.42it/s, Materializing param=model.layers.23.self_attn.v_proj.weight]\u001b[A\n"}
,{"stream_name":"stderr","time":168.347771218,"data":"\rLoading weights:  67%|██████▋   | 266/398 [00:18\u003c00:10, 12.42it/s, Materializing param=model.layers.24.input_layernorm.weight] \u001b[A\n"}
,{"stream_name":"stderr","time":168.348317992,"data":"\rLoading weights:  67%|██████▋   | 266/398 [00:18\u003c00:10, 12.42it/s, Materializing param=model.layers.24.input_layernorm.weight]\u001b[A\n"}
,{"stream_name":"stderr","time":168.348702198,"data":"\rLoading weights:  67%|██████▋   | 267/398 [00:18\u003c00:10, 12.42it/s, Materializing param=model.layers.24.mlp.down_proj.weight]  \u001b[A\n"}
,{"stream_name":"stderr","time":169.032979371,"data":"\rLoading weights:  67%|██████▋   | 267/398 [00:18\u003c00:10, 12.42it/s, Materializing param=model.layers.24.mlp.down_proj.weight]\u001b[A\n"}
,{"stream_name":"stderr","time":169.033024284,"data":"\rLoading weights:  67%|██████▋   | 268/398 [00:19\u003c00:10, 12.96it/s, Materializing param=model.layers.24.mlp.down_proj.weight]\u001b[A\n"}
,{"stream_name":"stderr","time":169.033030227,"data":"\rLoading weights:  67%|██████▋   | 268/398 [00:19\u003c00:10, 12.96it/s, Materializing param=model.layers.24.mlp.gate_proj.weight]\u001b[A\n"}
,{"stream_name":"stderr","time":169.055228947,"data":"\rLoading weights:  67%|██████▋   | 268/398 [00:19\u003c00:10, 12.96it/s, Materializing param=model.layers.24.mlp.gate_proj.weight]\u001b[A\n"}
,{"stream_name":"stderr","time":169.055395885,"data":"\rLoading weights:  68%|██████▊   | 269/398 [00:19\u003c00:09, 12.96it/s, Materializing param=model.layers.24.mlp.up_proj.weight]  \u001b[A\n"}
,{"stream_name":"stderr","time":169.055826828,"data":"\rLoading weights:  68%|██████▊   | 269/398 [00:19\u003c00:09, 12.96it/s, Materializing param=model.layers.24.mlp.up_proj.weight]\u001b[A\n"}
,{"stream_name":"stderr","time":169.069485788,"data":"\rLoading weights:  68%|██████▊   | 270/398 [00:19\u003c00:09, 12.96it/s, Materializing param=model.layers.24.post_attention_layernorm.weight]\u001b[A\n"}
,{"stream_name":"stderr","time":169.071712894,"data":"\rLoading weights:  68%|██████▊   | 270/398 [00:19\u003c00:09, 12.96it/s, Materializing param=model.layers.24.post_attention_layernorm.weight]\u001b[A\n"}
,{"stream_name":"stderr","time":169.071733528,"data":"\rLoading weights:  68%|██████▊   | 271/398 [00:19\u003c00:09, 12.96it/s, Materializing param=model.layers.24.self_attn.k_norm.weight]        \u001b[A\n"}
,{"stream_name":"stderr","time":169.071738756,"data":"\rLoading weights:  68%|██████▊   | 271/398 [00:19\u003c00:09, 12.96it/s, Materializing param=model.layers.24.self_attn.k_norm.weight]\u001b[A\n"}
,{"stream_name":"stderr","time":169.071742889,"data":"\rLoading weights:  68%|██████▊   | 272/398 [00:19\u003c00:09, 12.96it/s, Materializing param=model.layers.24.self_attn.k_proj.weight]\u001b[A\n"}
,{"stream_name":"stderr","time":169.071747141,"data":"\rLoading weights:  68%|██████▊   | 272/398 [00:19\u003c00:09, 12.96it/s, Materializing param=model.layers.24.self_attn.k_proj.weight]\u001b[A\n"}
,{"stream_name":"stderr","time":169.071755306,"data":"\rLoading weights:  69%|██████▊   | 273/398 [00:19\u003c00:09, 12.96it/s, Materializing param=model.layers.24.self_attn.o_proj.weight]\u001b[A\n"}
,{"stream_name":"stderr","time":169.071758192,"data":"\rLoading weights:  69%|██████▊   | 273/398 [00:19\u003c00:09, 12.96it/s, Materializing param=model.layers.24.self_attn.o_proj.weight]\u001b[A\n"}
,{"stream_name":"stderr","time":169.071760907,"data":"\rLoading weights:  69%|██████▉   | 274/398 [00:19\u003c00:09, 12.96it/s, Materializing param=model.layers.24.self_attn.q_norm.weight]\u001b[A\n"}
,{"stream_name":"stderr","time":169.071763511,"data":"\rLoading weights:  69%|██████▉   | 274/398 [00:19\u003c00:09, 12.96it/s, Materializing param=model.layers.24.self_attn.q_norm.weight]\u001b[A\n"}
,{"stream_name":"stderr","time":169.071766006,"data":"\rLoading weights:  69%|██████▉   | 275/398 [00:19\u003c00:09, 12.96it/s, Materializing param=model.layers.24.self_attn.q_proj.weight]\u001b[A\n"}
,{"stream_name":"stderr","time":169.116246955,"data":"\rLoading weights:  69%|██████▉   | 275/398 [00:19\u003c00:09, 12.96it/s, Materializing param=model.layers.24.self_attn.q_proj.weight]\u001b[A\n"}
,{"stream_name":"stderr","time":169.11627081,"data":"\rLoading weights:  69%|██████▉   | 276/398 [00:19\u003c00:09, 12.96it/s, Materializing param=model.layers.24.self_attn.v_proj.weight]\u001b[A\n"}
,{"stream_name":"stderr","time":169.126253552,"data":"\rLoading weights:  69%|██████▉   | 276/398 [00:19\u003c00:09, 12.96it/s, Materializing param=model.layers.24.self_attn.v_proj.weight]\u001b[A\n"}
,{"stream_name":"stderr","time":169.127165515,"data":"\rLoading weights:  70%|██████▉   | 277/398 [00:19\u003c00:09, 12.96it/s, Materializing param=model.layers.25.input_layernorm.weight] \u001b[A\n"}
,{"stream_name":"stderr","time":169.127425414,"data":"\rLoading weights:  70%|██████▉   | 277/398 [00:19\u003c00:09, 12.96it/s, Materializing param=model.layers.25.input_layernorm.weight]\u001b[A\n"}
,{"stream_name":"stderr","time":169.127565029,"data":"\rLoading weights:  70%|██████▉   | 278/398 [00:19\u003c00:09, 12.96it/s, Materializing param=model.layers.25.mlp.down_proj.weight]  \u001b[A\n"}
,{"stream_name":"stderr","time":169.82479785,"data":"\rLoading weights:  70%|██████▉   | 278/398 [00:19\u003c00:09, 12.96it/s, Materializing param=model.layers.25.mlp.down_proj.weight]\u001b[A\n"}
,{"stream_name":"stderr","time":169.825158446,"data":"\rLoading weights:  70%|███████   | 279/398 [00:20\u003c00:08, 13.25it/s, Materializing param=model.layers.25.mlp.down_proj.weight]\u001b[A\n"}
,{"stream_name":"stderr","time":169.825520858,"data":"\rLoading weights:  70%|███████   | 279/398 [00:20\u003c00:08, 13.25it/s, Materializing param=model.layers.25.mlp.gate_proj.weight]\u001b[A\n"}
,{"stream_name":"stderr","time":169.846824516,"data":"\rLoading weights:  70%|███████   | 279/398 [00:20\u003c00:08, 13.25it/s, Materializing param=model.layers.25.mlp.gate_proj.weight]\u001b[A\n"}
,{"stream_name":"stderr","time":169.84703751,"data":"\rLoading weights:  70%|███████   | 280/398 [00:20\u003c00:08, 13.25it/s, Materializing param=model.layers.25.mlp.up_proj.weight]  \u001b[A\n"}
,{"stream_name":"stderr","time":169.917019828,"data":"\rLoading weights:  70%|███████   | 280/398 [00:20\u003c00:08, 13.25it/s, Materializing param=model.layers.25.mlp.up_proj.weight]\u001b[A\n"}
,{"stream_name":"stderr","time":169.917180388,"data":"\rLoading weights:  71%|███████   | 281/398 [00:20\u003c00:08, 13.25it/s, Materializing param=model.layers.25.post_attention_layernorm.weight]\u001b[A\n"}
,{"stream_name":"stderr","time":169.917680611,"data":"\rLoading weights:  71%|███████   | 281/398 [00:20\u003c00:08, 13.25it/s, Materializing param=model.layers.25.post_attention_layernorm.weight]\u001b[A\n"}
,{"stream_name":"stderr","time":169.918421973,"data":"\rLoading weights:  71%|███████   | 282/398 [00:20\u003c00:08, 13.25it/s, Materializing param=model.layers.25.self_attn.k_norm.weight]        \u001b[A\n"}
,{"stream_name":"stderr","time":169.919117819,"data":"\rLoading weights:  71%|███████   | 282/398 [00:20\u003c00:08, 13.25it/s, Materializing param=model.layers.25.self_attn.k_norm.weight]\u001b[A\n"}
,{"stream_name":"stderr","time":169.919280804,"data":"\rLoading weights:  71%|███████   | 283/398 [00:20\u003c00:08, 13.25it/s, Materializing param=model.layers.25.self_attn.k_proj.weight]\u001b[A\n"}
,{"stream_name":"stderr","time":169.919765144,"data":"\rLoading weights:  71%|███████   | 283/398 [00:20\u003c00:08, 13.25it/s, Materializing param=model.layers.25.self_attn.k_proj.weight]\u001b[A\n"}
,{"stream_name":"stderr","time":169.919999742,"data":"\rLoading weights:  71%|███████▏  | 284/398 [00:20\u003c00:08, 13.25it/s, Materializing param=model.layers.25.self_attn.o_proj.weight]\u001b[A\n"}
,{"stream_name":"stderr","time":169.920330575,"data":"\rLoading weights:  71%|███████▏  | 284/398 [00:20\u003c00:08, 13.25it/s, Materializing param=model.layers.25.self_attn.o_proj.weight]\u001b[A\n"}
,{"stream_name":"stderr","time":169.920477454,"data":"\rLoading weights:  72%|███████▏  | 285/398 [00:20\u003c00:08, 13.25it/s, Materializing param=model.layers.25.self_attn.q_norm.weight]\u001b[A\n"}
,{"stream_name":"stderr","time":169.920789147,"data":"\rLoading weights:  72%|███████▏  | 285/398 [00:20\u003c00:08, 13.25it/s, Materializing param=model.layers.25.self_attn.q_norm.weight]\u001b[A\n"}
,{"stream_name":"stderr","time":169.920916549,"data":"\rLoading weights:  72%|███████▏  | 286/398 [00:20\u003c00:08, 13.25it/s, Materializing param=model.layers.25.self_attn.q_proj.weight]\u001b[A\n"}
,{"stream_name":"stderr","time":169.921186314,"data":"\rLoading weights:  72%|███████▏  | 286/398 [00:20\u003c00:08, 13.25it/s, Materializing param=model.layers.25.self_attn.q_proj.weight]\u001b[A\n"}
,{"stream_name":"stderr","time":169.921295986,"data":"\rLoading weights:  72%|███████▏  | 287/398 [00:20\u003c00:08, 13.25it/s, Materializing param=model.layers.25.self_attn.v_proj.weight]\u001b[A\n"}
,{"stream_name":"stderr","time":169.921565049,"data":"\rLoading weights:  72%|███████▏  | 287/398 [00:20\u003c00:08, 13.25it/s, Materializing param=model.layers.25.self_attn.v_proj.weight]\u001b[A\n"}
,{"stream_name":"stderr","time":169.921655173,"data":"\rLoading weights:  72%|███████▏  | 288/398 [00:20\u003c00:08, 13.25it/s, Materializing param=model.layers.26.input_layernorm.weight] \u001b[A\n"}
,{"stream_name":"stderr","time":169.921976469,"data":"\rLoading weights:  72%|███████▏  | 288/398 [00:20\u003c00:08, 13.25it/s, Materializing param=model.layers.26.input_layernorm.weight]\u001b[A\n"}
,{"stream_name":"stderr","time":169.922089189,"data":"\rLoading weights:  73%|███████▎  | 289/398 [00:20\u003c00:08, 13.25it/s, Materializing param=model.layers.26.mlp.down_proj.weight]  \u001b[A\n"}
,{"stream_name":"stderr","time":170.61414915699999,"data":"\rLoading weights:  73%|███████▎  | 289/398 [00:20\u003c00:08, 13.25it/s, Materializing param=model.layers.26.mlp.down_proj.weight]\u001b[A\n"}
,{"stream_name":"stderr","time":170.614735399,"data":"\rLoading weights:  73%|███████▎  | 290/398 [00:20\u003c00:08, 13.46it/s, Materializing param=model.layers.26.mlp.down_proj.weight]\u001b[A\n"}
,{"stream_name":"stderr","time":170.615030468,"data":"\rLoading weights:  73%|███████▎  | 290/398 [00:20\u003c00:08, 13.46it/s, Materializing param=model.layers.26.mlp.gate_proj.weight]\u001b[A\n"}
,{"stream_name":"stderr","time":170.701994687,"data":"\rLoading weights:  73%|███████▎  | 290/398 [00:20\u003c00:08, 13.46it/s, Materializing param=model.layers.26.mlp.gate_proj.weight]\u001b[A\n"}
,{"stream_name":"stderr","time":170.702189893,"data":"\rLoading weights:  73%|███████▎  | 291/398 [00:21\u003c00:07, 13.46it/s, Materializing param=model.layers.26.mlp.up_proj.weight]  \u001b[A\n"}
,{"stream_name":"stderr","time":170.707323712,"data":"\rLoading weights:  73%|███████▎  | 291/398 [00:21\u003c00:07, 13.46it/s, Materializing param=model.layers.26.mlp.up_proj.weight]\u001b[A\n"}
,{"stream_name":"stderr","time":170.708402998,"data":"\rLoading weights:  73%|███████▎  | 292/398 [00:21\u003c00:07, 13.46it/s, Materializing param=model.layers.26.post_attention_layernorm.weight]\u001b[A\n"}
,{"stream_name":"stderr","time":170.708793401,"data":"\rLoading weights:  73%|███████▎  | 292/398 [00:21\u003c00:07, 13.46it/s, Materializing param=model.layers.26.post_attention_layernorm.weight]\u001b[A\n"}
,{"stream_name":"stderr","time":170.713318544,"data":"\rLoading weights:  74%|███████▎  | 293/398 [00:21\u003c00:07, 13.46it/s, Materializing param=model.layers.26.self_attn.k_norm.weight]        \u001b[A\n"}
,{"stream_name":"stderr","time":170.71369146,"data":"\rLoading weights:  74%|███████▎  | 293/398 [00:21\u003c00:07, 13.46it/s, Materializing param=model.layers.26.self_attn.k_norm.weight]\u001b[A\n"}
,{"stream_name":"stderr","time":170.713881471,"data":"\rLoading weights:  74%|███████▍  | 294/398 [00:21\u003c00:07, 13.46it/s, Materializing param=model.layers.26.self_attn.k_proj.weight]\u001b[A\n"}
,{"stream_name":"stderr","time":170.7150482,"data":"\rLoading weights:  74%|███████▍  | 294/398 [00:21\u003c00:07, 13.46it/s, Materializing param=model.layers.26.self_attn.k_proj.weight]\u001b[A\n"}
,{"stream_name":"stderr","time":170.715321104,"data":"\rLoading weights:  74%|███████▍  | 295/398 [00:21\u003c00:06, 15.36it/s, Materializing param=model.layers.26.self_attn.k_proj.weight]\u001b[A\n"}
,{"stream_name":"stderr","time":170.715430727,"data":"\rLoading weights:  74%|███████▍  | 295/398 [00:21\u003c00:06, 15.36it/s, Materializing param=model.layers.26.self_attn.o_proj.weight]\u001b[A\n"}
,{"stream_name":"stderr","time":170.715876143,"data":"\rLoading weights:  74%|███████▍  | 295/398 [00:21\u003c00:06, 15.36it/s, Materializing param=model.layers.26.self_attn.o_proj.weight]\u001b[A\n"}
,{"stream_name":"stderr","time":170.716011781,"data":"\rLoading weights:  74%|███████▍  | 296/398 [00:21\u003c00:06, 15.36it/s, Materializing param=model.layers.26.self_attn.q_norm.weight]\u001b[A\n"}
,{"stream_name":"stderr","time":170.71635295,"data":"\rLoading weights:  74%|███████▍  | 296/398 [00:21\u003c00:06, 15.36it/s, Materializing param=model.layers.26.self_attn.q_norm.weight]\u001b[A\n"}
,{"stream_name":"stderr","time":170.716748837,"data":"\rLoading weights:  75%|███████▍  | 297/398 [00:21\u003c00:06, 15.36it/s, Materializing param=model.layers.26.self_attn.q_proj.weight]\u001b[A\n"}
,{"stream_name":"stderr","time":170.716766473,"data":"\rLoading weights:  75%|███████▍  | 297/398 [00:21\u003c00:06, 15.36it/s, Materializing param=model.layers.26.self_attn.q_proj.weight]\u001b[A\n"}
,{"stream_name":"stderr","time":170.716769857,"data":"\rLoading weights:  75%|███████▍  | 298/398 [00:21\u003c00:06, 15.36it/s, Materializing param=model.layers.26.self_attn.v_proj.weight]\u001b[A\n"}
,{"stream_name":"stderr","time":170.717001063,"data":"\rLoading weights:  75%|███████▍  | 298/398 [00:21\u003c00:06, 15.36it/s, Materializing param=model.layers.26.self_attn.v_proj.weight]\u001b[A\n"}
,{"stream_name":"stderr","time":170.717117791,"data":"\rLoading weights:  75%|███████▌  | 299/398 [00:21\u003c00:06, 15.36it/s, Materializing param=model.layers.27.input_layernorm.weight] \u001b[A\n"}
,{"stream_name":"stderr","time":170.717360175,"data":"\rLoading weights:  75%|███████▌  | 299/398 [00:21\u003c00:06, 15.36it/s, Materializing param=model.layers.27.input_layernorm.weight]\u001b[A\n"}
,{"stream_name":"stderr","time":170.717447366,"data":"\rLoading weights:  75%|███████▌  | 300/398 [00:21\u003c00:06, 15.36it/s, Materializing param=model.layers.27.mlp.down_proj.weight]  \u001b[A\n"}
,{"stream_name":"stderr","time":171.517477369,"data":"\rLoading weights:  75%|███████▌  | 300/398 [00:21\u003c00:06, 15.36it/s, Materializing param=model.layers.27.mlp.down_proj.weight]\u001b[A\n"}
,{"stream_name":"stderr","time":171.51843663,"data":"\rLoading weights:  76%|███████▌  | 301/398 [00:21\u003c00:07, 12.41it/s, Materializing param=model.layers.27.mlp.down_proj.weight]\u001b[A\n"}
,{"stream_name":"stderr","time":171.518595415,"data":"\rLoading weights:  76%|███████▌  | 301/398 [00:21\u003c00:07, 12.41it/s, Materializing param=model.layers.27.mlp.gate_proj.weight]\u001b[A\n"}
,{"stream_name":"stderr","time":171.518859891,"data":"\rLoading weights:  76%|███████▌  | 301/398 [00:21\u003c00:07, 12.41it/s, Materializing param=model.layers.27.mlp.gate_proj.weight]\u001b[A\n"}
,{"stream_name":"stderr","time":171.518981199,"data":"\rLoading weights:  76%|███████▌  | 302/398 [00:21\u003c00:07, 12.41it/s, Materializing param=model.layers.27.mlp.up_proj.weight]  \u001b[A\n"}
,{"stream_name":"stderr","time":171.519876902,"data":"\rLoading weights:  76%|███████▌  | 302/398 [00:21\u003c00:07, 12.41it/s, Materializing param=model.layers.27.mlp.up_proj.weight]\u001b[A\n"}
,{"stream_name":"stderr","time":171.519894231,"data":"\rLoading weights:  76%|███████▌  | 303/398 [00:21\u003c00:07, 12.41it/s, Materializing param=model.layers.27.post_attention_layernorm.weight]\u001b[A\n"}
,{"stream_name":"stderr","time":171.51991216,"data":"\rLoading weights:  76%|███████▌  | 303/398 [00:21\u003c00:07, 12.41it/s, Materializing param=model.layers.27.post_attention_layernorm.weight]\u001b[A\n"}
,{"stream_name":"stderr","time":171.519917634,"data":"\rLoading weights:  76%|███████▋  | 304/398 [00:21\u003c00:07, 12.41it/s, Materializing param=model.layers.27.self_attn.k_norm.weight]        \u001b[A\n"}
,{"stream_name":"stderr","time":171.520122157,"data":"\rLoading weights:  76%|███████▋  | 304/398 [00:21\u003c00:07, 12.41it/s, Materializing param=model.layers.27.self_attn.k_norm.weight]\u001b[A\n"}
,{"stream_name":"stderr","time":171.5202755,"data":"\rLoading weights:  77%|███████▋  | 305/398 [00:21\u003c00:07, 12.41it/s, Materializing param=model.layers.27.self_attn.k_proj.weight]\u001b[A\n"}
,{"stream_name":"stderr","time":171.52129031,"data":"\rLoading weights:  77%|███████▋  | 305/398 [00:21\u003c00:07, 12.41it/s, Materializing param=model.layers.27.self_attn.k_proj.weight]\u001b[A\n"}
,{"stream_name":"stderr","time":171.521318483,"data":"\rLoading weights:  77%|███████▋  | 306/398 [00:21\u003c00:07, 12.41it/s, Materializing param=model.layers.27.self_attn.o_proj.weight]\u001b[A\n"}
,{"stream_name":"stderr","time":171.521328185,"data":"\rLoading weights:  77%|███████▋  | 306/398 [00:21\u003c00:07, 12.41it/s, Materializing param=model.layers.27.self_attn.o_proj.weight]\u001b[A\n"}
,{"stream_name":"stderr","time":171.521479574,"data":"\rLoading weights:  77%|███████▋  | 307/398 [00:21\u003c00:07, 12.41it/s, Materializing param=model.layers.27.self_attn.q_norm.weight]\u001b[A\n"}
,{"stream_name":"stderr","time":171.521489619,"data":"\rLoading weights:  77%|███████▋  | 307/398 [00:21\u003c00:07, 12.41it/s, Materializing param=model.layers.27.self_attn.q_norm.weight]\u001b[A\n"}
,{"stream_name":"stderr","time":171.521494282,"data":"\rLoading weights:  77%|███████▋  | 308/398 [00:21\u003c00:07, 12.41it/s, Materializing param=model.layers.27.self_attn.q_proj.weight]\u001b[A\n"}
,{"stream_name":"stderr","time":171.52181999,"data":"\rLoading weights:  77%|███████▋  | 308/398 [00:21\u003c00:07, 12.41it/s, Materializing param=model.layers.27.self_attn.q_proj.weight]\u001b[A\n"}
,{"stream_name":"stderr","time":171.522017688,"data":"\rLoading weights:  78%|███████▊  | 309/398 [00:21\u003c00:07, 12.41it/s, Materializing param=model.layers.27.self_attn.v_proj.weight]\u001b[A\n"}
,{"stream_name":"stderr","time":171.56629733,"data":"\rLoading weights:  78%|███████▊  | 309/398 [00:21\u003c00:07, 12.41it/s, Materializing param=model.layers.27.self_attn.v_proj.weight]\u001b[A\n"}
,{"stream_name":"stderr","time":171.566530533,"data":"\rLoading weights:  78%|███████▊  | 310/398 [00:21\u003c00:07, 12.41it/s, Materializing param=model.layers.28.input_layernorm.weight] \u001b[A\n"}
,{"stream_name":"stderr","time":171.567354808,"data":"\rLoading weights:  78%|███████▊  | 310/398 [00:21\u003c00:07, 12.41it/s, Materializing param=model.layers.28.input_layernorm.weight]\u001b[A\n"}
,{"stream_name":"stderr","time":171.567775993,"data":"\rLoading weights:  78%|███████▊  | 311/398 [00:21\u003c00:07, 12.41it/s, Materializing param=model.layers.28.mlp.down_proj.weight]  \u001b[A\n"}
,{"stream_name":"stderr","time":172.291158617,"data":"\rLoading weights:  78%|███████▊  | 311/398 [00:21\u003c00:07, 12.41it/s, Materializing param=model.layers.28.mlp.down_proj.weight]\u001b[A\n"}
,{"stream_name":"stderr","time":172.291192766,"data":"\rLoading weights:  78%|███████▊  | 312/398 [00:22\u003c00:06, 13.02it/s, Materializing param=model.layers.28.mlp.down_proj.weight]\u001b[A\n"}
,{"stream_name":"stderr","time":172.291311717,"data":"\rLoading weights:  78%|███████▊  | 312/398 [00:22\u003c00:06, 13.02it/s, Materializing param=model.layers.28.mlp.gate_proj.weight]\u001b[A\n"}
,{"stream_name":"stderr","time":172.305367655,"data":"\rLoading weights:  78%|███████▊  | 312/398 [00:22\u003c00:06, 13.02it/s, Materializing param=model.layers.28.mlp.gate_proj.weight]\u001b[A\n"}
,{"stream_name":"stderr","time":172.305578133,"data":"\rLoading weights:  79%|███████▊  | 313/398 [00:22\u003c00:06, 13.02it/s, Materializing param=model.layers.28.mlp.up_proj.weight]  \u001b[A\n"}
,{"stream_name":"stderr","time":172.305990094,"data":"\rLoading weights:  79%|███████▊  | 313/398 [00:22\u003c00:06, 13.02it/s, Materializing param=model.layers.28.mlp.up_proj.weight]\u001b[A\n"}
,{"stream_name":"stderr","time":172.319421089,"data":"\rLoading weights:  79%|███████▉  | 314/398 [00:22\u003c00:06, 13.02it/s, Materializing param=model.layers.28.post_attention_layernorm.weight]\u001b[A\n"}
,{"stream_name":"stderr","time":172.319439374,"data":"\rLoading weights:  79%|███████▉  | 314/398 [00:22\u003c00:06, 13.02it/s, Materializing param=model.layers.28.post_attention_layernorm.weight]\u001b[A\n"}
,{"stream_name":"stderr","time":172.319444592,"data":"\rLoading weights:  79%|███████▉  | 315/398 [00:22\u003c00:06, 13.02it/s, Materializing param=model.layers.28.self_attn.k_norm.weight]        \u001b[A\n"}
,{"stream_name":"stderr","time":172.320799575,"data":"\rLoading weights:  79%|███████▉  | 315/398 [00:22\u003c00:06, 13.02it/s, Materializing param=model.layers.28.self_attn.k_norm.weight]\u001b[A\n"}
,{"stream_name":"stderr","time":172.320822518,"data":"\rLoading weights:  79%|███████▉  | 316/398 [00:22\u003c00:06, 13.02it/s, Materializing param=model.layers.28.self_attn.k_proj.weight]\u001b[A\n"}
,{"stream_name":"stderr","time":172.320842065,"data":"\rLoading weights:  79%|███████▉  | 316/398 [00:22\u003c00:06, 13.02it/s, Materializing param=model.layers.28.self_attn.k_proj.weight]\u001b[A\n"}
,{"stream_name":"stderr","time":172.320846783,"data":"\rLoading weights:  80%|███████▉  | 317/398 [00:22\u003c00:06, 13.02it/s, Materializing param=model.layers.28.self_attn.o_proj.weight]\u001b[A\n"}
,{"stream_name":"stderr","time":172.320851464,"data":"\rLoading weights:  80%|███████▉  | 317/398 [00:22\u003c00:06, 13.02it/s, Materializing param=model.layers.28.self_attn.o_proj.weight]\u001b[A\n"}
,{"stream_name":"stderr","time":172.320856676,"data":"\rLoading weights:  80%|███████▉  | 318/398 [00:22\u003c00:06, 13.02it/s, Materializing param=model.layers.28.self_attn.q_norm.weight]\u001b[A\n"}
,{"stream_name":"stderr","time":172.321184981,"data":"\rLoading weights:  80%|███████▉  | 318/398 [00:22\u003c00:06, 13.02it/s, Materializing param=model.layers.28.self_attn.q_norm.weight]\u001b[A\n"}
,{"stream_name":"stderr","time":172.321383907,"data":"\rLoading weights:  80%|████████  | 319/398 [00:22\u003c00:06, 13.02it/s, Materializing param=model.layers.28.self_attn.q_proj.weight]\u001b[A\n"}
,{"stream_name":"stderr","time":172.337655639,"data":"\rLoading weights:  80%|████████  | 319/398 [00:22\u003c00:06, 13.02it/s, Materializing param=model.layers.28.self_attn.q_proj.weight]\u001b[A\n"}
,{"stream_name":"stderr","time":172.337996069,"data":"\rLoading weights:  80%|████████  | 320/398 [00:22\u003c00:05, 13.02it/s, Materializing param=model.layers.28.self_attn.v_proj.weight]\u001b[A\n"}
,{"stream_name":"stderr","time":172.369743322,"data":"\rLoading weights:  80%|████████  | 320/398 [00:22\u003c00:05, 13.02it/s, Materializing param=model.layers.28.self_attn.v_proj.weight]\u001b[A\n"}
,{"stream_name":"stderr","time":172.371199869,"data":"\rLoading weights:  81%|████████  | 321/398 [00:22\u003c00:05, 13.02it/s, Materializing param=model.layers.29.input_layernorm.weight] \u001b[A\n"}
,{"stream_name":"stderr","time":172.37152683,"data":"\rLoading weights:  81%|████████  | 321/398 [00:22\u003c00:05, 13.02it/s, Materializing param=model.layers.29.input_layernorm.weight]\u001b[A\n"}
,{"stream_name":"stderr","time":172.371688928,"data":"\rLoading weights:  81%|████████  | 322/398 [00:22\u003c00:05, 13.02it/s, Materializing param=model.layers.29.mlp.down_proj.weight]  \u001b[A\n"}
,{"stream_name":"stderr","time":173.088489301,"data":"\rLoading weights:  81%|████████  | 322/398 [00:22\u003c00:05, 13.02it/s, Materializing param=model.layers.29.mlp.down_proj.weight]\u001b[A\n"}
,{"stream_name":"stderr","time":173.089694976,"data":"\rLoading weights:  81%|████████  | 323/398 [00:23\u003c00:05, 13.28it/s, Materializing param=model.layers.29.mlp.down_proj.weight]\u001b[A\n"}
,{"stream_name":"stderr","time":173.089717071,"data":"\rLoading weights:  81%|████████  | 323/398 [00:23\u003c00:05, 13.28it/s, Materializing param=model.layers.29.mlp.gate_proj.weight]\u001b[A\n"}
,{"stream_name":"stderr","time":173.104346779,"data":"\rLoading weights:  81%|████████  | 323/398 [00:23\u003c00:05, 13.28it/s, Materializing param=model.layers.29.mlp.gate_proj.weight]\u001b[A\n"}
,{"stream_name":"stderr","time":173.104373028,"data":"\rLoading weights:  81%|████████▏ | 324/398 [00:23\u003c00:05, 13.28it/s, Materializing param=model.layers.29.mlp.up_proj.weight]  \u001b[A\n"}
,{"stream_name":"stderr","time":173.119694751,"data":"\rLoading weights:  81%|████████▏ | 324/398 [00:23\u003c00:05, 13.28it/s, Materializing param=model.layers.29.mlp.up_proj.weight]\u001b[A\n"}
,{"stream_name":"stderr","time":173.120010769,"data":"\rLoading weights:  82%|████████▏ | 325/398 [00:23\u003c00:05, 13.28it/s, Materializing param=model.layers.29.post_attention_layernorm.weight]\u001b[A\n"}
,{"stream_name":"stderr","time":173.12038995,"data":"\rLoading weights:  82%|████████▏ | 325/398 [00:23\u003c00:05, 13.28it/s, Materializing param=model.layers.29.post_attention_layernorm.weight]\u001b[A\n"}
,{"stream_name":"stderr","time":173.120742944,"data":"\rLoading weights:  82%|████████▏ | 326/398 [00:23\u003c00:05, 13.28it/s, Materializing param=model.layers.29.self_attn.k_norm.weight]        \u001b[A\n"}
,{"stream_name":"stderr","time":173.121516186,"data":"\rLoading weights:  82%|████████▏ | 326/398 [00:23\u003c00:05, 13.28it/s, Materializing param=model.layers.29.self_attn.k_norm.weight]\u001b[A\n"}
,{"stream_name":"stderr","time":173.12166108,"data":"\rLoading weights:  82%|████████▏ | 327/398 [00:23\u003c00:05, 13.28it/s, Materializing param=model.layers.29.self_attn.k_proj.weight]\u001b[A\n"}
,{"stream_name":"stderr","time":173.121904529,"data":"\rLoading weights:  82%|████████▏ | 327/398 [00:23\u003c00:05, 13.28it/s, Materializing param=model.layers.29.self_attn.k_proj.weight]\u001b[A\n"}
,{"stream_name":"stderr","time":173.121987067,"data":"\rLoading weights:  82%|████████▏ | 328/398 [00:23\u003c00:05, 13.28it/s, Materializing param=model.layers.29.self_attn.o_proj.weight]\u001b[A\n"}
,{"stream_name":"stderr","time":173.122239618,"data":"\rLoading weights:  82%|████████▏ | 328/398 [00:23\u003c00:05, 13.28it/s, Materializing param=model.layers.29.self_attn.o_proj.weight]\u001b[A\n"}
,{"stream_name":"stderr","time":173.122336387,"data":"\rLoading weights:  83%|████████▎ | 329/398 [00:23\u003c00:05, 13.28it/s, Materializing param=model.layers.29.self_attn.q_norm.weight]\u001b[A\n"}
,{"stream_name":"stderr","time":173.122586744,"data":"\rLoading weights:  83%|████████▎ | 329/398 [00:23\u003c00:05, 13.28it/s, Materializing param=model.layers.29.self_attn.q_norm.weight]\u001b[A\n"}
,{"stream_name":"stderr","time":173.122709438,"data":"\rLoading weights:  83%|████████▎ | 330/398 [00:23\u003c00:05, 13.28it/s, Materializing param=model.layers.29.self_attn.q_proj.weight]\u001b[A\n"}
,{"stream_name":"stderr","time":173.151313404,"data":"\rLoading weights:  83%|████████▎ | 330/398 [00:23\u003c00:05, 13.28it/s, Materializing param=model.layers.29.self_attn.q_proj.weight]\u001b[A\n"}
,{"stream_name":"stderr","time":173.151566137,"data":"\rLoading weights:  83%|████████▎ | 331/398 [00:23\u003c00:05, 13.28it/s, Materializing param=model.layers.29.self_attn.v_proj.weight]\u001b[A\n"}
,{"stream_name":"stderr","time":173.171012021,"data":"\rLoading weights:  83%|████████▎ | 331/398 [00:23\u003c00:05, 13.28it/s, Materializing param=model.layers.29.self_attn.v_proj.weight]\u001b[A\n"}
,{"stream_name":"stderr","time":173.171755956,"data":"\rLoading weights:  83%|████████▎ | 332/398 [00:23\u003c00:04, 13.28it/s, Materializing param=model.layers.30.input_layernorm.weight] \u001b[A\n"}
,{"stream_name":"stderr","time":173.172910249,"data":"\rLoading weights:  83%|████████▎ | 332/398 [00:23\u003c00:04, 13.28it/s, Materializing param=model.layers.30.input_layernorm.weight]\u001b[A\n"}
,{"stream_name":"stderr","time":173.173076352,"data":"\rLoading weights:  84%|████████▎ | 333/398 [00:23\u003c00:04, 13.28it/s, Materializing param=model.layers.30.mlp.down_proj.weight]  \u001b[A\n"}
,{"stream_name":"stderr","time":173.88313122,"data":"\rLoading weights:  84%|████████▎ | 333/398 [00:23\u003c00:04, 13.28it/s, Materializing param=model.layers.30.mlp.down_proj.weight]\u001b[A\n"}
,{"stream_name":"stderr","time":173.89625204,"data":"\rLoading weights:  84%|████████▍ | 334/398 [00:24\u003c00:04, 13.46it/s, Materializing param=model.layers.30.mlp.down_proj.weight]\u001b[A\n"}
,{"stream_name":"stderr","time":173.896345253,"data":"\rLoading weights:  84%|████████▍ | 334/398 [00:24\u003c00:04, 13.46it/s, Materializing param=model.layers.30.mlp.gate_proj.weight]\u001b[A\n"}
,{"stream_name":"stderr","time":173.896665093,"data":"\rLoading weights:  84%|████████▍ | 334/398 [00:24\u003c00:04, 13.46it/s, Materializing param=model.layers.30.mlp.gate_proj.weight]\u001b[A\n"}
,{"stream_name":"stderr","time":173.897155351,"data":"\rLoading weights:  84%|████████▍ | 335/398 [00:24\u003c00:04, 13.46it/s, Materializing param=model.layers.30.mlp.up_proj.weight]  \u001b[A\n"}
,{"stream_name":"stderr","time":173.928010538,"data":"\rLoading weights:  84%|████████▍ | 335/398 [00:24\u003c00:04, 13.46it/s, Materializing param=model.layers.30.mlp.up_proj.weight]\u001b[A\n"}
,{"stream_name":"stderr","time":173.928250574,"data":"\rLoading weights:  84%|████████▍ | 336/398 [00:24\u003c00:04, 13.46it/s, Materializing param=model.layers.30.post_attention_layernorm.weight]\u001b[A\n"}
,{"stream_name":"stderr","time":173.928700023,"data":"\rLoading weights:  84%|████████▍ | 336/398 [00:24\u003c00:04, 13.46it/s, Materializing param=model.layers.30.post_attention_layernorm.weight]\u001b[A\n"}
,{"stream_name":"stderr","time":173.928852974,"data":"\rLoading weights:  85%|████████▍ | 337/398 [00:24\u003c00:04, 13.46it/s, Materializing param=model.layers.30.self_attn.k_norm.weight]        \u001b[A\n"}
,{"stream_name":"stderr","time":173.929137807,"data":"\rLoading weights:  85%|████████▍ | 337/398 [00:24\u003c00:04, 13.46it/s, Materializing param=model.layers.30.self_attn.k_norm.weight]\u001b[A\n"}
,{"stream_name":"stderr","time":173.929297571,"data":"\rLoading weights:  85%|████████▍ | 338/398 [00:24\u003c00:04, 13.46it/s, Materializing param=model.layers.30.self_attn.k_proj.weight]\u001b[A\n"}
,{"stream_name":"stderr","time":173.929587092,"data":"\rLoading weights:  85%|████████▍ | 338/398 [00:24\u003c00:04, 13.46it/s, Materializing param=model.layers.30.self_attn.k_proj.weight]\u001b[A\n"}
,{"stream_name":"stderr","time":173.929688873,"data":"\rLoading weights:  85%|████████▌ | 339/398 [00:24\u003c00:04, 13.46it/s, Materializing param=model.layers.30.self_attn.o_proj.weight]\u001b[A\n"}
,{"stream_name":"stderr","time":173.930157394,"data":"\rLoading weights:  85%|████████▌ | 339/398 [00:24\u003c00:04, 13.46it/s, Materializing param=model.layers.30.self_attn.o_proj.weight]\u001b[A\n"}
,{"stream_name":"stderr","time":173.930178415,"data":"\rLoading weights:  85%|████████▌ | 340/398 [00:24\u003c00:04, 13.46it/s, Materializing param=model.layers.30.self_attn.q_norm.weight]\u001b[A\n"}
,{"stream_name":"stderr","time":173.930504493,"data":"\rLoading weights:  85%|████████▌ | 340/398 [00:24\u003c00:04, 13.46it/s, Materializing param=model.layers.30.self_attn.q_norm.weight]\u001b[A\n"}
,{"stream_name":"stderr","time":173.93063872,"data":"\rLoading weights:  86%|████████▌ | 341/398 [00:24\u003c00:04, 13.46it/s, Materializing param=model.layers.30.self_attn.q_proj.weight]\u001b[A\n"}
,{"stream_name":"stderr","time":173.949237455,"data":"\rLoading weights:  86%|████████▌ | 341/398 [00:24\u003c00:04, 13.46it/s, Materializing param=model.layers.30.self_attn.q_proj.weight]\u001b[A\n"}
,{"stream_name":"stderr","time":173.949372838,"data":"\rLoading weights:  86%|████████▌ | 342/398 [00:24\u003c00:04, 13.46it/s, Materializing param=model.layers.30.self_attn.v_proj.weight]\u001b[A\n"}
,{"stream_name":"stderr","time":173.968714367,"data":"\rLoading weights:  86%|████████▌ | 342/398 [00:24\u003c00:04, 13.46it/s, Materializing param=model.layers.30.self_attn.v_proj.weight]\u001b[A\n"}
,{"stream_name":"stderr","time":173.96905632,"data":"\rLoading weights:  86%|████████▌ | 343/398 [00:24\u003c00:04, 13.46it/s, Materializing param=model.layers.31.input_layernorm.weight] \u001b[A\n"}
,{"stream_name":"stderr","time":173.969384126,"data":"\rLoading weights:  86%|████████▌ | 343/398 [00:24\u003c00:04, 13.46it/s, Materializing param=model.layers.31.input_layernorm.weight]\u001b[A\n"}
,{"stream_name":"stderr","time":173.970342504,"data":"\rLoading weights:  86%|████████▋ | 344/398 [00:24\u003c00:04, 13.46it/s, Materializing param=model.layers.31.mlp.down_proj.weight]  \u001b[A\n"}
,{"stream_name":"stderr","time":174.795267842,"data":"\rLoading weights:  86%|████████▋ | 344/398 [00:24\u003c00:04, 13.46it/s, Materializing param=model.layers.31.mlp.down_proj.weight]\u001b[A\n"}
,{"stream_name":"stderr","time":174.795561807,"data":"\rLoading weights:  87%|████████▋ | 345/398 [00:25\u003c00:04, 12.98it/s, Materializing param=model.layers.31.mlp.down_proj.weight]\u001b[A\n"}
,{"stream_name":"stderr","time":174.795962134,"data":"\rLoading weights:  87%|████████▋ | 345/398 [00:25\u003c00:04, 12.98it/s, Materializing param=model.layers.31.mlp.gate_proj.weight]\u001b[A\n"}
,{"stream_name":"stderr","time":174.873365671,"data":"\rLoading weights:  87%|████████▋ | 345/398 [00:25\u003c00:04, 12.98it/s, Materializing param=model.layers.31.mlp.gate_proj.weight]\u001b[A\n"}
,{"stream_name":"stderr","time":174.873600318,"data":"\rLoading weights:  87%|████████▋ | 346/398 [00:25\u003c00:04, 12.98it/s, Materializing param=model.layers.31.mlp.up_proj.weight]  \u001b[A\n"}
,{"stream_name":"stderr","time":174.978071763,"data":"\rLoading weights:  87%|████████▋ | 346/398 [00:25\u003c00:04, 12.98it/s, Materializing param=model.layers.31.mlp.up_proj.weight]\u001b[A\n"}
,{"stream_name":"stderr","time":174.978327009,"data":"\rLoading weights:  87%|████████▋ | 347/398 [00:25\u003c00:03, 12.79it/s, Materializing param=model.layers.31.mlp.up_proj.weight]\u001b[A\n"}
,{"stream_name":"stderr","time":174.978501437,"data":"\rLoading weights:  87%|████████▋ | 347/398 [00:25\u003c00:03, 12.79it/s, Materializing param=model.layers.31.post_attention_layernorm.weight]\u001b[A\n"}
,{"stream_name":"stderr","time":174.978918213,"data":"\rLoading weights:  87%|████████▋ | 347/398 [00:25\u003c00:03, 12.79it/s, Materializing param=model.layers.31.post_attention_layernorm.weight]\u001b[A\n"}
,{"stream_name":"stderr","time":174.979072476,"data":"\rLoading weights:  87%|████████▋ | 348/398 [00:25\u003c00:03, 12.79it/s, Materializing param=model.layers.31.self_attn.k_norm.weight]        \u001b[A\n"}
,{"stream_name":"stderr","time":174.979364899,"data":"\rLoading weights:  87%|████████▋ | 348/398 [00:25\u003c00:03, 12.79it/s, Materializing param=model.layers.31.self_attn.k_norm.weight]\u001b[A\n"}
,{"stream_name":"stderr","time":174.979758774,"data":"\rLoading weights:  88%|████████▊ | 349/398 [00:25\u003c00:03, 12.79it/s, Materializing param=model.layers.31.self_attn.k_proj.weight]\u001b[A\n"}
,{"stream_name":"stderr","time":174.979778055,"data":"\rLoading weights:  88%|████████▊ | 349/398 [00:25\u003c00:03, 12.79it/s, Materializing param=model.layers.31.self_attn.k_proj.weight]\u001b[A\n"}
,{"stream_name":"stderr","time":174.979781843,"data":"\rLoading weights:  88%|████████▊ | 350/398 [00:25\u003c00:03, 12.79it/s, Materializing param=model.layers.31.self_attn.o_proj.weight]\u001b[A\n"}
,{"stream_name":"stderr","time":174.980054359,"data":"\rLoading weights:  88%|████████▊ | 350/398 [00:25\u003c00:03, 12.79it/s, Materializing param=model.layers.31.self_attn.o_proj.weight]\u001b[A\n"}
,{"stream_name":"stderr","time":174.980143714,"data":"\rLoading weights:  88%|████████▊ | 351/398 [00:25\u003c00:03, 12.79it/s, Materializing param=model.layers.31.self_attn.q_norm.weight]\u001b[A\n"}
,{"stream_name":"stderr","time":174.980445447,"data":"\rLoading weights:  88%|████████▊ | 351/398 [00:25\u003c00:03, 12.79it/s, Materializing param=model.layers.31.self_attn.q_norm.weight]\u001b[A\n"}
,{"stream_name":"stderr","time":174.980530795,"data":"\rLoading weights:  88%|████████▊ | 352/398 [00:25\u003c00:03, 12.79it/s, Materializing param=model.layers.31.self_attn.q_proj.weight]\u001b[A\n"}
,{"stream_name":"stderr","time":175.016748441,"data":"\rLoading weights:  88%|████████▊ | 352/398 [00:25\u003c00:03, 12.79it/s, Materializing param=model.layers.31.self_attn.q_proj.weight]\u001b[A\n"}
,{"stream_name":"stderr","time":175.016857837,"data":"\rLoading weights:  89%|████████▊ | 353/398 [00:25\u003c00:03, 12.79it/s, Materializing param=model.layers.31.self_attn.v_proj.weight]\u001b[A\n"}
,{"stream_name":"stderr","time":175.041791979,"data":"\rLoading weights:  89%|████████▊ | 353/398 [00:25\u003c00:03, 12.79it/s, Materializing param=model.layers.31.self_attn.v_proj.weight]\u001b[A\n"}
,{"stream_name":"stderr","time":175.041976062,"data":"\rLoading weights:  89%|████████▉ | 354/398 [00:25\u003c00:03, 12.79it/s, Materializing param=model.layers.32.input_layernorm.weight] \u001b[A\n"}
,{"stream_name":"stderr","time":175.042326368,"data":"\rLoading weights:  89%|████████▉ | 354/398 [00:25\u003c00:03, 12.79it/s, Materializing param=model.layers.32.input_layernorm.weight]\u001b[A\n"}
,{"stream_name":"stderr","time":175.042728481,"data":"\rLoading weights:  89%|████████▉ | 355/398 [00:25\u003c00:03, 12.79it/s, Materializing param=model.layers.32.mlp.down_proj.weight]  \u001b[A\n"}
,{"stream_name":"stderr","time":176.134326596,"data":"\rLoading weights:  89%|████████▉ | 355/398 [00:25\u003c00:03, 12.79it/s, Materializing param=model.layers.32.mlp.down_proj.weight]\u001b[A\n"}
,{"stream_name":"stderr","time":176.134548283,"data":"\rLoading weights:  89%|████████▉ | 356/398 [00:26\u003c00:03, 10.55it/s, Materializing param=model.layers.32.mlp.down_proj.weight]\u001b[A\n"}
,{"stream_name":"stderr","time":176.134736549,"data":"\rLoading weights:  89%|████████▉ | 356/398 [00:26\u003c00:03, 10.55it/s, Materializing param=model.layers.32.mlp.gate_proj.weight]\u001b[A\n"}
,{"stream_name":"stderr","time":176.175562682,"data":"\rLoading weights:  89%|████████▉ | 356/398 [00:26\u003c00:03, 10.55it/s, Materializing param=model.layers.32.mlp.gate_proj.weight]\u001b[A\n"}
,{"stream_name":"stderr","time":176.176063578,"data":"\rLoading weights:  90%|████████▉ | 357/398 [00:26\u003c00:03, 10.55it/s, Materializing param=model.layers.32.mlp.up_proj.weight]  \u001b[A\n"}
,{"stream_name":"stderr","time":176.199521355,"data":"\rLoading weights:  90%|████████▉ | 357/398 [00:26\u003c00:03, 10.55it/s, Materializing param=model.layers.32.mlp.up_proj.weight]\u001b[A\n"}
,{"stream_name":"stderr","time":176.199726612,"data":"\rLoading weights:  90%|████████▉ | 358/398 [00:26\u003c00:03, 10.55it/s, Materializing param=model.layers.32.post_attention_layernorm.weight]\u001b[A\n"}
,{"stream_name":"stderr","time":176.200106676,"data":"\rLoading weights:  90%|████████▉ | 358/398 [00:26\u003c00:03, 10.55it/s, Materializing param=model.layers.32.post_attention_layernorm.weight]\u001b[A\n"}
,{"stream_name":"stderr","time":176.200238061,"data":"\rLoading weights:  90%|█████████ | 359/398 [00:26\u003c00:03, 10.55it/s, Materializing param=model.layers.32.self_attn.k_norm.weight]        \u001b[A\n"}
,{"stream_name":"stderr","time":176.200501337,"data":"\rLoading weights:  90%|█████████ | 359/398 [00:26\u003c00:03, 10.55it/s, Materializing param=model.layers.32.self_attn.k_norm.weight]\u001b[A\n"}
,{"stream_name":"stderr","time":176.200589449,"data":"\rLoading weights:  90%|█████████ | 360/398 [00:26\u003c00:03, 10.55it/s, Materializing param=model.layers.32.self_attn.k_proj.weight]\u001b[A\n"}
,{"stream_name":"stderr","time":176.200835213,"data":"\rLoading weights:  90%|█████████ | 360/398 [00:26\u003c00:03, 10.55it/s, Materializing param=model.layers.32.self_attn.k_proj.weight]\u001b[A\n"}
,{"stream_name":"stderr","time":176.200949193,"data":"\rLoading weights:  91%|█████████ | 361/398 [00:26\u003c00:03, 10.55it/s, Materializing param=model.layers.32.self_attn.o_proj.weight]\u001b[A\n"}
,{"stream_name":"stderr","time":176.201147321,"data":"\rLoading weights:  91%|█████████ | 361/398 [00:26\u003c00:03, 10.55it/s, Materializing param=model.layers.32.self_attn.o_proj.weight]\u001b[A\n"}
,{"stream_name":"stderr","time":176.201251101,"data":"\rLoading weights:  91%|█████████ | 362/398 [00:26\u003c00:03, 10.55it/s, Materializing param=model.layers.32.self_attn.q_norm.weight]\u001b[A\n"}
,{"stream_name":"stderr","time":176.20148589,"data":"\rLoading weights:  91%|█████████ | 362/398 [00:26\u003c00:03, 10.55it/s, Materializing param=model.layers.32.self_attn.q_norm.weight]\u001b[A\n"}
,{"stream_name":"stderr","time":176.201581419,"data":"\rLoading weights:  91%|█████████ | 363/398 [00:26\u003c00:03, 10.55it/s, Materializing param=model.layers.32.self_attn.q_proj.weight]\u001b[A\n"}
,{"stream_name":"stderr","time":176.396412656,"data":"\rLoading weights:  91%|█████████ | 363/398 [00:26\u003c00:03, 10.55it/s, Materializing param=model.layers.32.self_attn.q_proj.weight]\u001b[A\n"}
,{"stream_name":"stderr","time":176.454050516,"data":"\rLoading weights:  91%|█████████▏| 364/398 [00:26\u003c00:02, 13.08it/s, Materializing param=model.layers.32.self_attn.q_proj.weight]\u001b[A\n"}
,{"stream_name":"stderr","time":176.454088881,"data":"\rLoading weights:  91%|█████████▏| 364/398 [00:26\u003c00:02, 13.08it/s, Materializing param=model.layers.32.self_attn.v_proj.weight]\u001b[A\n"}
,{"stream_name":"stderr","time":176.454094911,"data":"\rLoading weights:  91%|█████████▏| 364/398 [00:26\u003c00:02, 13.08it/s, Materializing param=model.layers.32.self_attn.v_proj.weight]\u001b[A\n"}
,{"stream_name":"stderr","time":176.454358392,"data":"\rLoading weights:  92%|█████████▏| 365/398 [00:26\u003c00:02, 13.08it/s, Materializing param=model.layers.33.input_layernorm.weight] \u001b[A\n"}
,{"stream_name":"stderr","time":176.455078678,"data":"\rLoading weights:  92%|█████████▏| 365/398 [00:26\u003c00:02, 13.08it/s, Materializing param=model.layers.33.input_layernorm.weight]\u001b[A\n"}
,{"stream_name":"stderr","time":176.45541552,"data":"\rLoading weights:  92%|█████████▏| 366/398 [00:26\u003c00:02, 13.08it/s, Materializing param=model.layers.33.mlp.down_proj.weight]  \u001b[A\n"}
,{"stream_name":"stderr","time":178.189522176,"data":"\rLoading weights:  92%|█████████▏| 366/398 [00:26\u003c00:02, 13.08it/s, Materializing param=model.layers.33.mlp.down_proj.weight]\u001b[A\n"}
,{"stream_name":"stderr","time":178.189814274,"data":"\rLoading weights:  92%|█████████▏| 367/398 [00:28\u003c00:04,  6.77it/s, Materializing param=model.layers.33.mlp.down_proj.weight]\u001b[A\n"}
,{"stream_name":"stderr","time":178.191360596,"data":"\rLoading weights:  92%|█████████▏| 367/398 [00:28\u003c00:04,  6.77it/s, Materializing param=model.layers.33.mlp.gate_proj.weight]\u001b[A\n"}
,{"stream_name":"stderr","time":178.191379278,"data":"\rLoading weights:  92%|█████████▏| 367/398 [00:28\u003c00:04,  6.77it/s, Materializing param=model.layers.33.mlp.gate_proj.weight]\u001b[A\n"}
,{"stream_name":"stderr","time":178.191654345,"data":"\rLoading weights:  92%|█████████▏| 368/398 [00:28\u003c00:04,  6.77it/s, Materializing param=model.layers.33.mlp.up_proj.weight]  \u001b[A\n"}
,{"stream_name":"stderr","time":178.233836787,"data":"\rLoading weights:  92%|█████████▏| 368/398 [00:28\u003c00:04,  6.77it/s, Materializing param=model.layers.33.mlp.up_proj.weight]\u001b[A\n"}
,{"stream_name":"stderr","time":178.233959526,"data":"\rLoading weights:  93%|█████████▎| 369/398 [00:28\u003c00:04,  6.77it/s, Materializing param=model.layers.33.post_attention_layernorm.weight]\u001b[A\n"}
,{"stream_name":"stderr","time":178.235204086,"data":"\rLoading weights:  93%|█████████▎| 369/398 [00:28\u003c00:04,  6.77it/s, Materializing param=model.layers.33.post_attention_layernorm.weight]\u001b[A\n"}
,{"stream_name":"stderr","time":178.235384329,"data":"\rLoading weights:  93%|█████████▎| 370/398 [00:28\u003c00:04,  6.77it/s, Materializing param=model.layers.33.self_attn.k_norm.weight]        \u001b[A\n"}
,{"stream_name":"stderr","time":178.236127751,"data":"\rLoading weights:  93%|█████████▎| 370/398 [00:28\u003c00:04,  6.77it/s, Materializing param=model.layers.33.self_attn.k_norm.weight]\u001b[A\n"}
,{"stream_name":"stderr","time":178.236249074,"data":"\rLoading weights:  93%|█████████▎| 371/398 [00:28\u003c00:03,  6.77it/s, Materializing param=model.layers.33.self_attn.k_proj.weight]\u001b[A\n"}
,{"stream_name":"stderr","time":178.236490541,"data":"\rLoading weights:  93%|█████████▎| 371/398 [00:28\u003c00:03,  6.77it/s, Materializing param=model.layers.33.self_attn.k_proj.weight]\u001b[A\n"}
,{"stream_name":"stderr","time":178.236592079,"data":"\rLoading weights:  93%|█████████▎| 372/398 [00:28\u003c00:03,  6.77it/s, Materializing param=model.layers.33.self_attn.o_proj.weight]\u001b[A\n"}
,{"stream_name":"stderr","time":178.236891902,"data":"\rLoading weights:  93%|█████████▎| 372/398 [00:28\u003c00:03,  6.77it/s, Materializing param=model.layers.33.self_attn.o_proj.weight]\u001b[A\n"}
,{"stream_name":"stderr","time":178.237012114,"data":"\rLoading weights:  94%|█████████▎| 373/398 [00:28\u003c00:03,  6.77it/s, Materializing param=model.layers.33.self_attn.q_norm.weight]\u001b[A\n"}
,{"stream_name":"stderr","time":178.237289495,"data":"\rLoading weights:  94%|█████████▎| 373/398 [00:28\u003c00:03,  6.77it/s, Materializing param=model.layers.33.self_attn.q_norm.weight]\u001b[A\n"}
,{"stream_name":"stderr","time":178.23739488,"data":"\rLoading weights:  94%|█████████▍| 374/398 [00:28\u003c00:03,  6.77it/s, Materializing param=model.layers.33.self_attn.q_proj.weight]\u001b[A\n"}
,{"stream_name":"stderr","time":178.2377503,"data":"\rLoading weights:  94%|█████████▍| 374/398 [00:28\u003c00:03,  6.77it/s, Materializing param=model.layers.33.self_attn.q_proj.weight]\u001b[A\n"}
,{"stream_name":"stderr","time":178.23782227,"data":"\rLoading weights:  94%|█████████▍| 375/398 [00:28\u003c00:03,  6.77it/s, Materializing param=model.layers.33.self_attn.v_proj.weight]\u001b[A\n"}
,{"stream_name":"stderr","time":178.344847003,"data":"\rLoading weights:  94%|█████████▍| 375/398 [00:28\u003c00:03,  6.77it/s, Materializing param=model.layers.33.self_attn.v_proj.weight]\u001b[A\n"}
,{"stream_name":"stderr","time":178.345160417,"data":"\rLoading weights:  94%|█████████▍| 376/398 [00:28\u003c00:02, 10.05it/s, Materializing param=model.layers.33.self_attn.v_proj.weight]\u001b[A\n"}
,{"stream_name":"stderr","time":178.345473143,"data":"\rLoading weights:  94%|█████████▍| 376/398 [00:28\u003c00:02, 10.05it/s, Materializing param=model.layers.34.input_layernorm.weight] \u001b[A\n"}
,{"stream_name":"stderr","time":178.345832069,"data":"\rLoading weights:  94%|█████████▍| 376/398 [00:28\u003c00:02, 10.05it/s, Materializing param=model.layers.34.input_layernorm.weight]\u001b[A\n"}
,{"stream_name":"stderr","time":178.34613839,"data":"\rLoading weights:  95%|█████████▍| 377/398 [00:28\u003c00:02, 10.05it/s, Materializing param=model.layers.34.mlp.down_proj.weight]  \u001b[A\n"}
,{"stream_name":"stderr","time":180.341404031,"data":"\rLoading weights:  95%|█████████▍| 377/398 [00:28\u003c00:02, 10.05it/s, Materializing param=model.layers.34.mlp.down_proj.weight]\u001b[A\n"}
,{"stream_name":"stderr","time":180.3416953,"data":"\rLoading weights:  95%|█████████▍| 378/398 [00:30\u003c00:01, 10.05it/s, Materializing param=model.layers.34.mlp.gate_proj.weight]\u001b[A\n"}
,{"stream_name":"stderr","time":180.38418643,"data":"\rLoading weights:  95%|█████████▍| 378/398 [00:30\u003c00:01, 10.05it/s, Materializing param=model.layers.34.mlp.gate_proj.weight]\u001b[A\n"}
,{"stream_name":"stderr","time":180.384699771,"data":"\rLoading weights:  95%|█████████▌| 379/398 [00:30\u003c00:03,  5.36it/s, Materializing param=model.layers.34.mlp.gate_proj.weight]\u001b[A\n"}
,{"stream_name":"stderr","time":180.385713573,"data":"\rLoading weights:  95%|█████████▌| 379/398 [00:30\u003c00:03,  5.36it/s, Materializing param=model.layers.34.mlp.up_proj.weight]  \u001b[A\n"}
,{"stream_name":"stderr","time":180.385730491,"data":"\rLoading weights:  95%|█████████▌| 379/398 [00:30\u003c00:03,  5.36it/s, Materializing param=model.layers.34.mlp.up_proj.weight]\u001b[A\n"}
,{"stream_name":"stderr","time":180.385735781,"data":"\rLoading weights:  95%|█████████▌| 380/398 [00:30\u003c00:03,  5.36it/s, Materializing param=model.layers.34.post_attention_layernorm.weight]\u001b[A\n"}
,{"stream_name":"stderr","time":180.385740359,"data":"\rLoading weights:  95%|█████████▌| 380/398 [00:30\u003c00:03,  5.36it/s, Materializing param=model.layers.34.post_attention_layernorm.weight]\u001b[A\n"}
,{"stream_name":"stderr","time":180.38585023,"data":"\rLoading weights:  96%|█████████▌| 381/398 [00:30\u003c00:03,  5.36it/s, Materializing param=model.layers.34.self_attn.k_norm.weight]        \u001b[A\n"}
,{"stream_name":"stderr","time":180.386431411,"data":"\rLoading weights:  96%|█████████▌| 381/398 [00:30\u003c00:03,  5.36it/s, Materializing param=model.layers.34.self_attn.k_norm.weight]\u001b[A\n"}
,{"stream_name":"stderr","time":180.386688317,"data":"\rLoading weights:  96%|█████████▌| 382/398 [00:30\u003c00:02,  5.36it/s, Materializing param=model.layers.34.self_attn.k_proj.weight]\u001b[A\n"}
,{"stream_name":"stderr","time":180.386990973,"data":"\rLoading weights:  96%|█████████▌| 382/398 [00:30\u003c00:02,  5.36it/s, Materializing param=model.layers.34.self_attn.k_proj.weight]\u001b[A\n"}
,{"stream_name":"stderr","time":180.387088716,"data":"\rLoading weights:  96%|█████████▌| 383/398 [00:30\u003c00:02,  5.36it/s, Materializing param=model.layers.34.self_attn.o_proj.weight]\u001b[A\n"}
,{"stream_name":"stderr","time":180.387373889,"data":"\rLoading weights:  96%|█████████▌| 383/398 [00:30\u003c00:02,  5.36it/s, Materializing param=model.layers.34.self_attn.o_proj.weight]\u001b[A\n"}
,{"stream_name":"stderr","time":180.38747217,"data":"\rLoading weights:  96%|█████████▋| 384/398 [00:30\u003c00:02,  5.36it/s, Materializing param=model.layers.34.self_attn.q_norm.weight]\u001b[A\n"}
,{"stream_name":"stderr","time":180.387818903,"data":"\rLoading weights:  96%|█████████▋| 384/398 [00:30\u003c00:02,  5.36it/s, Materializing param=model.layers.34.self_attn.q_norm.weight]\u001b[A\n"}
,{"stream_name":"stderr","time":180.387938255,"data":"\rLoading weights:  97%|█████████▋| 385/398 [00:30\u003c00:02,  5.36it/s, Materializing param=model.layers.34.self_attn.q_proj.weight]\u001b[A\n"}
,{"stream_name":"stderr","time":180.388181482,"data":"\rLoading weights:  97%|█████████▋| 385/398 [00:30\u003c00:02,  5.36it/s, Materializing param=model.layers.34.self_attn.q_proj.weight]\u001b[A\n"}
,{"stream_name":"stderr","time":180.388298522,"data":"\rLoading weights:  97%|█████████▋| 386/398 [00:30\u003c00:02,  5.36it/s, Materializing param=model.layers.34.self_attn.v_proj.weight]\u001b[A\n"}
,{"stream_name":"stderr","time":180.548945695,"data":"\rLoading weights:  97%|█████████▋| 386/398 [00:30\u003c00:02,  5.36it/s, Materializing param=model.layers.34.self_attn.v_proj.weight]\u001b[A\n"}
,{"stream_name":"stderr","time":180.54897868,"data":"\rLoading weights:  97%|█████████▋| 387/398 [00:30\u003c00:01,  7.93it/s, Materializing param=model.layers.34.self_attn.v_proj.weight]\u001b[A\n"}
,{"stream_name":"stderr","time":180.549713915,"data":"\rLoading weights:  97%|█████████▋| 387/398 [00:30\u003c00:01,  7.93it/s, Materializing param=model.layers.35.input_layernorm.weight] \u001b[A\n"}
,{"stream_name":"stderr","time":180.55070612,"data":"\rLoading weights:  97%|█████████▋| 387/398 [00:30\u003c00:01,  7.93it/s, Materializing param=model.layers.35.input_layernorm.weight]\u001b[A\n"}
,{"stream_name":"stderr","time":180.550774355,"data":"\rLoading weights:  97%|█████████▋| 388/398 [00:30\u003c00:01,  7.93it/s, Materializing param=model.layers.35.mlp.down_proj.weight]  \u001b[A\n"}
,{"stream_name":"stderr","time":182.208353979,"data":"\rLoading weights:  97%|█████████▋| 388/398 [00:30\u003c00:01,  7.93it/s, Materializing param=model.layers.35.mlp.down_proj.weight]\u001b[A\n"}
,{"stream_name":"stderr","time":182.208560463,"data":"\rLoading weights:  98%|█████████▊| 389/398 [00:32\u003c00:01,  7.93it/s, Materializing param=model.layers.35.mlp.gate_proj.weight]\u001b[A\n"}
,{"stream_name":"stderr","time":182.209960537,"data":"\rLoading weights:  98%|█████████▊| 389/398 [00:32\u003c00:01,  7.93it/s, Materializing param=model.layers.35.mlp.gate_proj.weight]\u001b[A\n"}
,{"stream_name":"stderr","time":182.210092612,"data":"\rLoading weights:  98%|█████████▊| 390/398 [00:32\u003c00:01,  5.11it/s, Materializing param=model.layers.35.mlp.gate_proj.weight]\u001b[A\n"}
,{"stream_name":"stderr","time":182.210222561,"data":"\rLoading weights:  98%|█████████▊| 390/398 [00:32\u003c00:01,  5.11it/s, Materializing param=model.layers.35.mlp.up_proj.weight]  \u001b[A\n"}
,{"stream_name":"stderr","time":182.210489744,"data":"\rLoading weights:  98%|█████████▊| 390/398 [00:32\u003c00:01,  5.11it/s, Materializing param=model.layers.35.mlp.up_proj.weight]\u001b[A\n"}
,{"stream_name":"stderr","time":182.210667368,"data":"\rLoading weights:  98%|█████████▊| 391/398 [00:32\u003c00:01,  5.11it/s, Materializing param=model.layers.35.post_attention_layernorm.weight]\u001b[A\n"}
,{"stream_name":"stderr","time":182.210954668,"data":"\rLoading weights:  98%|█████████▊| 391/398 [00:32\u003c00:01,  5.11it/s, Materializing param=model.layers.35.post_attention_layernorm.weight]\u001b[A\n"}
,{"stream_name":"stderr","time":182.211094839,"data":"\rLoading weights:  98%|█████████▊| 392/398 [00:32\u003c00:01,  5.11it/s, Materializing param=model.layers.35.self_attn.k_norm.weight]        \u001b[A\n"}
,{"stream_name":"stderr","time":182.211395769,"data":"\rLoading weights:  98%|█████████▊| 392/398 [00:32\u003c00:01,  5.11it/s, Materializing param=model.layers.35.self_attn.k_norm.weight]\u001b[A\n"}
,{"stream_name":"stderr","time":182.211525453,"data":"\rLoading weights:  99%|█████████▊| 393/398 [00:32\u003c00:00,  5.11it/s, Materializing param=model.layers.35.self_attn.k_proj.weight]\u001b[A\n"}
,{"stream_name":"stderr","time":182.211917235,"data":"\rLoading weights:  99%|█████████▊| 393/398 [00:32\u003c00:00,  5.11it/s, Materializing param=model.layers.35.self_attn.k_proj.weight]\u001b[A\n"}
,{"stream_name":"stderr","time":182.21199929,"data":"\rLoading weights:  99%|█████████▉| 394/398 [00:32\u003c00:00,  5.11it/s, Materializing param=model.layers.35.self_attn.o_proj.weight]\u001b[A\n"}
,{"stream_name":"stderr","time":182.212274437,"data":"\rLoading weights:  99%|█████████▉| 394/398 [00:32\u003c00:00,  5.11it/s, Materializing param=model.layers.35.self_attn.o_proj.weight]\u001b[A\n"}
,{"stream_name":"stderr","time":182.212362042,"data":"\rLoading weights:  99%|█████████▉| 395/398 [00:32\u003c00:00,  5.11it/s, Materializing param=model.layers.35.self_attn.q_norm.weight]\u001b[A\n"}
,{"stream_name":"stderr","time":182.212679175,"data":"\rLoading weights:  99%|█████████▉| 395/398 [00:32\u003c00:00,  5.11it/s, Materializing param=model.layers.35.self_attn.q_norm.weight]\u001b[A\n"}
,{"stream_name":"stderr","time":182.212779792,"data":"\rLoading weights:  99%|█████████▉| 396/398 [00:32\u003c00:00,  5.11it/s, Materializing param=model.layers.35.self_attn.q_proj.weight]\u001b[A\n"}
,{"stream_name":"stderr","time":182.231581234,"data":"\rLoading weights:  99%|█████████▉| 396/398 [00:32\u003c00:00,  5.11it/s, Materializing param=model.layers.35.self_attn.q_proj.weight]\u001b[A\n"}
,{"stream_name":"stderr","time":182.23177517,"data":"\rLoading weights: 100%|█████████▉| 397/398 [00:32\u003c00:00,  5.11it/s, Materializing param=model.layers.35.self_attn.v_proj.weight]\u001b[A\n"}
,{"stream_name":"stderr","time":182.241936494,"data":"\rLoading weights: 100%|█████████▉| 397/398 [00:32\u003c00:00,  5.11it/s, Materializing param=model.layers.35.self_attn.v_proj.weight]\u001b[A\n"}
,{"stream_name":"stderr","time":182.242035446,"data":"\rLoading weights: 100%|██████████| 398/398 [00:32\u003c00:00,  5.11it/s, Materializing param=model.norm.weight]                      \u001b[A\n"}
,{"stream_name":"stderr","time":182.243503192,"data":"\rLoading weights: 100%|██████████| 398/398 [00:32\u003c00:00,  5.11it/s, Materializing param=model.norm.weight]\u001b[A\rLoading weights: 100%|██████████| 398/398 [00:32\u003c00:00, 12.21it/s, Materializing param=model.norm.weight]\n"}
,{"stream_name":"stderr","time":183.092784876,"data":"\rLoading pipeline components...:  80%|████████  | 4/5 [00:44\u003c00:12, 12.23s/it]\rLoading pipeline components...: 100%|██████████| 5/5 [00:45\u003c00:00,  8.64s/it]\rLoading pipeline components...: 100%|██████████| 5/5 [00:45\u003c00:00,  9.07s/it]\n"}
,{"stream_name":"stderr","time":200.323996393,"data":"\r  0%|          | 0/4 [00:00\u003c?, ?it/s]\r 25%|██▌       | 1/4 [00:09\u003c00:28,  9.38s/it]\r 50%|█████     | 2/4 [00:10\u003c00:09,  4.52s/it]\r 75%|███████▌  | 3/4 [00:11\u003c00:02,  2.98s/it]\r100%|██████████| 4/4 [00:12\u003c00:00,  2.26s/it]\r100%|██████████| 4/4 [00:12\u003c00:00,  3.20s/it]\n"}
,{"stream_name":"stdout","time":208.509941592,"data":"STILL 001 COMPLETE -\u003e earth-needs-help-e001-s001.png\n"}
,{"stream_name":"stdout","time":208.510791897,"data":"{\n"}
,{"stream_name":"stdout","time":208.510796952,"data":"  \"success\": false,\n"}
,{"stream_name":"stdout","time":208.510800485,"data":"  \"pipeline\": \"hybrid-image-v1/flux2-klein-4b\",\n"}
,{"stream_name":"stdout","time":208.510803718,"data":"  \"provider\": \"kaggle\",\n"}
,{"stream_name":"stdout","time":208.510806822,"data":"  \"shots\": [\n"}
,{"stream_name":"stdout","time":208.510810144,"data":"    {\n"}
,{"stream_name":"stdout","time":208.510813267,"data":"      \"id\": \"001\",\n"}
,{"stream_name":"stdout","time":208.510816315,"data":"      \"success\": true,\n"}
,{"stream_name":"stdout","time":208.51081937,"data":"      \"file\": \"earth-needs-help-e001-s001.png\",\n"}
,{"stream_name":"stdout","time":208.510822487,"data":"      \"characters\": [\n"}
,{"stream_name":"stdout","time":208.510825603,"data":"        \"captain-pip\",\n"}
,{"stream_name":"stdout","time":208.510836362,"data":"        \"bloop\",\n"}
,{"stream_name":"stdout","time":208.510838753,"data":"        \"zig\",\n"}
,{"stream_name":"stdout","time":208.510841113,"data":"        \"momo\"\n"}
,{"stream_name":"stdout","time":208.51084336,"data":"      ],\n"}
,{"stream_name":"stdout","time":208.510872985,"data":"      \"reference_count\": 4,\n"}
,{"stream_name":"stdout","time":208.510877292,"data":"      \"seed\": 12001,\n"}
,{"stream_name":"stdout","time":208.510881331,"data":"      \"qa_status\": \"pending\",\n"}
,{"stream_name":"stdout","time":208.510885468,"data":"      \"sha256\": \"1344182b06cd92cbcfdec9e45fe50241aeddfb6d994f39b2676aea68f50014fc\"\n"}
,{"stream_name":"stdout","time":208.510889572,"data":"    }\n"}
,{"stream_name":"stdout","time":208.510893055,"data":"  ],\n"}
,{"stream_name":"stdout","time":208.510897112,"data":"  \"source_commit\": \"0e7121f7dc3a05710c40d0226e1a05abf3f659de\",\n"}
,{"stream_name":"stdout","time":208.510901321,"data":"  \"model_revision\": \"e7b7dc27f91deacad38e78976d1f2b499d76a294\",\n"}
,{"stream_name":"stdout","time":208.510905853,"data":"  \"gpu\": \"Tesla T4\",\n"}
,{"stream_name":"stdout","time":208.510909346,"data":"  \"dtype\": \"torch.float16\",\n"}
,{"stream_name":"stdout","time":208.510912877,"data":"  \"model\": \"black-forest-labs/FLUX.2-klein-4B\"\n"}
,{"stream_name":"stdout","time":208.510916524,"data":"}\n"}
,{"stream_name":"stdout","time":208.819916775,"data":"{\n"}
,{"stream_name":"stdout","time":208.819964693,"data":"  \"success\": false,\n"}
,{"stream_name":"stdout","time":208.819969884,"data":"  \"pipeline\": \"hybrid-image-v1/flux2-klein-4b\",\n"}
,{"stream_name":"stdout","time":208.819973497,"data":"  \"provider\": \"kaggle\",\n"}
,{"stream_name":"stdout","time":208.819976923,"data":"  \"shots\": [\n"}
,{"stream_name":"stdout","time":208.819980475,"data":"    {\n"}
,{"stream_name":"stdout","time":208.819983694,"data":"      \"id\": \"001\",\n"}
,{"stream_name":"stdout","time":208.819987023,"data":"      \"success\": true,\n"}
,{"stream_name":"stdout","time":208.819990308,"data":"      \"file\": \"earth-needs-help-e001-s001.png\",\n"}
,{"stream_name":"stdout","time":208.819993968,"data":"      \"characters\": [\n"}
,{"stream_name":"stdout","time":208.819997406,"data":"        \"captain-pip\",\n"}
,{"stream_name":"stdout","time":208.820000709,"data":"        \"bloop\",\n"}
,{"stream_name":"stdout","time":208.820003916,"data":"        \"zig\",\n"}
,{"stream_name":"stdout","time":208.820007234,"data":"        \"momo\"\n"}
,{"stream_name":"stdout","time":208.820010294,"data":"      ],\n"}
,{"stream_name":"stdout","time":208.820013491,"data":"      \"reference_count\": 4,\n"}
,{"stream_name":"stdout","time":208.820017046,"data":"      \"seed\": 12001,\n"}
,{"stream_name":"stdout","time":208.820020335,"data":"      \"qa_status\": \"pending\",\n"}
,{"stream_name":"stdout","time":208.820023545,"data":"      \"sha256\": \"1344182b06cd92cbcfdec9e45fe50241aeddfb6d994f39b2676aea68f50014fc\"\n"}
,{"stream_name":"stdout","time":208.820027156,"data":"    },\n"}
,{"stream_name":"stdout","time":208.820030404,"data":"    {\n"}
,{"stream_name":"stdout","time":208.820033468,"data":"      \"id\": \"002\",\n"}
,{"stream_name":"stdout","time":208.820036649,"data":"      \"success\": true,\n"}
,{"stream_name":"stdout","time":208.820040091,"data":"      \"file\": \"earth-needs-help-e001-s002.png\",\n"}
,{"stream_name":"stdout","time":208.820043526,"data":"      \"qa_status\": \"pending\",\n"}
,{"stream_name":"stdout","time":208.820046871,"data":"      \"reused_approved_input\": true,\n"}
,{"stream_name":"stdout","time":208.820060476,"data":"      \"source_sha256\": \"dbf90d6c8a801d4e639e31bee2be525e883989628b5737efc4a21646ed59a6a3\",\n"}
,{"stream_name":"stdout","time":208.820064194,"data":"      \"sha256\": \"987828f4068b1d6541f04de22e8dbe8c814cb7dfb2ebe36425063f56f0d74257\"\n"}
,{"stream_name":"stdout","time":208.820068578,"data":"    }\n"}
,{"stream_name":"stdout","time":208.820071969,"data":"  ],\n"}
,{"stream_name":"stdout","time":208.820075068,"data":"  \"source_commit\": \"0e7121f7dc3a05710c40d0226e1a05abf3f659de\",\n"}
,{"stream_name":"stdout","time":208.820079172,"data":"  \"model_revision\": \"e7b7dc27f91deacad38e78976d1f2b499d76a294\",\n"}
,{"stream_name":"stdout","time":208.820082975,"data":"  \"gpu\": \"Tesla T4\",\n"}
,{"stream_name":"stdout","time":208.820086345,"data":"  \"dtype\": \"torch.float16\",\n"}
,{"stream_name":"stdout","time":208.820089714,"data":"  \"model\": \"black-forest-labs/FLUX.2-klein-4B\"\n"}
,{"stream_name":"stdout","time":208.820093081,"data":"}\n"}
,{"stream_name":"stdout","time":209.092337463,"data":"{\n"}
,{"stream_name":"stdout","time":209.092362942,"data":"  \"success\": false,\n"}
,{"stream_name":"stdout","time":209.09236739,"data":"  \"pipeline\": \"hybrid-image-v1/flux2-klein-4b\",\n"}
,{"stream_name":"stdout","time":209.092372952,"data":"  \"provider\": \"kaggle\",\n"}
,{"stream_name":"stdout","time":209.092380244,"data":"  \"shots\": [\n"}
,{"stream_name":"stdout","time":209.092382814,"data":"    {\n"}
,{"stream_name":"stdout","time":209.092385065,"data":"      \"id\": \"001\",\n"}
,{"stream_name":"stdout","time":209.092387524,"data":"      \"success\": true,\n"}
,{"stream_name":"stdout","time":209.092389844,"data":"      \"file\": \"earth-needs-help-e001-s001.png\",\n"}
,{"stream_name":"stdout","time":209.092392382,"data":"      \"characters\": [\n"}
,{"stream_name":"stdout","time":209.092394683,"data":"        \"captain-pip\",\n"}
,{"stream_name":"stdout","time":209.092397047,"data":"        \"bloop\",\n"}
,{"stream_name":"stdout","time":209.092399367,"data":"        \"zig\",\n"}
,{"stream_name":"stdout","time":209.092401587,"data":"        \"momo\"\n"}
,{"stream_name":"stdout","time":209.092403858,"data":"      ],\n"}
,{"stream_name":"stdout","time":209.092406152,"data":"      \"reference_count\": 4,\n"}
,{"stream_name":"stdout","time":209.092408485,"data":"      \"seed\": 12001,\n"}
,{"stream_name":"stdout","time":209.092410742,"data":"      \"qa_status\": \"pending\",\n"}
,{"stream_name":"stdout","time":209.092413137,"data":"      \"sha256\": \"1344182b06cd92cbcfdec9e45fe50241aeddfb6d994f39b2676aea68f50014fc\"\n"}
,{"stream_name":"stdout","time":209.09241598,"data":"    },\n"}
,{"stream_name":"stdout","time":209.09243165,"data":"    {\n"}
,{"stream_name":"stdout","time":209.092435513,"data":"      \"id\": \"002\",\n"}
,{"stream_name":"stdout","time":209.092439313,"data":"      \"success\": true,\n"}
,{"stream_name":"stdout","time":209.092443338,"data":"      \"file\": \"earth-needs-help-e001-s002.png\",\n"}
,{"stream_name":"stdout","time":209.092447147,"data":"      \"qa_status\": \"pending\",\n"}
,{"stream_name":"stdout","time":209.09245134,"data":"      \"reused_approved_input\": true,\n"}
,{"stream_name":"stdout","time":209.09245522,"data":"      \"source_sha256\": \"dbf90d6c8a801d4e639e31bee2be525e883989628b5737efc4a21646ed59a6a3\",\n"}
,{"stream_name":"stdout","time":209.092458908,"data":"      \"sha256\": \"987828f4068b1d6541f04de22e8dbe8c814cb7dfb2ebe36425063f56f0d74257\"\n"}
,{"stream_name":"stdout","time":209.092470313,"data":"    },\n"}
,{"stream_name":"stdout","time":209.092488402,"data":"    {\n"}
,{"stream_name":"stdout","time":209.092490955,"data":"      \"id\": \"003\",\n"}
,{"stream_name":"stdout","time":209.092493193,"data":"      \"success\": true,\n"}
,{"stream_name":"stdout","time":209.092495454,"data":"      \"file\": \"earth-needs-help-e001-s003.png\",\n"}
,{"stream_name":"stdout","time":209.092497851,"data":"      \"qa_status\": \"pending\",\n"}
,{"stream_name":"stdout","time":209.092500146,"data":"      \"reused_approved_input\": true,\n"}
,{"stream_name":"stdout","time":209.092502505,"data":"      \"source_sha256\": \"fdba3c9bdb0932a015f07acc8c248c07cdb0e2ab915ede8e4a778f10226edaab\",\n"}
,{"stream_name":"stdout","time":209.092504982,"data":"      \"sha256\": \"2a64651df9346b4da80f0c24bcaee153dbfe2e30d3c6a3339cc9d8bd10543cf4\"\n"}
,{"stream_name":"stdout","time":209.092507387,"data":"    }\n"}
,{"stream_name":"stdout","time":209.09250952,"data":"  ],\n"}
,{"stream_name":"stdout","time":209.092511916,"data":"  \"source_commit\": \"0e7121f7dc3a05710c40d0226e1a05abf3f659de\",\n"}
,{"stream_name":"stdout","time":209.092514383,"data":"  \"model_revision\": \"e7b7dc27f91deacad38e78976d1f2b499d76a294\",\n"}
,{"stream_name":"stdout","time":209.092516713,"data":"  \"gpu\": \"Tesla T4\",\n"}
,{"stream_name":"stdout","time":209.092519785,"data":"  \"dtype\": \"torch.float16\",\n"}
,{"stream_name":"stdout","time":209.092534507,"data":"  \"model\": \"black-forest-labs/FLUX.2-klein-4B\"\n"}
,{"stream_name":"stdout","time":209.092538817,"data":"}\n"}
,{"stream_name":"stdout","time":209.406629408,"data":"{\n"}
,{"stream_name":"stdout","time":209.406671941,"data":"  \"success\": false,\n"}
,{"stream_name":"stdout","time":209.406677809,"data":"  \"pipeline\": \"hybrid-image-v1/flux2-klein-4b\",\n"}
,{"stream_name":"stdout","time":209.406681744,"data":"  \"provider\": \"kaggle\",\n"}
,{"stream_name":"stdout","time":209.406691305,"data":"  \"shots\": [\n"}
,{"stream_name":"stdout","time":209.406694041,"data":"    {\n"}
,{"stream_name":"stdout","time":209.406696975,"data":"      \"id\": \"001\",\n"}
,{"stream_name":"stdout","time":209.406699399,"data":"      \"success\": true,\n"}
,{"stream_name":"stdout","time":209.406701764,"data":"      \"file\": \"earth-needs-help-e001-s001.png\",\n"}
,{"stream_name":"stdout","time":209.406704256,"data":"      \"characters\": [\n"}
,{"stream_name":"stdout","time":209.406706678,"data":"        \"captain-pip\",\n"}
,{"stream_name":"stdout","time":209.406709095,"data":"        \"bloop\",\n"}
,{"stream_name":"stdout","time":209.406711354,"data":"        \"zig\",\n"}
,{"stream_name":"stdout","time":209.406713586,"data":"        \"momo\"\n"}
,{"stream_name":"stdout","time":209.406715929,"data":"      ],\n"}
,{"stream_name":"stdout","time":209.406718153,"data":"      \"reference_count\": 4,\n"}
,{"stream_name":"stdout","time":209.40672047,"data":"      \"seed\": 12001,\n"}
,{"stream_name":"stdout","time":209.406722759,"data":"      \"qa_status\": \"pending\",\n"}
,{"stream_name":"stdout","time":209.406725167,"data":"      \"sha256\": \"1344182b06cd92cbcfdec9e45fe50241aeddfb6d994f39b2676aea68f50014fc\"\n"}
,{"stream_name":"stdout","time":209.40672763,"data":"    },\n"}
,{"stream_name":"stdout","time":209.4067298,"data":"    {\n"}
,{"stream_name":"stdout","time":209.406731975,"data":"      \"id\": \"002\",\n"}
,{"stream_name":"stdout","time":209.406734974,"data":"      \"success\": true,\n"}
,{"stream_name":"stdout","time":209.406750407,"data":"      \"file\": \"earth-needs-help-e001-s002.png\",\n"}
,{"stream_name":"stdout","time":209.406754806,"data":"      \"qa_status\": \"pending\",\n"}
,{"stream_name":"stdout","time":209.406771003,"data":"      \"reused_approved_input\": true,\n"}
,{"stream_name":"stdout","time":209.406777977,"data":"      \"source_sha256\": \"dbf90d6c8a801d4e639e31bee2be525e883989628b5737efc4a21646ed59a6a3\",\n"}
,{"stream_name":"stdout","time":209.406781649,"data":"      \"sha256\": \"987828f4068b1d6541f04de22e8dbe8c814cb7dfb2ebe36425063f56f0d74257\"\n"}
,{"stream_name":"stdout","time":209.406785288,"data":"    },\n"}
,{"stream_name":"stdout","time":209.406788562,"data":"    {\n"}
,{"stream_name":"stdout","time":209.406796909,"data":"      \"id\": \"003\",\n"}
,{"stream_name":"stdout","time":209.406799583,"data":"      \"success\": true,\n"}
,{"stream_name":"stdout","time":209.406801876,"data":"      \"file\": \"earth-needs-help-e001-s003.png\",\n"}
,{"stream_name":"stdout","time":209.406804216,"data":"      \"qa_status\": \"pending\",\n"}
,{"stream_name":"stdout","time":209.406806636,"data":"      \"reused_approved_input\": true,\n"}
,{"stream_name":"stdout","time":209.406808965,"data":"      \"source_sha256\": \"fdba3c9bdb0932a015f07acc8c248c07cdb0e2ab915ede8e4a778f10226edaab\",\n"}
,{"stream_name":"stdout","time":209.406811395,"data":"      \"sha256\": \"2a64651df9346b4da80f0c24bcaee153dbfe2e30d3c6a3339cc9d8bd10543cf4\"\n"}
,{"stream_name":"stdout","time":209.406813776,"data":"    },\n"}
,{"stream_name":"stdout","time":209.406816068,"data":"    {\n"}
,{"stream_name":"stdout","time":209.406818216,"data":"      \"id\": \"004\",\n"}
,{"stream_name":"stdout","time":209.406820471,"data":"      \"success\": true,\n"}
,{"stream_name":"stdout","time":209.406822738,"data":"      \"file\": \"earth-needs-help-e001-s004.png\",\n"}
,{"stream_name":"stdout","time":209.406825107,"data":"      \"qa_status\": \"pending\",\n"}
,{"stream_name":"stdout","time":209.406827388,"data":"      \"reused_approved_input\": true,\n"}
,{"stream_name":"stdout","time":209.406829701,"data":"      \"source_sha256\": \"10bd2cce636bce4a8e71482163fbfe95ba58a3d0d02ee38c189741acc08ed126\",\n"}
,{"stream_name":"stdout","time":209.406832691,"data":"      \"sha256\": \"63e9f399773288177dd513a98d30f0883ed581fdb9428f69f1b66a1b74a8dda7\"\n"}
,{"stream_name":"stdout","time":209.406846644,"data":"    }\n"}
,{"stream_name":"stdout","time":209.406850661,"data":"  ],\n"}
,{"stream_name":"stdout","time":209.406854348,"data":"  \"source_commit\": \"0e7121f7dc3a05710c40d0226e1a05abf3f659de\",\n"}
,{"stream_name":"stdout","time":209.406858693,"data":"  \"model_revision\": \"e7b7dc27f91deacad38e78976d1f2b499d76a294\",\n"}
,{"stream_name":"stdout","time":209.406862879,"data":"  \"gpu\": \"Tesla T4\",\n"}
,{"stream_name":"stdout","time":209.406866331,"data":"  \"dtype\": \"torch.float16\",\n"}
,{"stream_name":"stdout","time":209.406869805,"data":"  \"model\": \"black-forest-labs/FLUX.2-klein-4B\"\n"}
,{"stream_name":"stdout","time":209.406873289,"data":"}\n"}
,{"stream_name":"stdout","time":209.685932315,"data":"{\n"}
,{"stream_name":"stdout","time":209.685968827,"data":"  \"success\": false,\n"}
,{"stream_name":"stdout","time":209.685975126,"data":"  \"pipeline\": \"hybrid-image-v1/flux2-klein-4b\",\n"}
,{"stream_name":"stdout","time":209.685979535,"data":"  \"provider\": \"kaggle\",\n"}
,{"stream_name":"stdout","time":209.685983619,"data":"  \"shots\": [\n"}
,{"stream_name":"stdout","time":209.685987467,"data":"    {\n"}
,{"stream_name":"stdout","time":209.685991182,"data":"      \"id\": \"001\",\n"}
,{"stream_name":"stdout","time":209.685995458,"data":"      \"success\": true,\n"}
,{"stream_name":"stdout","time":209.685999302,"data":"      \"file\": \"earth-needs-help-e001-s001.png\",\n"}
,{"stream_name":"stdout","time":209.686014606,"data":"      \"characters\": [\n"}
,{"stream_name":"stdout","time":209.686018421,"data":"        \"captain-pip\",\n"}
,{"stream_name":"stdout","time":209.686022074,"data":"        \"bloop\",\n"}
,{"stream_name":"stdout","time":209.686025346,"data":"        \"zig\",\n"}
,{"stream_name":"stdout","time":209.686029112,"data":"        \"momo\"\n"}
,{"stream_name":"stdout","time":209.686032559,"data":"      ],\n"}
,{"stream_name":"stdout","time":209.686035844,"data":"      \"reference_count\": 4,\n"}
,{"stream_name":"stdout","time":209.686041036,"data":"      \"seed\": 12001,\n"}
,{"stream_name":"stdout","time":209.686047846,"data":"      \"qa_status\": \"pending\",\n"}
,{"stream_name":"stdout","time":209.686050453,"data":"      \"sha256\": \"1344182b06cd92cbcfdec9e45fe50241aeddfb6d994f39b2676aea68f50014fc\"\n"}
,{"stream_name":"stdout","time":209.686052897,"data":"    },\n"}
,{"stream_name":"stdout","time":209.686055098,"data":"    {\n"}
,{"stream_name":"stdout","time":209.686057259,"data":"      \"id\": \"002\",\n"}
,{"stream_name":"stdout","time":209.686059621,"data":"      \"success\": true,\n"}
,{"stream_name":"stdout","time":209.686061979,"data":"      \"file\": \"earth-needs-help-e001-s002.png\",\n"}
,{"stream_name":"stdout","time":209.686064312,"data":"      \"qa_status\": \"pending\",\n"}
,{"stream_name":"stdout","time":209.686066616,"data":"      \"reused_approved_input\": true,\n"}
,{"stream_name":"stdout","time":209.686069079,"data":"      \"source_sha256\": \"dbf90d6c8a801d4e639e31bee2be525e883989628b5737efc4a21646ed59a6a3\",\n"}
,{"stream_name":"stdout","time":209.686071587,"data":"      \"sha256\": \"987828f4068b1d6541f04de22e8dbe8c814cb7dfb2ebe36425063f56f0d74257\"\n"}
,{"stream_name":"stdout","time":209.686073981,"data":"    },\n"}
,{"stream_name":"stdout","time":209.686076152,"data":"    {\n"}
,{"stream_name":"stdout","time":209.686078399,"data":"      \"id\": \"003\",\n"}
,{"stream_name":"stdout","time":209.686080704,"data":"      \"success\": true,\n"}
,{"stream_name":"stdout","time":209.686082986,"data":"      \"file\": \"earth-needs-help-e001-s003.png\",\n"}
,{"stream_name":"stdout","time":209.686085416,"data":"      \"qa_status\": \"pending\",\n"}
,{"stream_name":"stdout","time":209.686087831,"data":"      \"reused_approved_input\": true,\n"}
,{"stream_name":"stdout","time":209.686090151,"data":"      \"source_sha256\": \"fdba3c9bdb0932a015f07acc8c248c07cdb0e2ab915ede8e4a778f10226edaab\",\n"}
,{"stream_name":"stdout","time":209.686092557,"data":"      \"sha256\": \"2a64651df9346b4da80f0c24bcaee153dbfe2e30d3c6a3339cc9d8bd10543cf4\"\n"}
,{"stream_name":"stdout","time":209.686094921,"data":"    },\n"}
,{"stream_name":"stdout","time":209.686097088,"data":"    {\n"}
,{"stream_name":"stdout","time":209.6860994,"data":"      \"id\": \"004\",\n"}
,{"stream_name":"stdout","time":209.686101639,"data":"      \"success\": true,\n"}
,{"stream_name":"stdout","time":209.686103904,"data":"      \"file\": \"earth-needs-help-e001-s004.png\",\n"}
,{"stream_name":"stdout","time":209.686106199,"data":"      \"qa_status\": \"pending\",\n"}
,{"stream_name":"stdout","time":209.686108479,"data":"      \"reused_approved_input\": true,\n"}
,{"stream_name":"stdout","time":209.686110771,"data":"      \"source_sha256\": \"10bd2cce636bce4a8e71482163fbfe95ba58a3d0d02ee38c189741acc08ed126\",\n"}
,{"stream_name":"stdout","time":209.686113196,"data":"      \"sha256\": \"63e9f399773288177dd513a98d30f0883ed581fdb9428f69f1b66a1b74a8dda7\"\n"}
,{"stream_name":"stdout","time":209.686115569,"data":"    },\n"}
,{"stream_name":"stdout","time":209.686117808,"data":"    {\n"}
,{"stream_name":"stdout","time":209.686122837,"data":"      \"id\": \"005\",\n"}
,{"stream_name":"stdout","time":209.686125194,"data":"      \"success\": true,\n"}
,{"stream_name":"stdout","time":209.686127468,"data":"      \"file\": \"earth-needs-help-e001-s005.png\",\n"}
,{"stream_name":"stdout","time":209.686129753,"data":"      \"qa_status\": \"pending\",\n"}
,{"stream_name":"stdout","time":209.686132038,"data":"      \"reused_approved_input\": true,\n"}
,{"stream_name":"stdout","time":209.686134334,"data":"      \"source_sha256\": \"58f27722e31c048be05561f1fe0b0dfd156137634afd5d23a39950c4d232c31f\",\n"}
,{"stream_name":"stdout","time":209.686136726,"data":"      \"sha256\": \"38f779b638bd7b66ac06f3619c8c76cb0d2eae80d157db72495a3ccdf641d1bf\"\n"}
,{"stream_name":"stdout","time":209.686139134,"data":"    }\n"}
,{"stream_name":"stdout","time":209.686141269,"data":"  ],\n"}
,{"stream_name":"stdout","time":209.686143469,"data":"  \"source_commit\": \"0e7121f7dc3a05710c40d0226e1a05abf3f659de\",\n"}
,{"stream_name":"stdout","time":209.686145866,"data":"  \"model_revision\": \"e7b7dc27f91deacad38e78976d1f2b499d76a294\",\n"}
,{"stream_name":"stdout","time":209.686148248,"data":"  \"gpu\": \"Tesla T4\",\n"}
,{"stream_name":"stdout","time":209.686150551,"data":"  \"dtype\": \"torch.float16\",\n"}
,{"stream_name":"stdout","time":209.686154491,"data":"  \"model\": \"black-forest-labs/FLUX.2-klein-4B\"\n"}
,{"stream_name":"stdout","time":209.686156917,"data":"}\n"}
,{"stream_name":"stdout","time":209.98077018,"data":"{\n"}
,{"stream_name":"stdout","time":209.980810739,"data":"  \"success\": false,\n"}
,{"stream_name":"stdout","time":209.980816366,"data":"  \"pipeline\": \"hybrid-image-v1/flux2-klein-4b\",\n"}
,{"stream_name":"stdout","time":209.980821058,"data":"  \"provider\": \"kaggle\",\n"}
,{"stream_name":"stdout","time":209.980825346,"data":"  \"shots\": [\n"}
,{"stream_name":"stdout","time":209.980829033,"data":"    {\n"}
,{"stream_name":"stdout","time":209.980832955,"data":"      \"id\": \"001\",\n"}
,{"stream_name":"stdout","time":209.980837469,"data":"      \"success\": true,\n"}
,{"stream_name":"stdout","time":209.980841606,"data":"      \"file\": \"earth-needs-help-e001-s001.png\",\n"}
,{"stream_name":"stdout","time":209.980845209,"data":"      \"characters\": [\n"}
,{"stream_name":"stdout","time":209.980848746,"data":"        \"captain-pip\",\n"}
,{"stream_name":"stdout","time":209.98085227,"data":"        \"bloop\",\n"}
,{"stream_name":"stdout","time":209.980855682,"data":"        \"zig\",\n"}
,{"stream_name":"stdout","time":209.980859152,"data":"        \"momo\"\n"}
,{"stream_name":"stdout","time":209.980862814,"data":"      ],\n"}
,{"stream_name":"stdout","time":209.980866853,"data":"      \"reference_count\": 4,\n"}
,{"stream_name":"stdout","time":209.980870619,"data":"      \"seed\": 12001,\n"}
,{"stream_name":"stdout","time":209.980874089,"data":"      \"qa_status\": \"pending\",\n"}
,{"stream_name":"stdout","time":209.980877808,"data":"      \"sha256\": \"1344182b06cd92cbcfdec9e45fe50241aeddfb6d994f39b2676aea68f50014fc\"\n"}
,{"stream_name":"stdout","time":209.980881544,"data":"    },\n"}
,{"stream_name":"stdout","time":209.980884754,"data":"    {\n"}
,{"stream_name":"stdout","time":209.980888107,"data":"      \"id\": \"002\",\n"}
,{"stream_name":"stdout","time":209.980891593,"data":"      \"success\": true,\n"}
,{"stream_name":"stdout","time":209.980895083,"data":"      \"file\": \"earth-needs-help-e001-s002.png\",\n"}
,{"stream_name":"stdout","time":209.980898785,"data":"      \"qa_status\": \"pending\",\n"}
,{"stream_name":"stdout","time":209.980912711,"data":"      \"reused_approved_input\": true,\n"}
,{"stream_name":"stdout","time":209.980916443,"data":"      \"source_sha256\": \"dbf90d6c8a801d4e639e31bee2be525e883989628b5737efc4a21646ed59a6a3\",\n"}
,{"stream_name":"stdout","time":209.980920407,"data":"      \"sha256\": \"987828f4068b1d6541f04de22e8dbe8c814cb7dfb2ebe36425063f56f0d74257\"\n"}
,{"stream_name":"stdout","time":209.980923975,"data":"    },\n"}
,{"stream_name":"stdout","time":209.980927211,"data":"    {\n"}
,{"stream_name":"stdout","time":209.980930626,"data":"      \"id\": \"003\",\n"}
,{"stream_name":"stdout","time":209.980934315,"data":"      \"success\": true,\n"}
,{"stream_name":"stdout","time":209.980938498,"data":"      \"file\": \"earth-needs-help-e001-s003.png\",\n"}
,{"stream_name":"stdout","time":209.980942455,"data":"      \"qa_status\": \"pending\",\n"}
,{"stream_name":"stdout","time":209.980946223,"data":"      \"reused_approved_input\": true,\n"}
,{"stream_name":"stdout","time":209.980949857,"data":"      \"source_sha256\": \"fdba3c9bdb0932a015f07acc8c248c07cdb0e2ab915ede8e4a778f10226edaab\",\n"}
,{"stream_name":"stdout","time":209.980953683,"data":"      \"sha256\": \"2a64651df9346b4da80f0c24bcaee153dbfe2e30d3c6a3339cc9d8bd10543cf4\"\n"}
,{"stream_name":"stdout","time":209.980957441,"data":"    },\n"}
,{"stream_name":"stdout","time":209.980960737,"data":"    {\n"}
,{"stream_name":"stdout","time":209.980964209,"data":"      \"id\": \"004\",\n"}
,{"stream_name":"stdout","time":209.980967841,"data":"      \"success\": true,\n"}
,{"stream_name":"stdout","time":209.980971427,"data":"      \"file\": \"earth-needs-help-e001-s004.png\",\n"}
,{"stream_name":"stdout","time":209.980975063,"data":"      \"qa_status\": \"pending\",\n"}
,{"stream_name":"stdout","time":209.980978754,"data":"      \"reused_approved_input\": true,\n"}
,{"stream_name":"stdout","time":209.980982122,"data":"      \"source_sha256\": \"10bd2cce636bce4a8e71482163fbfe95ba58a3d0d02ee38c189741acc08ed126\",\n"}
,{"stream_name":"stdout","time":209.980986253,"data":"      \"sha256\": \"63e9f399773288177dd513a98d30f0883ed581fdb9428f69f1b66a1b74a8dda7\"\n"}
,{"stream_name":"stdout","time":209.980991292,"data":"    },\n"}
,{"stream_name":"stdout","time":209.980995933,"data":"    {\n"}
,{"stream_name":"stdout","time":209.981000709,"data":"      \"id\": \"005\",\n"}
,{"stream_name":"stdout","time":209.981005252,"data":"      \"success\": true,\n"}
,{"stream_name":"stdout","time":209.9810097,"data":"      \"file\": \"earth-needs-help-e001-s005.png\",\n"}
,{"stream_name":"stdout","time":209.981014686,"data":"      \"qa_status\": \"pending\",\n"}
,{"stream_name":"stdout","time":209.981019295,"data":"      \"reused_approved_input\": true,\n"}
,{"stream_name":"stdout","time":209.981023997,"data":"      \"source_sha256\": \"58f27722e31c048be05561f1fe0b0dfd156137634afd5d23a39950c4d232c31f\",\n"}
,{"stream_name":"stdout","time":209.981029281,"data":"      \"sha256\": \"38f779b638bd7b66ac06f3619c8c76cb0d2eae80d157db72495a3ccdf641d1bf\"\n"}
,{"stream_name":"stdout","time":209.981035299,"data":"    },\n"}
,{"stream_name":"stdout","time":209.981040261,"data":"    {\n"}
,{"stream_name":"stdout","time":209.981045095,"data":"      \"id\": \"006a\",\n"}
,{"stream_name":"stdout","time":209.981049705,"data":"      \"success\": true,\n"}
,{"stream_name":"stdout","time":209.981054485,"data":"      \"file\": \"earth-needs-help-e001-s006a.png\",\n"}
,{"stream_name":"stdout","time":209.981061402,"data":"      \"qa_status\": \"pending\",\n"}
,{"stream_name":"stdout","time":209.981066982,"data":"      \"reused_approved_input\": true,\n"}
,{"stream_name":"stdout","time":209.981082155,"data":"      \"source_sha256\": \"0e419efab679d992f49e831d65a4693d75b8c5b50366fb925aa2c32c35dcab24\",\n"}
,{"stream_name":"stdout","time":209.981087583,"data":"      \"sha256\": \"3f2e485841bd5d53fc054c6417d8c85eda68d3c939a93dbcee5e4942ddb4fc4e\"\n"}
,{"stream_name":"stdout","time":209.981092709,"data":"    }\n"}
,{"stream_name":"stdout","time":209.98109728,"data":"  ],\n"}
,{"stream_name":"stdout","time":209.981102159,"data":"  \"source_commit\": \"0e7121f7dc3a05710c40d0226e1a05abf3f659de\",\n"}
,{"stream_name":"stdout","time":209.981107625,"data":"  \"model_revision\": \"e7b7dc27f91deacad38e78976d1f2b499d76a294\",\n"}
,{"stream_name":"stdout","time":209.981112477,"data":"  \"gpu\": \"Tesla T4\",\n"}
,{"stream_name":"stdout","time":209.981117358,"data":"  \"dtype\": \"torch.float16\",\n"}
,{"stream_name":"stdout","time":209.981122214,"data":"  \"model\": \"black-forest-labs/FLUX.2-klein-4B\"\n"}
,{"stream_name":"stdout","time":209.981127591,"data":"}\n"}
,{"stream_name":"stdout","time":210.284125679,"data":"{\n"}
,{"stream_name":"stdout","time":210.284152866,"data":"  \"success\": false,\n"}
,{"stream_name":"stdout","time":210.284158059,"data":"  \"pipeline\": \"hybrid-image-v1/flux2-klein-4b\",\n"}
,{"stream_name":"stdout","time":210.284162112,"data":"  \"provider\": \"kaggle\",\n"}
,{"stream_name":"stdout","time":210.28416569,"data":"  \"shots\": [\n"}
,{"stream_name":"stdout","time":210.284169141,"data":"    {\n"}
,{"stream_name":"stdout","time":210.284186424,"data":"      \"id\": \"001\",\n"}
,{"stream_name":"stdout","time":210.284189155,"data":"      \"success\": true,\n"}
,{"stream_name":"stdout","time":210.284191477,"data":"      \"file\": \"earth-needs-help-e001-s001.png\",\n"}
,{"stream_name":"stdout","time":210.284193991,"data":"      \"characters\": [\n"}
,{"stream_name":"stdout","time":210.284196311,"data":"        \"captain-pip\",\n"}
,{"stream_name":"stdout","time":210.284198699,"data":"        \"bloop\",\n"}
,{"stream_name":"stdout","time":210.284200971,"data":"        \"zig\",\n"}
,{"stream_name":"stdout","time":210.284203289,"data":"        \"momo\"\n"}
,{"stream_name":"stdout","time":210.284206088,"data":"      ],\n"}
,{"stream_name":"stdout","time":210.28420847,"data":"      \"reference_count\": 4,\n"}
,{"stream_name":"stdout","time":210.284210962,"data":"      \"seed\": 12001,\n"}
,{"stream_name":"stdout","time":210.284214288,"data":"      \"qa_status\": \"pending\",\n"}
,{"stream_name":"stdout","time":210.284217843,"data":"      \"sha256\": \"1344182b06cd92cbcfdec9e45fe50241aeddfb6d994f39b2676aea68f50014fc\"\n"}
,{"stream_name":"stdout","time":210.284220519,"data":"    },\n"}
,{"stream_name":"stdout","time":210.284222705,"data":"    {\n"}
,{"stream_name":"stdout","time":210.284224946,"data":"      \"id\": \"002\",\n"}
,{"stream_name":"stdout","time":210.284227332,"data":"      \"success\": true,\n"}
,{"stream_name":"stdout","time":210.284229638,"data":"      \"file\": \"earth-needs-help-e001-s002.png\",\n"}
,{"stream_name":"stdout","time":210.284232124,"data":"      \"qa_status\": \"pending\",\n"}
,{"stream_name":"stdout","time":210.284234531,"data":"      \"reused_approved_input\": true,\n"}
,{"stream_name":"stdout","time":210.284237113,"data":"      \"source_sha256\": \"dbf90d6c8a801d4e639e31bee2be525e883989628b5737efc4a21646ed59a6a3\",\n"}
,{"stream_name":"stdout","time":210.284239721,"data":"      \"sha256\": \"987828f4068b1d6541f04de22e8dbe8c814cb7dfb2ebe36425063f56f0d74257\"\n"}
,{"stream_name":"stdout","time":210.284242099,"data":"    },\n"}
,{"stream_name":"stdout","time":210.284244386,"data":"    {\n"}
,{"stream_name":"stdout","time":210.284254284,"data":"      \"id\": \"003\",\n"}
,{"stream_name":"stdout","time":210.284256723,"data":"      \"success\": true,\n"}
,{"stream_name":"stdout","time":210.284258992,"data":"      \"file\": \"earth-needs-help-e001-s003.png\",\n"}
,{"stream_name":"stdout","time":210.284261378,"data":"      \"qa_status\": \"pending\",\n"}
,{"stream_name":"stdout","time":210.284263662,"data":"      \"reused_approved_input\": true,\n"}
,{"stream_name":"stdout","time":210.284265979,"data":"      \"source_sha256\": \"fdba3c9bdb0932a015f07acc8c248c07cdb0e2ab915ede8e4a778f10226edaab\",\n"}
,{"stream_name":"stdout","time":210.284268396,"data":"      \"sha256\": \"2a64651df9346b4da80f0c24bcaee153dbfe2e30d3c6a3339cc9d8bd10543cf4\"\n"}
,{"stream_name":"stdout","time":210.284270866,"data":"    },\n"}
,{"stream_name":"stdout","time":210.284273101,"data":"    {\n"}
,{"stream_name":"stdout","time":210.284275238,"data":"      \"id\": \"004\",\n"}
,{"stream_name":"stdout","time":210.284277483,"data":"      \"success\": true,\n"}
,{"stream_name":"stdout","time":210.284279811,"data":"      \"file\": \"earth-needs-help-e001-s004.png\",\n"}
,{"stream_name":"stdout","time":210.284282108,"data":"      \"qa_status\": \"pending\",\n"}
,{"stream_name":"stdout","time":210.284284381,"data":"      \"reused_approved_input\": true,\n"}
,{"stream_name":"stdout","time":210.284286674,"data":"      \"source_sha256\": \"10bd2cce636bce4a8e71482163fbfe95ba58a3d0d02ee38c189741acc08ed126\",\n"}
,{"stream_name":"stdout","time":210.284289143,"data":"      \"sha256\": \"63e9f399773288177dd513a98d30f0883ed581fdb9428f69f1b66a1b74a8dda7\"\n"}
,{"stream_name":"stdout","time":210.284291555,"data":"    },\n"}
,{"stream_name":"stdout","time":210.284293691,"data":"    {\n"}
,{"stream_name":"stdout","time":210.284295858,"data":"      \"id\": \"005\",\n"}
,{"stream_name":"stdout","time":210.284298178,"data":"      \"success\": true,\n"}
,{"stream_name":"stdout","time":210.284300436,"data":"      \"file\": \"earth-needs-help-e001-s005.png\",\n"}
,{"stream_name":"stdout","time":210.284302842,"data":"      \"qa_status\": \"pending\",\n"}
,{"stream_name":"stdout","time":210.284305126,"data":"      \"reused_approved_input\": true,\n"}
,{"stream_name":"stdout","time":210.284307429,"data":"      \"source_sha256\": \"58f27722e31c048be05561f1fe0b0dfd156137634afd5d23a39950c4d232c31f\",\n"}
,{"stream_name":"stdout","time":210.284309961,"data":"      \"sha256\": \"38f779b638bd7b66ac06f3619c8c76cb0d2eae80d157db72495a3ccdf641d1bf\"\n"}
,{"stream_name":"stdout","time":210.284312298,"data":"    },\n"}
,{"stream_name":"stdout","time":210.284314446,"data":"    {\n"}
,{"stream_name":"stdout","time":210.284316619,"data":"      \"id\": \"006a\",\n"}
,{"stream_name":"stdout","time":210.284318893,"data":"      \"success\": true,\n"}
,{"stream_name":"stdout","time":210.284321151,"data":"      \"file\": \"earth-needs-help-e001-s006a.png\",\n"}
,{"stream_name":"stdout","time":210.284323456,"data":"      \"qa_status\": \"pending\",\n"}
,{"stream_name":"stdout","time":210.284325748,"data":"      \"reused_approved_input\": true,\n"}
,{"stream_name":"stdout","time":210.284328931,"data":"      \"source_sha256\": \"0e419efab679d992f49e831d65a4693d75b8c5b50366fb925aa2c32c35dcab24\",\n"}
,{"stream_name":"stdout","time":210.284331374,"data":"      \"sha256\": \"3f2e485841bd5d53fc054c6417d8c85eda68d3c939a93dbcee5e4942ddb4fc4e\"\n"}
,{"stream_name":"stdout","time":210.284333731,"data":"    },\n"}
,{"stream_name":"stdout","time":210.284335894,"data":"    {\n"}
,{"stream_name":"stdout","time":210.284338061,"data":"      \"id\": \"006b\",\n"}
,{"stream_name":"stdout","time":210.284342784,"data":"      \"success\": true,\n"}
,{"stream_name":"stdout","time":210.284345147,"data":"      \"file\": \"earth-needs-help-e001-s006b.png\",\n"}
,{"stream_name":"stdout","time":210.284347445,"data":"      \"qa_status\": \"pending\",\n"}
,{"stream_name":"stdout","time":210.284349779,"data":"      \"reused_approved_input\": true,\n"}
,{"stream_name":"stdout","time":210.284352069,"data":"      \"source_sha256\": \"c1b1bfddc56939ede886c9eb4b7320b3fca245dc584acb42f17f4b6d19f9cdcc\",\n"}
,{"stream_name":"stdout","time":210.284354478,"data":"      \"sha256\": \"904eff9852487067346c1bad4bcc65ed36f611fff4015484fd331608f75828b4\"\n"}
,{"stream_name":"stdout","time":210.284356854,"data":"    }\n"}
,{"stream_name":"stdout","time":210.284359011,"data":"  ],\n"}
,{"stream_name":"stdout","time":210.284361193,"data":"  \"source_commit\": \"0e7121f7dc3a05710c40d0226e1a05abf3f659de\",\n"}
,{"stream_name":"stdout","time":210.284363586,"data":"  \"model_revision\": \"e7b7dc27f91deacad38e78976d1f2b499d76a294\",\n"}
,{"stream_name":"stdout","time":210.284365952,"data":"  \"gpu\": \"Tesla T4\",\n"}
,{"stream_name":"stdout","time":210.284368359,"data":"  \"dtype\": \"torch.float16\",\n"}
,{"stream_name":"stdout","time":210.284370699,"data":"  \"model\": \"black-forest-labs/FLUX.2-klein-4B\"\n"}
,{"stream_name":"stdout","time":210.284373038,"data":"}\n"}
,{"stream_name":"stdout","time":210.593851611,"data":"{\n"}
,{"stream_name":"stdout","time":210.593872951,"data":"  \"success\": false,\n"}
,{"stream_name":"stdout","time":210.593877913,"data":"  \"pipeline\": \"hybrid-image-v1/flux2-klein-4b\",\n"}
,{"stream_name":"stdout","time":210.593882141,"data":"  \"provider\": \"kaggle\",\n"}
,{"stream_name":"stdout","time":210.593886345,"data":"  \"shots\": [\n"}
,{"stream_name":"stdout","time":210.593889826,"data":"    {\n"}
,{"stream_name":"stdout","time":210.593893266,"data":"      \"id\": \"001\",\n"}
,{"stream_name":"stdout","time":210.593897421,"data":"      \"success\": true,\n"}
,{"stream_name":"stdout","time":210.593901486,"data":"      \"file\": \"earth-needs-help-e001-s001.png\",\n"}
,{"stream_name":"stdout","time":210.59390591,"data":"      \"characters\": [\n"}
,{"stream_name":"stdout","time":210.5939097,"data":"        \"captain-pip\",\n"}
,{"stream_name":"stdout","time":210.593913038,"data":"        \"bloop\",\n"}
,{"stream_name":"stdout","time":210.593916376,"data":"        \"zig\",\n"}
,{"stream_name":"stdout","time":210.593919719,"data":"        \"momo\"\n"}
,{"stream_name":"stdout","time":210.593922846,"data":"      ],\n"}
,{"stream_name":"stdout","time":210.593926121,"data":"      \"reference_count\": 4,\n"}
,{"stream_name":"stdout","time":210.593929617,"data":"      \"seed\": 12001,\n"}
,{"stream_name":"stdout","time":210.593932994,"data":"      \"qa_status\": \"pending\",\n"}
,{"stream_name":"stdout","time":210.593936537,"data":"      \"sha256\": \"1344182b06cd92cbcfdec9e45fe50241aeddfb6d994f39b2676aea68f50014fc\"\n"}
,{"stream_name":"stdout","time":210.593940439,"data":"    },\n"}
,{"stream_name":"stdout","time":210.593944122,"data":"    {\n"}
,{"stream_name":"stdout","time":210.593947366,"data":"      \"id\": \"002\",\n"}
,{"stream_name":"stdout","time":210.593950682,"data":"      \"success\": true,\n"}
,{"stream_name":"stdout","time":210.593954323,"data":"      \"file\": \"earth-needs-help-e001-s002.png\",\n"}
,{"stream_name":"stdout","time":210.59395781,"data":"      \"qa_status\": \"pending\",\n"}
,{"stream_name":"stdout","time":210.593961417,"data":"      \"reused_approved_input\": true,\n"}
,{"stream_name":"stdout","time":210.593973444,"data":"      \"source_sha256\": \"dbf90d6c8a801d4e639e31bee2be525e883989628b5737efc4a21646ed59a6a3\",\n"}
,{"stream_name":"stdout","time":210.59397757,"data":"      \"sha256\": \"987828f4068b1d6541f04de22e8dbe8c814cb7dfb2ebe36425063f56f0d74257\"\n"}
,{"stream_name":"stdout","time":210.593981174,"data":"    },\n"}
,{"stream_name":"stdout","time":210.593984192,"data":"    {\n"}
,{"stream_name":"stdout","time":210.593987337,"data":"      \"id\": \"003\",\n"}
,{"stream_name":"stdout","time":210.593990856,"data":"      \"success\": true,\n"}
,{"stream_name":"stdout","time":210.593994174,"data":"      \"file\": \"earth-needs-help-e001-s003.png\",\n"}
,{"stream_name":"stdout","time":210.593997919,"data":"      \"qa_status\": \"pending\",\n"}
,{"stream_name":"stdout","time":210.594001727,"data":"      \"reused_approved_input\": true,\n"}
,{"stream_name":"stdout","time":210.594005184,"data":"      \"source_sha256\": \"fdba3c9bdb0932a015f07acc8c248c07cdb0e2ab915ede8e4a778f10226edaab\",\n"}
,{"stream_name":"stdout","time":210.594008609,"data":"      \"sha256\": \"2a64651df9346b4da80f0c24bcaee153dbfe2e30d3c6a3339cc9d8bd10543cf4\"\n"}
,{"stream_name":"stdout","time":210.594012167,"data":"    },\n"}
,{"stream_name":"stdout","time":210.594015277,"data":"    {\n"}
,{"stream_name":"stdout","time":210.594018387,"data":"      \"id\": \"004\",\n"}
,{"stream_name":"stdout","time":210.594022045,"data":"      \"success\": true,\n"}
,{"stream_name":"stdout","time":210.594025342,"data":"      \"file\": \"earth-needs-help-e001-s004.png\",\n"}
,{"stream_name":"stdout","time":210.594028661,"data":"      \"qa_status\": \"pending\",\n"}
,{"stream_name":"stdout","time":210.594032158,"data":"      \"reused_approved_input\": true,\n"}
,{"stream_name":"stdout","time":210.594035707,"data":"      \"source_sha256\": \"10bd2cce636bce4a8e71482163fbfe95ba58a3d0d02ee38c189741acc08ed126\",\n"}
,{"stream_name":"stdout","time":210.594039163,"data":"      \"sha256\": \"63e9f399773288177dd513a98d30f0883ed581fdb9428f69f1b66a1b74a8dda7\"\n"}
,{"stream_name":"stdout","time":210.594042374,"data":"    },\n"}
,{"stream_name":"stdout","time":210.594046719,"data":"    {\n"}
,{"stream_name":"stdout","time":210.594051144,"data":"      \"id\": \"005\",\n"}
,{"stream_name":"stdout","time":210.594056162,"data":"      \"success\": true,\n"}
,{"stream_name":"stdout","time":210.594060849,"data":"      \"file\": \"earth-needs-help-e001-s005.png\",\n"}
,{"stream_name":"stdout","time":210.594065876,"data":"      \"qa_status\": \"pending\",\n"}
,{"stream_name":"stdout","time":210.594070432,"data":"      \"reused_approved_input\": true,\n"}
,{"stream_name":"stdout","time":210.59407504,"data":"      \"source_sha256\": \"58f27722e31c048be05561f1fe0b0dfd156137634afd5d23a39950c4d232c31f\",\n"}
,{"stream_name":"stdout","time":210.59407967,"data":"      \"sha256\": \"38f779b638bd7b66ac06f3619c8c76cb0d2eae80d157db72495a3ccdf641d1bf\"\n"}
,{"stream_name":"stdout","time":210.594084897,"data":"    },\n"}
,{"stream_name":"stdout","time":210.594090446,"data":"    {\n"}
,{"stream_name":"stdout","time":210.594095904,"data":"      \"id\": \"006a\",\n"}
,{"stream_name":"stdout","time":210.594101217,"data":"      \"success\": true,\n"}
,{"stream_name":"stdout","time":210.594105713,"data":"      \"file\": \"earth-needs-help-e001-s006a.png\",\n"}
,{"stream_name":"stdout","time":210.594110792,"data":"      \"qa_status\": \"pending\",\n"}
,{"stream_name":"stdout","time":210.594115971,"data":"      \"reused_approved_input\": true,\n"}
,{"stream_name":"stdout","time":210.594123259,"data":"      \"source_sha256\": \"0e419efab679d992f49e831d65a4693d75b8c5b50366fb925aa2c32c35dcab24\",\n"}
,{"stream_name":"stdout","time":210.594134626,"data":"      \"sha256\": \"3f2e485841bd5d53fc054c6417d8c85eda68d3c939a93dbcee5e4942ddb4fc4e\"\n"}
,{"stream_name":"stdout","time":210.594140366,"data":"    },\n"}
,{"stream_name":"stdout","time":210.594145763,"data":"    {\n"}
,{"stream_name":"stdout","time":210.594151273,"data":"      \"id\": \"006b\",\n"}
,{"stream_name":"stdout","time":210.594156904,"data":"      \"success\": true,\n"}
,{"stream_name":"stdout","time":210.594162696,"data":"      \"file\": \"earth-needs-help-e001-s006b.png\",\n"}
,{"stream_name":"stdout","time":210.59416841,"data":"      \"qa_status\": \"pending\",\n"}
,{"stream_name":"stdout","time":210.594173441,"data":"      \"reused_approved_input\": true,\n"}
,{"stream_name":"stdout","time":210.594178495,"data":"      \"source_sha256\": \"c1b1bfddc56939ede886c9eb4b7320b3fca245dc584acb42f17f4b6d19f9cdcc\",\n"}
,{"stream_name":"stdout","time":210.594184215,"data":"      \"sha256\": \"904eff9852487067346c1bad4bcc65ed36f611fff4015484fd331608f75828b4\"\n"}
,{"stream_name":"stdout","time":210.594187609,"data":"    },\n"}
,{"stream_name":"stdout","time":210.594190916,"data":"    {\n"}
,{"stream_name":"stdout","time":210.594195759,"data":"      \"id\": \"007\",\n"}
,{"stream_name":"stdout","time":210.59420113,"data":"      \"success\": true,\n"}
,{"stream_name":"stdout","time":210.594206532,"data":"      \"file\": \"earth-needs-help-e001-s007.png\",\n"}
,{"stream_name":"stdout","time":210.594211877,"data":"      \"qa_status\": \"pending\",\n"}
,{"stream_name":"stdout","time":210.594216879,"data":"      \"reused_approved_input\": true,\n"}
,{"stream_name":"stdout","time":210.594221329,"data":"      \"source_sha256\": \"6885f6ceb115f10b8eb79672a29b27c745e69771a4e013a14f9737abfd4ee51c\",\n"}
,{"stream_name":"stdout","time":210.5942259,"data":"      \"sha256\": \"2cd0d3a4e584e18b7fc26af26745900ba5f10d0ea0d2812835186ae7fbfdd15e\"\n"}
,{"stream_name":"stdout","time":210.594231032,"data":"    }\n"}
,{"stream_name":"stdout","time":210.594235616,"data":"  ],\n"}
,{"stream_name":"stdout","time":210.59424003,"data":"  \"source_commit\": \"0e7121f7dc3a05710c40d0226e1a05abf3f659de\",\n"}
,{"stream_name":"stdout","time":210.594244776,"data":"  \"model_revision\": \"e7b7dc27f91deacad38e78976d1f2b499d76a294\",\n"}
,{"stream_name":"stdout","time":210.594249211,"data":"  \"gpu\": \"Tesla T4\",\n"}
,{"stream_name":"stdout","time":210.594253472,"data":"  \"dtype\": \"torch.float16\",\n"}
,{"stream_name":"stdout","time":210.594257712,"data":"  \"model\": \"black-forest-labs/FLUX.2-klein-4B\"\n"}
,{"stream_name":"stdout","time":210.594261856,"data":"}\n"}
,{"stream_name":"stdout","time":210.885235667,"data":"{\n"}
,{"stream_name":"stdout","time":210.885259944,"data":"  \"success\": false,\n"}
,{"stream_name":"stdout","time":210.885265826,"data":"  \"pipeline\": \"hybrid-image-v1/flux2-klein-4b\",\n"}
,{"stream_name":"stdout","time":210.885270636,"data":"  \"provider\": \"kaggle\",\n"}
,{"stream_name":"stdout","time":210.885274972,"data":"  \"shots\": [\n"}
,{"stream_name":"stdout","time":210.885279481,"data":"    {\n"}
,{"stream_name":"stdout","time":210.88528359,"data":"      \"id\": \"001\",\n"}
,{"stream_name":"stdout","time":210.885287792,"data":"      \"success\": true,\n"}
,{"stream_name":"stdout","time":210.885292341,"data":"      \"file\": \"earth-needs-help-e001-s001.png\",\n"}
,{"stream_name":"stdout","time":210.885297102,"data":"      \"characters\": [\n"}
,{"stream_name":"stdout","time":210.885301064,"data":"        \"captain-pip\",\n"}
,{"stream_name":"stdout","time":210.885312759,"data":"        \"bloop\",\n"}
,{"stream_name":"stdout","time":210.885316491,"data":"        \"zig\",\n"}
,{"stream_name":"stdout","time":210.885320142,"data":"        \"momo\"\n"}
,{"stream_name":"stdout","time":210.885340587,"data":"      ],\n"}
,{"stream_name":"stdout","time":210.885343081,"data":"      \"reference_count\": 4,\n"}
,{"stream_name":"stdout","time":210.885345384,"data":"      \"seed\": 12001,\n"}
,{"stream_name":"stdout","time":210.885347797,"data":"      \"qa_status\": \"pending\",\n"}
,{"stream_name":"stdout","time":210.885350149,"data":"      \"sha256\": \"1344182b06cd92cbcfdec9e45fe50241aeddfb6d994f39b2676aea68f50014fc\"\n"}
,{"stream_name":"stdout","time":210.885352594,"data":"    },\n"}
,{"stream_name":"stdout","time":210.885354769,"data":"    {\n"}
,{"stream_name":"stdout","time":210.885356993,"data":"      \"id\": \"002\",\n"}
,{"stream_name":"stdout","time":210.885359246,"data":"      \"success\": true,\n"}
,{"stream_name":"stdout","time":210.885361563,"data":"      \"file\": \"earth-needs-help-e001-s002.png\",\n"}
,{"stream_name":"stdout","time":210.885363899,"data":"      \"qa_status\": \"pending\",\n"}
,{"stream_name":"stdout","time":210.885366306,"data":"      \"reused_approved_input\": true,\n"}
,{"stream_name":"stdout","time":210.88536861,"data":"      \"source_sha256\": \"dbf90d6c8a801d4e639e31bee2be525e883989628b5737efc4a21646ed59a6a3\",\n"}
,{"stream_name":"stdout","time":210.885371063,"data":"      \"sha256\": \"987828f4068b1d6541f04de22e8dbe8c814cb7dfb2ebe36425063f56f0d74257\"\n"}
,{"stream_name":"stdout","time":210.885373412,"data":"    },\n"}
,{"stream_name":"stdout","time":210.885375673,"data":"    {\n"}
,{"stream_name":"stdout","time":210.885377835,"data":"      \"id\": \"003\",\n"}
,{"stream_name":"stdout","time":210.885380073,"data":"      \"success\": true,\n"}
,{"stream_name":"stdout","time":210.885382354,"data":"      \"file\": \"earth-needs-help-e001-s003.png\",\n"}
,{"stream_name":"stdout","time":210.88538470700001,"data":"      \"qa_status\": \"pending\",\n"}
,{"stream_name":"stdout","time":210.885386975,"data":"      \"reused_approved_input\": true,\n"}
,{"stream_name":"stdout","time":210.885389367,"data":"      \"source_sha256\": \"fdba3c9bdb0932a015f07acc8c248c07cdb0e2ab915ede8e4a778f10226edaab\",\n"}
,{"stream_name":"stdout","time":210.88539179,"data":"      \"sha256\": \"2a64651df9346b4da80f0c24bcaee153dbfe2e30d3c6a3339cc9d8bd10543cf4\"\n"}
,{"stream_name":"stdout","time":210.885394143,"data":"    },\n"}
,{"stream_name":"stdout","time":210.8853963,"data":"    {\n"}
,{"stream_name":"stdout","time":210.885398448,"data":"      \"id\": \"004\",\n"}
,{"stream_name":"stdout","time":210.885400702,"data":"      \"success\": true,\n"}
,{"stream_name":"stdout","time":210.885402997,"data":"      \"file\": \"earth-needs-help-e001-s004.png\",\n"}
,{"stream_name":"stdout","time":210.88540526,"data":"      \"qa_status\": \"pending\",\n"}
,{"stream_name":"stdout","time":210.88540762,"data":"      \"reused_approved_input\": true,\n"}
,{"stream_name":"stdout","time":210.885409917,"data":"      \"source_sha256\": \"10bd2cce636bce4a8e71482163fbfe95ba58a3d0d02ee38c189741acc08ed126\",\n"}
,{"stream_name":"stdout","time":210.885412315,"data":"      \"sha256\": \"63e9f399773288177dd513a98d30f0883ed581fdb9428f69f1b66a1b74a8dda7\"\n"}
,{"stream_name":"stdout","time":210.885414652,"data":"    },\n"}
,{"stream_name":"stdout","time":210.885416808,"data":"    {\n"}
,{"stream_name":"stdout","time":210.88541896,"data":"      \"id\": \"005\",\n"}
,{"stream_name":"stdout","time":210.885421312,"data":"      \"success\": true,\n"}
,{"stream_name":"stdout","time":210.885426028,"data":"      \"file\": \"earth-needs-help-e001-s005.png\",\n"}
,{"stream_name":"stdout","time":210.885428426,"data":"      \"qa_status\": \"pending\",\n"}
,{"stream_name":"stdout","time":210.885430707,"data":"      \"reused_approved_input\": true,\n"}
,{"stream_name":"stdout","time":210.885432992,"data":"      \"source_sha256\": \"58f27722e31c048be05561f1fe0b0dfd156137634afd5d23a39950c4d232c31f\",\n"}
,{"stream_name":"stdout","time":210.885435387,"data":"      \"sha256\": \"38f779b638bd7b66ac06f3619c8c76cb0d2eae80d157db72495a3ccdf641d1bf\"\n"}
,{"stream_name":"stdout","time":210.885437728,"data":"    },\n"}
,{"stream_name":"stdout","time":210.88543989,"data":"    {\n"}
,{"stream_name":"stdout","time":210.885442085,"data":"      \"id\": \"006a\",\n"}
,{"stream_name":"stdout","time":210.885444363,"data":"      \"success\": true,\n"}
,{"stream_name":"stdout","time":210.885449857,"data":"      \"file\": \"earth-needs-help-e001-s006a.png\",\n"}
,{"stream_name":"stdout","time":210.885452215,"data":"      \"qa_status\": \"pending\",\n"}
,{"stream_name":"stdout","time":210.885454485,"data":"      \"reused_approved_input\": true,\n"}
,{"stream_name":"stdout","time":210.885457692,"data":"      \"source_sha256\": \"0e419efab679d992f49e831d65a4693d75b8c5b50366fb925aa2c32c35dcab24\",\n"}
,{"stream_name":"stdout","time":210.885460239,"data":"      \"sha256\": \"3f2e485841bd5d53fc054c6417d8c85eda68d3c939a93dbcee5e4942ddb4fc4e\"\n"}
,{"stream_name":"stdout","time":210.885468072,"data":"    },\n"}
,{"stream_name":"stdout","time":210.885470349,"data":"    {\n"}
,{"stream_name":"stdout","time":210.885472482,"data":"      \"id\": \"006b\",\n"}
,{"stream_name":"stdout","time":210.885474839,"data":"      \"success\": true,\n"}
,{"stream_name":"stdout","time":210.885477091,"data":"      \"file\": \"earth-needs-help-e001-s006b.png\",\n"}
,{"stream_name":"stdout","time":210.885479388,"data":"      \"qa_status\": \"pending\",\n"}
,{"stream_name":"stdout","time":210.88548166,"data":"      \"reused_approved_input\": true,\n"}
,{"stream_name":"stdout","time":210.885484005,"data":"      \"source_sha256\": \"c1b1bfddc56939ede886c9eb4b7320b3fca245dc584acb42f17f4b6d19f9cdcc\",\n"}
,{"stream_name":"stdout","time":210.885486405,"data":"      \"sha256\": \"904eff9852487067346c1bad4bcc65ed36f611fff4015484fd331608f75828b4\"\n"}
,{"stream_name":"stdout","time":210.885488796,"data":"    },\n"}
,{"stream_name":"stdout","time":210.885490918,"data":"    {\n"}
,{"stream_name":"stdout","time":210.885493138,"data":"      \"id\": \"007\",\n"}
,{"stream_name":"stdout","time":210.885495376,"data":"      \"success\": true,\n"}
,{"stream_name":"stdout","time":210.885497636,"data":"      \"file\": \"earth-needs-help-e001-s007.png\",\n"}
,{"stream_name":"stdout","time":210.885499923,"data":"      \"qa_status\": \"pending\",\n"}
,{"stream_name":"stdout","time":210.885502258,"data":"      \"reused_approved_input\": true,\n"}
,{"stream_name":"stdout","time":210.885504543,"data":"      \"source_sha256\": \"6885f6ceb115f10b8eb79672a29b27c745e69771a4e013a14f9737abfd4ee51c\",\n"}
,{"stream_name":"stdout","time":210.885507002,"data":"      \"sha256\": \"2cd0d3a4e584e18b7fc26af26745900ba5f10d0ea0d2812835186ae7fbfdd15e\"\n"}
,{"stream_name":"stdout","time":210.885509411,"data":"    },\n"}
,{"stream_name":"stdout","time":210.885511642,"data":"    {\n"}
,{"stream_name":"stdout","time":210.885513792,"data":"      \"id\": \"008\",\n"}
,{"stream_name":"stdout","time":210.885516027,"data":"      \"success\": true,\n"}
,{"stream_name":"stdout","time":210.885518271,"data":"      \"file\": \"earth-needs-help-e001-s008.png\",\n"}
,{"stream_name":"stdout","time":210.885522818,"data":"      \"qa_status\": \"pending\",\n"}
,{"stream_name":"stdout","time":210.885525177,"data":"      \"reused_approved_input\": true,\n"}
,{"stream_name":"stdout","time":210.8855276,"data":"      \"source_sha256\": \"48cc99d9169058afb1b8f2498b1557569804d532f3ef919a5abf3afb53aa1f47\",\n"}
,{"stream_name":"stdout","time":210.885529968,"data":"      \"sha256\": \"5d718570eb967fba7e3703dc733bfdfc2b347ef5af3b190568f0f0bc17fc1081\"\n"}
,{"stream_name":"stdout","time":210.885532315,"data":"    }\n"}
,{"stream_name":"stdout","time":210.885534468,"data":"  ],\n"}
,{"stream_name":"stdout","time":210.885536655,"data":"  \"source_commit\": \"0e7121f7dc3a05710c40d0226e1a05abf3f659de\",\n"}
,{"stream_name":"stdout","time":210.885539038,"data":"  \"model_revision\": \"e7b7dc27f91deacad38e78976d1f2b499d76a294\",\n"}
,{"stream_name":"stdout","time":210.885541398,"data":"  \"gpu\": \"Tesla T4\",\n"}
,{"stream_name":"stdout","time":210.885543688,"data":"  \"dtype\": \"torch.float16\",\n"}
,{"stream_name":"stdout","time":210.885546043,"data":"  \"model\": \"black-forest-labs/FLUX.2-klein-4B\"\n"}
,{"stream_name":"stdout","time":210.885548386,"data":"}\n"}
,{"stream_name":"stdout","time":211.221296122,"data":"{\n"}
,{"stream_name":"stdout","time":211.221319079,"data":"  \"success\": false,\n"}
,{"stream_name":"stdout","time":211.221324505,"data":"  \"pipeline\": \"hybrid-image-v1/flux2-klein-4b\",\n"}
,{"stream_name":"stdout","time":211.221329063,"data":"  \"provider\": \"kaggle\",\n"}
,{"stream_name":"stdout","time":211.221333235,"data":"  \"shots\": [\n"}
,{"stream_name":"stdout","time":211.221337559,"data":"    {\n"}
,{"stream_name":"stdout","time":211.221341586,"data":"      \"id\": \"001\",\n"}
,{"stream_name":"stdout","time":211.221351439,"data":"      \"success\": true,\n"}
,{"stream_name":"stdout","time":211.22135485,"data":"      \"file\": \"earth-needs-help-e001-s001.png\",\n"}
,{"stream_name":"stdout","time":211.221357694,"data":"      \"characters\": [\n"}
,{"stream_name":"stdout","time":211.221360421,"data":"        \"captain-pip\",\n"}
,{"stream_name":"stdout","time":211.221363197,"data":"        \"bloop\",\n"}
,{"stream_name":"stdout","time":211.221365866,"data":"        \"zig\",\n"}
,{"stream_name":"stdout","time":211.221368825,"data":"        \"momo\"\n"}
,{"stream_name":"stdout","time":211.221371596,"data":"      ],\n"}
,{"stream_name":"stdout","time":211.22137417,"data":"      \"reference_count\": 4,\n"}
,{"stream_name":"stdout","time":211.22137689,"data":"      \"seed\": 12001,\n"}
,{"stream_name":"stdout","time":211.22137958,"data":"      \"qa_status\": \"pending\",\n"}
,{"stream_name":"stdout","time":211.221382497,"data":"      \"sha256\": \"1344182b06cd92cbcfdec9e45fe50241aeddfb6d994f39b2676aea68f50014fc\"\n"}
,{"stream_name":"stdout","time":211.221385348,"data":"    },\n"}
,{"stream_name":"stdout","time":211.221387914,"data":"    {\n"}
,{"stream_name":"stdout","time":211.221390497,"data":"      \"id\": \"002\",\n"}
,{"stream_name":"stdout","time":211.221393225,"data":"      \"success\": true,\n"}
,{"stream_name":"stdout","time":211.221395899,"data":"      \"file\": \"earth-needs-help-e001-s002.png\",\n"}
,{"stream_name":"stdout","time":211.22139863,"data":"      \"qa_status\": \"pending\",\n"}
,{"stream_name":"stdout","time":211.221401345,"data":"      \"reused_approved_input\": true,\n"}
,{"stream_name":"stdout","time":211.221404169,"data":"      \"source_sha256\": \"dbf90d6c8a801d4e639e31bee2be525e883989628b5737efc4a21646ed59a6a3\",\n"}
,{"stream_name":"stdout","time":211.221407128,"data":"      \"sha256\": \"987828f4068b1d6541f04de22e8dbe8c814cb7dfb2ebe36425063f56f0d74257\"\n"}
,{"stream_name":"stdout","time":211.221417887,"data":"    },\n"}
,{"stream_name":"stdout","time":211.221420654,"data":"    {\n"}
,{"stream_name":"stdout","time":211.221423211,"data":"      \"id\": \"003\",\n"}
,{"stream_name":"stdout","time":211.221425867,"data":"      \"success\": true,\n"}
,{"stream_name":"stdout","time":211.221428525,"data":"      \"file\": \"earth-needs-help-e001-s003.png\",\n"}
,{"stream_name":"stdout","time":211.221431236,"data":"      \"qa_status\": \"pending\",\n"}
,{"stream_name":"stdout","time":211.2214342,"data":"      \"reused_approved_input\": true,\n"}
,{"stream_name":"stdout","time":211.221436883,"data":"      \"source_sha256\": \"fdba3c9bdb0932a015f07acc8c248c07cdb0e2ab915ede8e4a778f10226edaab\",\n"}
,{"stream_name":"stdout","time":211.22143971,"data":"      \"sha256\": \"2a64651df9346b4da80f0c24bcaee153dbfe2e30d3c6a3339cc9d8bd10543cf4\"\n"}
,{"stream_name":"stdout","time":211.221442551,"data":"    },\n"}
,{"stream_name":"stdout","time":211.221445129,"data":"    {\n"}
,{"stream_name":"stdout","time":211.22144796,"data":"      \"id\": \"004\",\n"}
,{"stream_name":"stdout","time":211.221450634,"data":"      \"success\": true,\n"}
,{"stream_name":"stdout","time":211.221453274,"data":"      \"file\": \"earth-needs-help-e001-s004.png\",\n"}
,{"stream_name":"stdout","time":211.221456014,"data":"      \"qa_status\": \"pending\",\n"}
,{"stream_name":"stdout","time":211.2214587,"data":"      \"reused_approved_input\": true,\n"}
,{"stream_name":"stdout","time":211.221469495,"data":"      \"source_sha256\": \"10bd2cce636bce4a8e71482163fbfe95ba58a3d0d02ee38c189741acc08ed126\",\n"}
,{"stream_name":"stdout","time":211.221472529,"data":"      \"sha256\": \"63e9f399773288177dd513a98d30f0883ed581fdb9428f69f1b66a1b74a8dda7\"\n"}
,{"stream_name":"stdout","time":211.221475346,"data":"    },\n"}
,{"stream_name":"stdout","time":211.221477886,"data":"    {\n"}
,{"stream_name":"stdout","time":211.221480429,"data":"      \"id\": \"005\",\n"}
,{"stream_name":"stdout","time":211.221483054,"data":"      \"success\": true,\n"}
,{"stream_name":"stdout","time":211.221485772,"data":"      \"file\": \"earth-needs-help-e001-s005.png\",\n"}
,{"stream_name":"stdout","time":211.221488458,"data":"      \"qa_status\": \"pending\",\n"}
,{"stream_name":"stdout","time":211.221491114,"data":"      \"reused_approved_input\": true,\n"}
,{"stream_name":"stdout","time":211.221493851,"data":"      \"source_sha256\": \"58f27722e31c048be05561f1fe0b0dfd156137634afd5d23a39950c4d232c31f\",\n"}
,{"stream_name":"stdout","time":211.221496726,"data":"      \"sha256\": \"38f779b638bd7b66ac06f3619c8c76cb0d2eae80d157db72495a3ccdf641d1bf\"\n"}
,{"stream_name":"stdout","time":211.2214995,"data":"    },\n"}
,{"stream_name":"stdout","time":211.221502029,"data":"    {\n"}
,{"stream_name":"stdout","time":211.221504556,"data":"      \"id\": \"006a\",\n"}
,{"stream_name":"stdout","time":211.2215073,"data":"      \"success\": true,\n"}
,{"stream_name":"stdout","time":211.221509954,"data":"      \"file\": \"earth-needs-help-e001-s006a.png\",\n"}
,{"stream_name":"stdout","time":211.221512686,"data":"      \"qa_status\": \"pending\",\n"}
,{"stream_name":"stdout","time":211.221515431,"data":"      \"reused_approved_input\": true,\n"}
,{"stream_name":"stdout","time":211.22151903,"data":"      \"source_sha256\": \"0e419efab679d992f49e831d65a4693d75b8c5b50366fb925aa2c32c35dcab24\",\n"}
,{"stream_name":"stdout","time":211.221521894,"data":"      \"sha256\": \"3f2e485841bd5d53fc054c6417d8c85eda68d3c939a93dbcee5e4942ddb4fc4e\"\n"}
,{"stream_name":"stdout","time":211.221527515,"data":"    },\n"}
,{"stream_name":"stdout","time":211.221530235,"data":"    {\n"}
,{"stream_name":"stdout","time":211.221532765,"data":"      \"id\": \"006b\",\n"}
,{"stream_name":"stdout","time":211.221535493,"data":"      \"success\": true,\n"}
,{"stream_name":"stdout","time":211.221538135,"data":"      \"file\": \"earth-needs-help-e001-s006b.png\",\n"}
,{"stream_name":"stdout","time":211.221540887,"data":"      \"qa_status\": \"pending\",\n"}
,{"stream_name":"stdout","time":211.22154356,"data":"      \"reused_approved_input\": true,\n"}
,{"stream_name":"stdout","time":211.221546255,"data":"      \"source_sha256\": \"c1b1bfddc56939ede886c9eb4b7320b3fca245dc584acb42f17f4b6d19f9cdcc\",\n"}
,{"stream_name":"stdout","time":211.221549078,"data":"      \"sha256\": \"904eff9852487067346c1bad4bcc65ed36f611fff4015484fd331608f75828b4\"\n"}
,{"stream_name":"stdout","time":211.221551854,"data":"    },\n"}
,{"stream_name":"stdout","time":211.221554379,"data":"    {\n"}
,{"stream_name":"stdout","time":211.221556896,"data":"      \"id\": \"007\",\n"}
,{"stream_name":"stdout","time":211.221559551,"data":"      \"success\": true,\n"}
,{"stream_name":"stdout","time":211.221562266,"data":"      \"file\": \"earth-needs-help-e001-s007.png\",\n"}
,{"stream_name":"stdout","time":211.22156493,"data":"      \"qa_status\": \"pending\",\n"}
,{"stream_name":"stdout","time":211.2215676,"data":"      \"reused_approved_input\": true,\n"}
,{"stream_name":"stdout","time":211.221587632,"data":"      \"source_sha256\": \"6885f6ceb115f10b8eb79672a29b27c745e69771a4e013a14f9737abfd4ee51c\",\n"}
,{"stream_name":"stdout","time":211.221592587,"data":"      \"sha256\": \"2cd0d3a4e584e18b7fc26af26745900ba5f10d0ea0d2812835186ae7fbfdd15e\"\n"}
,{"stream_name":"stdout","time":211.221597368,"data":"    },\n"}
,{"stream_name":"stdout","time":211.221601641,"data":"    {\n"}
,{"stream_name":"stdout","time":211.221605994,"data":"      \"id\": \"008\",\n"}
,{"stream_name":"stdout","time":211.221610523,"data":"      \"success\": true,\n"}
,{"stream_name":"stdout","time":211.22161508,"data":"      \"file\": \"earth-needs-help-e001-s008.png\",\n"}
,{"stream_name":"stdout","time":211.221619906,"data":"      \"qa_status\": \"pending\",\n"}
,{"stream_name":"stdout","time":211.221626001,"data":"      \"reused_approved_input\": true,\n"}
,{"stream_name":"stdout","time":211.221633349,"data":"      \"source_sha256\": \"48cc99d9169058afb1b8f2498b1557569804d532f3ef919a5abf3afb53aa1f47\",\n"}
,{"stream_name":"stdout","time":211.221636314,"data":"      \"sha256\": \"5d718570eb967fba7e3703dc733bfdfc2b347ef5af3b190568f0f0bc17fc1081\"\n"}
,{"stream_name":"stdout","time":211.221639157,"data":"    },\n"}
,{"stream_name":"stdout","time":211.221680247,"data":"    {\n"}
,{"stream_name":"stdout","time":211.221684975,"data":"      \"id\": \"009\",\n"}
,{"stream_name":"stdout","time":211.221689017,"data":"      \"success\": true,\n"}
,{"stream_name":"stdout","time":211.221698233,"data":"      \"file\": \"earth-needs-help-e001-s009.png\",\n"}
,{"stream_name":"stdout","time":211.221702264,"data":"      \"qa_status\": \"pending\",\n"}
,{"stream_name":"stdout","time":211.221705046,"data":"      \"reused_approved_input\": true,\n"}
,{"stream_name":"stdout","time":211.221707767,"data":"      \"source_sha256\": \"a670879c90152393a92c8f5fb11edd5fc432dadfa7f276654a8950eb1b116cba\",\n"}
,{"stream_name":"stdout","time":211.221710608,"data":"      \"sha256\": \"f695bdf2f88eedcb36b34e1ac3283a9a4a8d78bdb0d09085ae0a23d3dce1e5db\"\n"}
,{"stream_name":"stdout","time":211.221713426,"data":"    }\n"}
,{"stream_name":"stdout","time":211.221719962,"data":"  ],\n"}
,{"stream_name":"stdout","time":211.22172288,"data":"  \"source_commit\": \"0e7121f7dc3a05710c40d0226e1a05abf3f659de\",\n"}
,{"stream_name":"stdout","time":211.221725694,"data":"  \"model_revision\": \"e7b7dc27f91deacad38e78976d1f2b499d76a294\",\n"}
,{"stream_name":"stdout","time":211.221731226,"data":"  \"gpu\": \"Tesla T4\",\n"}
,{"stream_name":"stdout","time":211.221734009,"data":"  \"dtype\": \"torch.float16\",\n"}
,{"stream_name":"stdout","time":211.221736833,"data":"  \"model\": \"black-forest-labs/FLUX.2-klein-4B\"\n"}
,{"stream_name":"stdout","time":211.221739623,"data":"}\n"}
,{"stream_name":"stdout","time":211.221935533,"data":"{\n"}
,{"stream_name":"stdout","time":211.221945376,"data":"  \"success\": true,\n"}
,{"stream_name":"stdout","time":211.221950294,"data":"  \"pipeline\": \"hybrid-image-v1/flux2-klein-4b\",\n"}
,{"stream_name":"stdout","time":211.22195453,"data":"  \"provider\": \"kaggle\",\n"}
,{"stream_name":"stdout","time":211.221958604,"data":"  \"shots\": [\n"}
,{"stream_name":"stdout","time":211.221963218,"data":"    {\n"}
,{"stream_name":"stdout","time":211.221967625,"data":"      \"id\": \"001\",\n"}
,{"stream_name":"stdout","time":211.221971778,"data":"      \"success\": true,\n"}
,{"stream_name":"stdout","time":211.221976849,"data":"      \"file\": \"earth-needs-help-e001-s001.png\",\n"}
,{"stream_name":"stdout","time":211.221981024,"data":"      \"characters\": [\n"}
,{"stream_name":"stdout","time":211.221985013,"data":"        \"captain-pip\",\n"}
,{"stream_name":"stdout","time":211.221989015,"data":"        \"bloop\",\n"}
,{"stream_name":"stdout","time":211.221992969,"data":"        \"zig\",\n"}
,{"stream_name":"stdout","time":211.22199689,"data":"        \"momo\"\n"}
,{"stream_name":"stdout","time":211.222000866,"data":"      ],\n"}
,{"stream_name":"stdout","time":211.222010307,"data":"      \"reference_count\": 4,\n"}
,{"stream_name":"stdout","time":211.222014118,"data":"      \"seed\": 12001,\n"}
,{"stream_name":"stdout","time":211.222016816,"data":"      \"qa_status\": \"pending\",\n"}
,{"stream_name":"stdout","time":211.222019578,"data":"      \"sha256\": \"1344182b06cd92cbcfdec9e45fe50241aeddfb6d994f39b2676aea68f50014fc\"\n"}
,{"stream_name":"stdout","time":211.222022342,"data":"    },\n"}
,{"stream_name":"stdout","time":211.22202496,"data":"    {\n"}
,{"stream_name":"stdout","time":211.222027505,"data":"      \"id\": \"002\",\n"}
,{"stream_name":"stdout","time":211.222030173,"data":"      \"success\": true,\n"}
,{"stream_name":"stdout","time":211.222032841,"data":"      \"file\": \"earth-needs-help-e001-s002.png\",\n"}
,{"stream_name":"stdout","time":211.222035705,"data":"      \"qa_status\": \"pending\",\n"}
,{"stream_name":"stdout","time":211.222038395,"data":"      \"reused_approved_input\": true,\n"}
,{"stream_name":"stdout","time":211.222041158,"data":"      \"source_sha256\": \"dbf90d6c8a801d4e639e31bee2be525e883989628b5737efc4a21646ed59a6a3\",\n"}
,{"stream_name":"stdout","time":211.222059307,"data":"      \"sha256\": \"987828f4068b1d6541f04de22e8dbe8c814cb7dfb2ebe36425063f56f0d74257\"\n"}
,{"stream_name":"stdout","time":211.22206425,"data":"    },\n"}
,{"stream_name":"stdout","time":211.222068859,"data":"    {\n"}
,{"stream_name":"stdout","time":211.222073097,"data":"      \"id\": \"003\",\n"}
,{"stream_name":"stdout","time":211.222077938,"data":"      \"success\": true,\n"}
,{"stream_name":"stdout","time":211.222082624,"data":"      \"file\": \"earth-needs-help-e001-s003.png\",\n"}
,{"stream_name":"stdout","time":211.222086741,"data":"      \"qa_status\": \"pending\",\n"}
,{"stream_name":"stdout","time":211.222098712,"data":"      \"reused_approved_input\": true,\n"}
,{"stream_name":"stdout","time":211.222102987,"data":"      \"source_sha256\": \"fdba3c9bdb0932a015f07acc8c248c07cdb0e2ab915ede8e4a778f10226edaab\",\n"}
,{"stream_name":"stdout","time":211.222107372,"data":"      \"sha256\": \"2a64651df9346b4da80f0c24bcaee153dbfe2e30d3c6a3339cc9d8bd10543cf4\"\n"}
,{"stream_name":"stdout","time":211.22211161,"data":"    },\n"}
,{"stream_name":"stdout","time":211.222115499,"data":"    {\n"}
,{"stream_name":"stdout","time":211.222119257,"data":"      \"id\": \"004\",\n"}
,{"stream_name":"stdout","time":211.222123307,"data":"      \"success\": true,\n"}
,{"stream_name":"stdout","time":211.22212927,"data":"      \"file\": \"earth-needs-help-e001-s004.png\",\n"}
,{"stream_name":"stdout","time":211.222136542,"data":"      \"qa_status\": \"pending\",\n"}
,{"stream_name":"stdout","time":211.222139318,"data":"      \"reused_approved_input\": true,\n"}
,{"stream_name":"stdout","time":211.222142107,"data":"      \"source_sha256\": \"10bd2cce636bce4a8e71482163fbfe95ba58a3d0d02ee38c189741acc08ed126\",\n"}
,{"stream_name":"stdout","time":211.222144947,"data":"      \"sha256\": \"63e9f399773288177dd513a98d30f0883ed581fdb9428f69f1b66a1b74a8dda7\"\n"}
,{"stream_name":"stdout","time":211.222160691,"data":"    },\n"}
,{"stream_name":"stdout","time":211.222165381,"data":"    {\n"}
,{"stream_name":"stdout","time":211.222169942,"data":"      \"id\": \"005\",\n"}
,{"stream_name":"stdout","time":211.222174587,"data":"      \"success\": true,\n"}
,{"stream_name":"stdout","time":211.222179193,"data":"      \"file\": \"earth-needs-help-e001-s005.png\",\n"}
,{"stream_name":"stdout","time":211.222184015,"data":"      \"qa_status\": \"pending\",\n"}
,{"stream_name":"stdout","time":211.222188231,"data":"      \"reused_approved_input\": true,\n"}
,{"stream_name":"stdout","time":211.222192245,"data":"      \"source_sha256\": \"58f27722e31c048be05561f1fe0b0dfd156137634afd5d23a39950c4d232c31f\",\n"}
,{"stream_name":"stdout","time":211.222196563,"data":"      \"sha256\": \"38f779b638bd7b66ac06f3619c8c76cb0d2eae80d157db72495a3ccdf641d1bf\"\n"}
,{"stream_name":"stdout","time":211.222200796,"data":"    },\n"}
,{"stream_name":"stdout","time":211.222204681,"data":"    {\n"}
,{"stream_name":"stdout","time":211.222208465,"data":"      \"id\": \"006a\",\n"}
,{"stream_name":"stdout","time":211.222212553,"data":"      \"success\": true,\n"}
,{"stream_name":"stdout","time":211.222216792,"data":"      \"file\": \"earth-needs-help-e001-s006a.png\",\n"}
,{"stream_name":"stdout","time":211.222220921,"data":"      \"qa_status\": \"pending\",\n"}
,{"stream_name":"stdout","time":211.222225005,"data":"      \"reused_approved_input\": true,\n"}
,{"stream_name":"stdout","time":211.222229732,"data":"      \"source_sha256\": \"0e419efab679d992f49e831d65a4693d75b8c5b50366fb925aa2c32c35dcab24\",\n"}
,{"stream_name":"stdout","time":211.222234043,"data":"      \"sha256\": \"3f2e485841bd5d53fc054c6417d8c85eda68d3c939a93dbcee5e4942ddb4fc4e\"\n"}
,{"stream_name":"stdout","time":211.222240325,"data":"    },\n"}
,{"stream_name":"stdout","time":211.222247302,"data":"    {\n"}
,{"stream_name":"stdout","time":211.222264385,"data":"      \"id\": \"006b\",\n"}
,{"stream_name":"stdout","time":211.222269042,"data":"      \"success\": true,\n"}
,{"stream_name":"stdout","time":211.222273639,"data":"      \"file\": \"earth-needs-help-e001-s006b.png\",\n"}
,{"stream_name":"stdout","time":211.222278085,"data":"      \"qa_status\": \"pending\",\n"}
,{"stream_name":"stdout","time":211.22228314,"data":"      \"reused_approved_input\": true,\n"}
,{"stream_name":"stdout","time":211.222291408,"data":"      \"source_sha256\": \"c1b1bfddc56939ede886c9eb4b7320b3fca245dc584acb42f17f4b6d19f9cdcc\",\n"}
,{"stream_name":"stdout","time":211.222295799,"data":"      \"sha256\": \"904eff9852487067346c1bad4bcc65ed36f611fff4015484fd331608f75828b4\"\n"}
,{"stream_name":"stdout","time":211.222299987,"data":"    },\n"}
,{"stream_name":"stdout","time":211.222303833,"data":"    {\n"}
,{"stream_name":"stdout","time":211.222307563,"data":"      \"id\": \"007\",\n"}
,{"stream_name":"stdout","time":211.222311576,"data":"      \"success\": true,\n"}
,{"stream_name":"stdout","time":211.222315558,"data":"      \"file\": \"earth-needs-help-e001-s007.png\",\n"}
,{"stream_name":"stdout","time":211.22231958,"data":"      \"qa_status\": \"pending\",\n"}
,{"stream_name":"stdout","time":211.222323603,"data":"      \"reused_approved_input\": true,\n"}
,{"stream_name":"stdout","time":211.222327675,"data":"      \"source_sha256\": \"6885f6ceb115f10b8eb79672a29b27c745e69771a4e013a14f9737abfd4ee51c\",\n"}
,{"stream_name":"stdout","time":211.22234768,"data":"      \"sha256\": \"2cd0d3a4e584e18b7fc26af26745900ba5f10d0ea0d2812835186ae7fbfdd15e\"\n"}
,{"stream_name":"stdout","time":211.222352384,"data":"    },\n"}
,{"stream_name":"stdout","time":211.222357004,"data":"    {\n"}
,{"stream_name":"stdout","time":211.222361324,"data":"      \"id\": \"008\",\n"}
,{"stream_name":"stdout","time":211.222366175,"data":"      \"success\": true,\n"}
,{"stream_name":"stdout","time":211.222370071,"data":"      \"file\": \"earth-needs-help-e001-s008.png\",\n"}
,{"stream_name":"stdout","time":211.222374053,"data":"      \"qa_status\": \"pending\",\n"}
,{"stream_name":"stdout","time":211.222377989,"data":"      \"reused_approved_input\": true,\n"}
,{"stream_name":"stdout","time":211.222381861,"data":"      \"source_sha256\": \"48cc99d9169058afb1b8f2498b1557569804d532f3ef919a5abf3afb53aa1f47\",\n"}
,{"stream_name":"stdout","time":211.222385984,"data":"      \"sha256\": \"5d718570eb967fba7e3703dc733bfdfc2b347ef5af3b190568f0f0bc17fc1081\"\n"}
,{"stream_name":"stdout","time":211.222390026,"data":"    },\n"}
,{"stream_name":"stdout","time":211.222393741,"data":"    {\n"}
,{"stream_name":"stdout","time":211.222397376,"data":"      \"id\": \"009\",\n"}
,{"stream_name":"stdout","time":211.222401253,"data":"      \"success\": true,\n"}
,{"stream_name":"stdout","time":211.222405066,"data":"      \"file\": \"earth-needs-help-e001-s009.png\",\n"}
,{"stream_name":"stdout","time":211.222409111,"data":"      \"qa_status\": \"pending\",\n"}
,{"stream_name":"stdout","time":211.22241301,"data":"      \"reused_approved_input\": true,\n"}
,{"stream_name":"stdout","time":211.222416866,"data":"      \"source_sha256\": \"a670879c90152393a92c8f5fb11edd5fc432dadfa7f276654a8950eb1b116cba\",\n"}
,{"stream_name":"stdout","time":211.222421107,"data":"      \"sha256\": \"f695bdf2f88eedcb36b34e1ac3283a9a4a8d78bdb0d09085ae0a23d3dce1e5db\"\n"}
,{"stream_name":"stdout","time":211.222430308,"data":"    }\n"}
,{"stream_name":"stdout","time":211.222433478,"data":"  ],\n"}
,{"stream_name":"stdout","time":211.222449073,"data":"  \"source_commit\": \"0e7121f7dc3a05710c40d0226e1a05abf3f659de\",\n"}
,{"stream_name":"stdout","time":211.222453953,"data":"  \"model_revision\": \"e7b7dc27f91deacad38e78976d1f2b499d76a294\",\n"}
,{"stream_name":"stdout","time":211.22245868,"data":"  \"gpu\": \"Tesla T4\",\n"}
,{"stream_name":"stdout","time":211.222468943,"data":"  \"dtype\": \"torch.float16\",\n"}
,{"stream_name":"stdout","time":211.222472958,"data":"  \"model\": \"black-forest-labs/FLUX.2-klein-4B\",\n"}
,{"stream_name":"stdout","time":211.222480607,"data":"  \"elapsed_seconds\": 204.3\n"}
,{"stream_name":"stdout","time":211.222484527,"data":"}\n"}
,{"stream_name":"stderr","time":217.953306976,"data":"/usr/local/lib/python3.12/dist-packages/mistune.py:435: SyntaxWarning: invalid escape sequence '\\|'\n"}
,{"stream_name":"stderr","time":217.953353752,"data":"  cells[i][c] = re.sub('\\\\\\\\\\|', '|', cell)\n"}
,{"stream_name":"stderr","time":218.238572475,"data":"/usr/local/lib/python3.12/dist-packages/nbconvert/filters/filter_links.py:36: SyntaxWarning: invalid escape sequence '\\_'\n"}
,{"stream_name":"stderr","time":218.238615786,"data":"  text = re.sub(r'_', '\\_', text) # Escape underscores in display text\n"}
,{"stream_name":"stderr","time":218.897080836,"data":"[NbConvertApp] Converting notebook __script__.ipynb to html\n"}
,{"stream_name":"stderr","time":220.131694256,"data":"[NbConvertApp] Writing 288666 bytes to __results__.html\n"}
]
