rializing param=model.layers.8.self_attn.q_norm.weight]\u001b[A\n"}
,{"stream_name":"stderr","time":147.621652597,"data":"\rLoading weights:  25%|██▍       | 99/398 [00:03\u003c00:13, 22.09it/s, Materializing param=model.layers.8.self_attn.q_proj.weight]\u001b[A\n"}
,{"stream_name":"stderr","time":147.622007868,"data":"\rLoading weights:  25%|██▍       | 99/398 [00:03\u003c00:13, 22.09it/s, Materializing param=model.layers.8.self_attn.q_proj.weight]\u001b[A\n"}
,{"stream_name":"stderr","time":147.622548203,"data":"\rLoading weights:  25%|██▌       | 100/398 [00:03\u003c00:13, 22.09it/s, Materializing param=model.layers.8.self_attn.v_proj.weight]\u001b[A\n"}
,{"stream_name":"stderr","time":147.622984899,"data":"\rLoading weights:  25%|██▌       | 100/398 [00:03\u003c00:13, 22.09it/s, Materializing param=model.layers.8.self_attn.v_proj.weight]\u001b[A\n"}
,{"stream_name":"stderr","time":147.623419078,"data":"\rLoading weights:  25%|██▌       | 101/398 [00:03\u003c00:13, 22.09it/s, Materializing param=model.layers.9.input_layernorm.weight] \u001b[A\n"}
,{"stream_name":"stderr","time":147.624387044,"data":"\rLoading weights:  25%|██▌       | 101/398 [00:03\u003c00:13, 22.09it/s, Materializing param=model.layers.9.input_layernorm.weight]\u001b[A\n"}
,{"stream_name":"stderr","time":147.625613881,"data":"\rLoading weights:  26%|██▌       | 102/398 [00:03\u003c00:13, 22.09it/s, Materializing param=model.layers.9.mlp.down_proj.weight]  \u001b[A\n"}
,{"stream_name":"stderr","time":147.626406995,"data":"\rLoading weights:  26%|██▌       | 102/398 [00:03\u003c00:13, 22.09it/s, Materializing param=model.layers.9.mlp.down_proj.weight]\u001b[A\n"}
,{"stream_name":"stderr","time":147.628695404,"data":"\rLoading weights:  26%|██▌       | 103/398 [00:03\u003c00:13, 22.09it/s, Materializing param=model.layers.9.mlp.gate_proj.weight]\u001b[A\n"}
,{"stream_name":"stderr","time":147.62963448,"data":"\rLoading weights:  26%|██▌       | 103/398 [00:03\u003c00:13, 22.09it/s, Materializing param=model.layers.9.mlp.gate_proj.weight]\u001b[A\n"}
,{"stream_name":"stderr","time":147.629653138,"data":"\rLoading weights:  26%|██▌       | 104/398 [00:03\u003c00:13, 22.09it/s, Materializing param=model.layers.9.mlp.up_proj.weight]  \u001b[A\n"}
,{"stream_name":"stderr","time":147.629658567,"data":"\rLoading weights:  26%|██▌       | 104/398 [00:03\u003c00:13, 22.09it/s, Materializing param=model.layers.9.mlp.up_proj.weight]\u001b[A\n"}
,{"stream_name":"stderr","time":147.629892214,"data":"\rLoading weights:  26%|██▋       | 105/398 [00:03\u003c00:13, 22.09it/s, Materializing param=model.layers.9.post_attention_layernorm.weight]\u001b[A\n"}
,{"stream_name":"stderr","time":147.630236483,"data":"\rLoading weights:  26%|██▋       | 105/398 [00:03\u003c00:13, 22.09it/s, Materializing param=model.layers.9.post_attention_layernorm.weight]\u001b[A\n"}
,{"stream_name":"stderr","time":147.630492766,"data":"\rLoading weights:  27%|██▋       | 106/398 [00:03\u003c00:13, 22.09it/s, Materializing param=model.layers.9.self_attn.k_norm.weight]        \u001b[A\n"}
,{"stream_name":"stderr","time":147.630900507,"data":"\rLoading weights:  27%|██▋       | 106/398 [00:03\u003c00:13, 22.09it/s, Materializing param=model.layers.9.self_attn.k_norm.weight]\u001b[A\n"}
,{"stream_name":"stderr","time":147.632665241,"data":"\rLoading weights:  27%|██▋       | 107/398 [00:03\u003c00:13, 22.09it/s, Materializing param=model.layers.9.self_attn.k_proj.weight]\u001b[A\n"}
,{"stream_name":"stderr","time":147.633061484,"data":"\rLoading weights:  27%|██▋       | 107/398 [00:03\u003c00:13, 22.09it/s, Materializing param=model.layers.9.self_attn.k_proj.weight]\u001b[A\n"}
,{"stream_name":"stderr","time":147.633712109,"data":"\rLoading weights:  27%|██▋       | 108/398 [00:03\u003c00:13, 22.09it/s, Materializing param=model.layers.9.self_attn.o_proj.weight]\u001b[A\n"}
,{"stream_name":"stderr","time":147.633726865,"data":"\rLoading weights:  27%|██▋       | 108/398 [00:03\u003c00:13, 22.09it/s, Materializing param=model.layers.9.self_attn.o_proj.weight]\u001b[A\n"}
,{"stream_name":"stderr","time":147.634094173,"data":"\rLoading weights:  27%|██▋       | 109/398 [00:03\u003c00:13, 22.09it/s, Materializing param=model.layers.9.self_attn.q_norm.weight]\u001b[A\n"}
,{"stream_name":"stderr","time":147.636652258,"data":"\rLoading weights:  27%|██▋       | 109/398 [00:03\u003c00:13, 22.09it/s, Materializing param=model.layers.9.self_attn.q_norm.weight]\u001b[A\n"}
,{"stream_name":"stderr","time":147.640024345,"data":"\rLoading weights:  28%|██▊       | 110/398 [00:03\u003c00:13, 22.09it/s, Materializing param=model.layers.9.self_attn.q_proj.weight]\u001b[A\n"}
,{"stream_name":"stderr","time":147.641668056,"data":"\rLoading weights:  28%|██▊       | 110/398 [00:03\u003c00:13, 22.09it/s, Materializing param=model.layers.9.self_attn.q_proj.weight]\u001b[A\n"}
,{"stream_name":"stderr","time":147.6416849,"data":"\rLoading weights:  28%|██▊       | 111/398 [00:03\u003c00:05, 54.93it/s, Materializing param=model.layers.9.self_attn.q_proj.weight]\u001b[A\n"}
,{"stream_name":"stderr","time":147.641689994,"data":"\rLoading weights:  28%|██▊       | 111/398 [00:03\u003c00:05, 54.93it/s, Materializing param=model.layers.9.self_attn.v_proj.weight]\u001b[A\n"}
,{"stream_name":"stderr","time":147.641694814,"data":"\rLoading weights:  28%|██▊       | 111/398 [00:03\u003c00:05, 54.93it/s, Materializing param=model.layers.9.self_attn.v_proj.weight]\u001b[A\n"}
,{"stream_name":"stderr","time":147.641698802,"data":"\rLoading weights:  28%|██▊       | 112/398 [00:03\u003c00:05, 54.93it/s, Materializing param=model.layers.10.input_layernorm.weight]\u001b[A\n"}
,{"stream_name":"stderr","time":147.643102307,"data":"\rLoading weights:  28%|██▊       | 112/398 [00:03\u003c00:05, 54.93it/s, Materializing param=model.layers.10.input_layernorm.weight]\u001b[A\n"}
,{"stream_name":"stderr","time":147.645709757,"data":"\rLoading weights:  28%|██▊       | 113/398 [00:03\u003c00:05, 54.93it/s, Materializing param=model.layers.10.mlp.down_proj.weight]  \u001b[A\n"}
,{"stream_name":"stderr","time":147.646320469,"data":"\rLoading weights:  28%|██▊       | 113/398 [00:03\u003c00:05, 54.93it/s, Materializing param=model.layers.10.mlp.down_proj.weight]\u001b[A\n"}
,{"stream_name":"stderr","time":147.6468323,"data":"\rLoading weights:  29%|██▊       | 114/398 [00:03\u003c00:05, 54.93it/s, Materializing param=model.layers.10.mlp.gate_proj.weight]\u001b[A\n"}
,{"stream_name":"stderr","time":147.648595489,"data":"\rLoading weights:  29%|██▊       | 114/398 [00:03\u003c00:05, 54.93it/s, Materializing param=model.layers.10.mlp.gate_proj.weight]\u001b[A\n"}
,{"stream_name":"stderr","time":147.648617546,"data":"\rLoading weights:  29%|██▉       | 115/398 [00:03\u003c00:05, 54.93it/s, Materializing param=model.layers.10.mlp.up_proj.weight]  \u001b[A\n"}
,{"stream_name":"stderr","time":147.648622872,"data":"\rLoading weights:  29%|██▉       | 115/398 [00:03\u003c00:05, 54.93it/s, Materializing param=model.layers.10.mlp.up_proj.weight]\u001b[A\n"}
,{"stream_name":"stderr","time":147.648628484,"data":"\rLoading weights:  29%|██▉       | 116/398 [00:03\u003c00:05, 54.93it/s, Materializing param=model.layers.10.post_attention_layernorm.weight]\u001b[A\n"}
,{"stream_name":"stderr","time":147.648633774,"data":"\rLoading weights:  29%|██▉       | 116/398 [00:03\u003c00:05, 54.93it/s, Materializing param=model.layers.10.post_attention_layernorm.weight]\u001b[A\n"}
,{"stream_name":"stderr","time":147.648638039,"data":"\rLoading weights:  29%|██▉       | 117/398 [00:03\u003c00:05, 54.93it/s, Materializing param=model.layers.10.self_attn.k_norm.weight]        \u001b[A\n"}
,{"stream_name":"stderr","time":147.648642494,"data":"\rLoading weights:  29%|██▉       | 117/398 [00:03\u003c00:05, 54.93it/s, Materializing param=model.layers.10.self_attn.k_norm.weight]\u001b[A\n"}
,{"stream_name":"stderr","time":147.64929261,"data":"\rLoading weights:  30%|██▉       | 118/398 [00:03\u003c00:05, 54.93it/s, Materializing param=model.layers.10.self_attn.k_proj.weight]\u001b[A\n"}
,{"stream_name":"stderr","time":147.65085984,"data":"\rLoading weights:  30%|██▉       | 118/398 [00:03\u003c00:05, 54.93it/s, Materializing param=model.layers.10.self_attn.k_proj.weight]\u001b[A\n"}
,{"stream_name":"stderr","time":147.651374377,"data":"\rLoading weights:  30%|██▉       | 119/398 [00:03\u003c00:05, 54.93it/s, Materializing param=model.layers.10.self_attn.o_proj.weight]\u001b[A\n"}
,{"stream_name":"stderr","time":147.652001714,"data":"\rLoading weights:  30%|██▉       | 119/398 [00:03\u003c00:05, 54.93it/s, Materializing param=model.layers.10.self_attn.o_proj.weight]\u001b[A\n"}
,{"stream_name":"stderr","time":147.652795616,"data":"\rLoading weights:  30%|███       | 120/398 [00:03\u003c00:05, 54.93it/s, Materializing param=model.layers.10.self_attn.q_norm.weight]\u001b[A\n"}
,{"stream_name":"stderr","time":147.653378775,"data":"\rLoading weights:  30%|███       | 120/398 [00:03\u003c00:05, 54.93it/s, Materializing param=model.layers.10.self_attn.q_norm.weight]\u001b[A\n"}
,{"stream_name":"stderr","time":147.654942367,"data":"\rLoading weights:  30%|███       | 121/398 [00:03\u003c00:05, 54.93it/s, Materializing param=model.layers.10.self_attn.q_proj.weight]\u001b[A\n"}
,{"stream_name":"stderr","time":147.655583167,"data":"\rLoading weights:  30%|███       | 121/398 [00:03\u003c00:05, 54.93it/s, Materializing param=model.layers.10.self_attn.q_proj.weight]\u001b[A\n"}
,{"stream_name":"stderr","time":147.656047984,"data":"\rLoading weights:  31%|███       | 122/398 [00:03\u003c00:05, 54.93it/s, Materializing param=model.layers.10.self_attn.v_proj.weight]\u001b[A\n"}
,{"stream_name":"stderr","time":147.656657535,"data":"\rLoading weights:  31%|███       | 122/398 [00:03\u003c00:05, 54.93it/s, Materializing param=model.layers.10.self_attn.v_proj.weight]\u001b[A\n"}
,{"stream_name":"stderr","time":147.657714694,"data":"\rLoading weights:  31%|███       | 123/398 [00:03\u003c00:05, 54.93it/s, Materializing param=model.layers.11.input_layernorm.weight] \u001b[A\n"}
,{"stream_name":"stderr","time":147.658830031,"data":"\rLoading weights:  31%|███       | 123/398 [00:03\u003c00:05, 54.93it/s, Materializing param=model.layers.11.input_layernorm.weight]\u001b[A\n"}
,{"stream_name":"stderr","time":147.661606758,"data":"\rLoading weights:  31%|███       | 124/398 [00:03\u003c00:04, 54.93it/s, Materializing param=model.layers.11.mlp.down_proj.weight]  \u001b[A\n"}
,{"stream_name":"stderr","time":147.661622563,"data":"\rLoading weights:  31%|███       | 124/398 [00:03\u003c00:04, 54.93it/s, Materializing param=model.layers.11.mlp.down_proj.weight]\u001b[A\n"}
,{"stream_name":"stderr","time":147.661628189,"data":"\rLoading weights:  31%|███▏      | 125/398 [00:03\u003c00:04, 54.93it/s, Materializing param=model.layers.11.mlp.gate_proj.weight]\u001b[A\n"}
,{"stream_name":"stderr","time":147.661633022,"data":"\rLoading weights:  31%|███▏      | 125/398 [00:03\u003c00:04, 54.93it/s, Materializing param=model.layers.11.mlp.gate_proj.weight]\u001b[A\n"}
,{"stream_name":"stderr","time":147.661637118,"data":"\rLoading weights:  32%|███▏      | 126/398 [00:03\u003c00:04, 54.93it/s, Materializing param=model.layers.11.mlp.up_proj.weight]  \u001b[A\n"}
,{"stream_name":"stderr","time":147.661641446,"data":"\rLoading weights:  32%|███▏      | 126/398 [00:03\u003c00:04, 54.93it/s, Materializing param=model.layers.11.mlp.up_proj.weight]\u001b[A\n"}
,{"stream_name":"stderr","time":147.661645803,"data":"\rLoading weights:  32%|███▏      | 127/398 [00:03\u003c00:04, 54.93it/s, Materializing param=model.layers.11.post_attention_layernorm.weight]\u001b[A\n"}
,{"stream_name":"stderr","time":147.661666175,"data":"\rLoading weights:  32%|███▏      | 127/398 [00:03\u003c00:04, 54.93it/s, Materializing param=model.layers.11.post_attention_layernorm.weight]\u001b[A\n"}
,{"stream_name":"stderr","time":147.661677909,"data":"\rLoading weights:  32%|███▏      | 128/398 [00:03\u003c00:04, 54.93it/s, Materializing param=model.layers.11.self_attn.k_norm.weight]        \u001b[A\n"}
,{"stream_name":"stderr","time":147.661682596,"data":"\rLoading weights:  32%|███▏      | 128/398 [00:03\u003c00:04, 54.93it/s, Materializing param=model.layers.11.self_attn.k_norm.weight]\u001b[A\n"}
,{"stream_name":"stderr","time":147.661686988,"data":"\rLoading weights:  32%|███▏      | 129/398 [00:03\u003c00:04, 54.93it/s, Materializing param=model.layers.11.self_attn.k_proj.weight]\u001b[A\n"}
,{"stream_name":"stderr","time":147.661690988,"data":"\rLoading weights:  32%|███▏      | 129/398 [00:03\u003c00:04, 54.93it/s, Materializing param=model.layers.11.self_attn.k_proj.weight]\u001b[A\n"}
,{"stream_name":"stderr","time":147.661695384,"data":"\rLoading weights:  33%|███▎      | 130/398 [00:03\u003c00:04, 54.93it/s, Materializing param=model.layers.11.self_attn.o_proj.weight]\u001b[A\n"}
,{"stream_name":"stderr","time":147.665328858,"data":"\rLoading weights:  33%|███▎      | 130/398 [00:03\u003c00:04, 54.93it/s, Materializing param=model.layers.11.self_attn.o_proj.weight]\u001b[A\n"}
,{"stream_name":"stderr","time":147.665848621,"data":"\rLoading weights:  33%|███▎      | 131/398 [00:03\u003c00:04, 54.93it/s, Materializing param=model.layers.11.self_attn.q_norm.weight]\u001b[A\n"}
,{"stream_name":"stderr","time":147.666434905,"data":"\rLoading weights:  33%|███▎      | 131/398 [00:03\u003c00:04, 54.93it/s, Materializing param=model.layers.11.self_attn.q_norm.weight]\u001b[A\n"}
,{"stream_name":"stderr","time":147.667462417,"data":"\rLoading weights:  33%|███▎      | 132/398 [00:03\u003c00:04, 54.93it/s, Materializing param=model.layers.11.self_attn.q_proj.weight]\u001b[A\n"}
,{"stream_name":"stderr","time":147.668070414,"data":"\rLoading weights:  33%|███▎      | 132/398 [00:03\u003c00:04, 54.93it/s, Materializing param=model.layers.11.self_attn.q_proj.weight]\u001b[A\n"}
,{"stream_name":"stderr","time":147.669840453,"data":"\rLoading weights:  33%|███▎      | 133/398 [00:03\u003c00:04, 54.93it/s, Materializing param=model.layers.11.self_attn.v_proj.weight]\u001b[A\n"}
,{"stream_name":"stderr","time":147.670491074,"data":"\rLoading weights:  33%|███▎      | 133/398 [00:03\u003c00:04, 54.93it/s, Materializing param=model.layers.11.self_attn.v_proj.weight]\u001b[A\n"}
,{"stream_name":"stderr","time":147.670969942,"data":"\rLoading weights:  34%|███▎      | 134/398 [00:03\u003c00:04, 54.93it/s, Materializing param=model.layers.12.input_layernorm.weight] \u001b[A\n"}
,{"stream_name":"stderr","time":147.671826044,"data":"\rLoading weights:  34%|███▎      | 134/398 [00:03\u003c00:04, 54.93it/s, Materializing param=model.layers.12.input_layernorm.weight]\u001b[A\n"}
,{"stream_name":"stderr","time":147.673413658,"data":"\rLoading weights:  34%|███▍      | 135/398 [00:03\u003c00:04, 54.93it/s, Materializing param=model.layers.12.mlp.down_proj.weight]  \u001b[A\n"}
,{"stream_name":"stderr","time":147.674087045,"data":"\rLoading weights:  34%|███▍      | 135/398 [00:03\u003c00:04, 54.93it/s, Materializing param=model.layers.12.mlp.down_proj.weight]\u001b[A\n"}
,{"stream_name":"stderr","time":147.67533869,"data":"\rLoading weights:  34%|███▍      | 136/398 [00:03\u003c00:04, 54.93it/s, Materializing param=model.layers.12.mlp.gate_proj.weight]\u001b[A\n"}
,{"stream_name":"stderr","time":147.675362836,"data":"\rLoading weights:  34%|███▍      | 136/398 [00:03\u003c00:04, 54.93it/s, Materializing param=model.layers.12.mlp.gate_proj.weight]\u001b[A\n"}
,{"stream_name":"stderr","time":147.67537608,"data":"\rLoading weights:  34%|███▍      | 137/398 [00:03\u003c00:04, 54.93it/s, Materializing param=model.layers.12.mlp.up_proj.weight]  \u001b[A\n"}
,{"stream_name":"stderr","time":147.675380404,"data":"\rLoading weights:  34%|███▍      | 137/398 [00:03\u003c00:04, 54.93it/s, Materializing param=model.layers.12.mlp.up_proj.weight]\u001b[A\n"}
,{"stream_name":"stderr","time":147.675384568,"data":"\rLoading weights:  35%|███▍      | 138/398 [00:03\u003c00:04, 54.93it/s, Materializing param=model.layers.12.post_attention_layernorm.weight]\u001b[A\n"}
,{"stream_name":"stderr","time":147.676625216,"data":"\rLoading weights:  35%|███▍      | 138/398 [00:03\u003c00:04, 54.93it/s, Materializing param=model.layers.12.post_attention_layernorm.weight]\u001b[A\n"}
,{"stream_name":"stderr","time":147.677624424,"data":"\rLoading weights:  35%|███▍      | 139/398 [00:03\u003c00:04, 54.93it/s, Materializing param=model.layers.12.self_attn.k_norm.weight]        \u001b[A\n"}
,{"stream_name":"stderr","time":147.678227055,"data":"\rLoading weights:  35%|███▍      | 139/398 [00:03\u003c00:04, 54.93it/s, Materializing param=model.layers.12.self_attn.k_norm.weight]\u001b[A\n"}
,{"stream_name":"stderr","time":147.679275207,"data":"\rLoading weights:  35%|███▌      | 140/398 [00:03\u003c00:04, 54.93it/s, Materializing param=model.layers.12.self_attn.k_proj.weight]\u001b[A\n"}
,{"stream_name":"stderr","time":147.680608001,"data":"\rLoading weights:  35%|███▌      | 140/398 [00:03\u003c00:04, 54.93it/s, Materializing param=model.layers.12.self_attn.k_proj.weight]\u001b[A\n"}
,{"stream_name":"stderr","time":147.681155633,"data":"\rLoading weights:  35%|███▌      | 141/398 [00:03\u003c00:04, 54.93it/s, Materializing param=model.layers.12.self_attn.o_proj.weight]\u001b[A\n"}
,{"stream_name":"stderr","time":147.682527914,"data":"\rLoading weights:  35%|███▌      | 141/398 [00:03\u003c00:04, 54.93it/s, Materializing param=model.layers.12.self_attn.o_proj.weight]\u001b[A\n"}
,{"stream_name":"stderr","time":147.683027183,"data":"\rLoading weights:  36%|███▌      | 142/398 [00:03\u003c00:04, 54.93it/s, Materializing param=model.layers.12.self_attn.q_norm.weight]\u001b[A\n"}
,{"stream_name":"stderr","time":147.683867386,"data":"\rLoading weights:  36%|███▌      | 142/398 [00:03\u003c00:04, 54.93it/s, Materializing param=model.layers.12.self_attn.q_norm.weight]\u001b[A\n"}
,{"stream_name":"stderr","time":147.686605943,"data":"\rLoading weights:  36%|███▌      | 143/398 [00:03\u003c00:04, 54.93it/s, Materializing param=model.layers.12.self_attn.q_proj.weight]\u001b[A\n"}
,{"stream_name":"stderr","time":147.686621024,"data":"\rLoading weights:  36%|███▌      | 143/398 [00:03\u003c00:04, 54.93it/s, Materializing param=model.layers.12.self_attn.q_proj.weight]\u001b[A\n"}
,{"stream_name":"stderr","time":147.686625414,"data":"\rLoading weights:  36%|███▌      | 144/398 [00:03\u003c00:04, 54.93it/s, Materializing param=model.layers.12.self_attn.v_proj.weight]\u001b[A\n"}
,{"stream_name":"stderr","time":147.686629938,"data":"\rLoading weights:  36%|███▌      | 144/398 [00:03\u003c00:04, 54.93it/s, Materializing param=model.layers.12.self_attn.v_proj.weight]\u001b[A\n"}
,{"stream_name":"stderr","time":147.686634437,"data":"\rLoading weights:  36%|███▋      | 145/398 [00:03\u003c00:04, 54.93it/s, Materializing param=model.layers.13.input_layernorm.weight] \u001b[A\n"}
,{"stream_name":"stderr","time":147.686638727,"data":"\rLoading weights:  36%|███▋      | 145/398 [00:03\u003c00:04, 54.93it/s, Materializing param=model.layers.13.input_layernorm.weight]\u001b[A\n"}
,{"stream_name":"stderr","time":147.686643084,"data":"\rLoading weights:  37%|███▋      | 146/398 [00:03\u003c00:04, 54.93it/s, Materializing param=model.layers.13.mlp.down_proj.weight]  \u001b[A\n"}
,{"stream_name":"stderr","time":147.686670119,"data":"\rLoading weights:  37%|███▋      | 146/398 [00:03\u003c00:04, 54.93it/s, Materializing param=model.layers.13.mlp.down_proj.weight]\u001b[A\n"}
,{"stream_name":"stderr","time":147.686674591,"data":"\rLoading weights:  37%|███▋      | 147/398 [00:03\u003c00:04, 54.93it/s, Materializing param=model.layers.13.mlp.gate_proj.weight]\u001b[A\n"}
,{"stream_name":"stderr","time":147.687726204,"data":"\rLoading weights:  37%|███▋      | 147/398 [00:03\u003c00:04, 54.93it/s, Materializing param=model.layers.13.mlp.gate_proj.weight]\u001b[A\n"}
,{"stream_name":"stderr","time":147.687920966,"data":"\rLoading weights:  37%|███▋      | 148/398 [00:03\u003c00:04, 54.93it/s, Materializing param=model.layers.13.mlp.up_proj.weight]  \u001b[A\n"}
,{"stream_name":"stderr","time":147.688179001,"data":"\rLoading weights:  37%|███▋      | 148/398 [00:03\u003c00:04, 54.93it/s, Materializing param=model.layers.13.mlp.up_proj.weight]\u001b[A\n"}
,{"stream_name":"stderr","time":147.688307529,"data":"\rLoading weights:  37%|███▋      | 149/398 [00:03\u003c00:04, 54.93it/s, Materializing param=model.layers.13.post_attention_layernorm.weight]\u001b[A\n"}
,{"stream_name":"stderr","time":147.688592143,"data":"\rLoading weights:  37%|███▋      | 149/398 [00:03\u003c00:04, 54.93it/s, Materializing param=model.layers.13.post_attention_layernorm.weight]\u001b[A\n"}
,{"stream_name":"stderr","time":147.688725826,"data":"\rLoading weights:  38%|███▊      | 150/398 [00:03\u003c00:04, 54.93it/s, Materializing param=model.layers.13.self_attn.k_norm.weight]        \u001b[A\n"}
,{"stream_name":"stderr","time":147.689051888,"data":"\rLoading weights:  38%|███▊      | 150/398 [00:03\u003c00:04, 54.93it/s, Materializing param=model.layers.13.self_attn.k_norm.weight]\u001b[A\n"}
,{"stream_name":"stderr","time":147.689245594,"data":"\rLoading weights:  38%|███▊      | 151/398 [00:03\u003c00:04, 54.93it/s, Materializing param=model.layers.13.self_attn.k_proj.weight]\u001b[A\n"}
,{"stream_name":"stderr","time":147.689491997,"data":"\rLoading weights:  38%|███▊      | 151/398 [00:03\u003c00:04, 54.93it/s, Materializing param=model.layers.13.self_attn.k_proj.weight]\u001b[A\n"}
,{"stream_name":"stderr","time":147.690306401,"data":"\rLoading weights:  38%|███▊      | 152/398 [00:03\u003c00:04, 54.93it/s, Materializing param=model.layers.13.self_attn.o_proj.weight]\u001b[A\n"}
,{"stream_name":"stderr","time":147.690318016,"data":"\rLoading weights:  38%|███▊      | 152/398 [00:03\u003c00:04, 54.93it/s, Materializing param=model.layers.13.self_attn.o_proj.weight]\u001b[A\n"}
,{"stream_name":"stderr","time":147.691078533,"data":"\rLoading weights:  38%|███▊      | 153/398 [00:03\u003c00:04, 54.93it/s, Materializing param=model.layers.13.self_attn.q_norm.weight]\u001b[A\n"}
,{"stream_name":"stderr","time":147.691285162,"data":"\rLoading weights:  38%|███▊      | 153/398 [00:03\u003c00:04, 54.93it/s, Materializing param=model.layers.13.self_attn.q_norm.weight]\u001b[A\n"}
,{"stream_name":"stderr","time":147.691441793,"data":"\rLoading weights:  39%|███▊      | 154/398 [00:03\u003c00:04, 54.93it/s, Materializing param=model.layers.13.self_attn.q_proj.weight]\u001b[A\n"}
,{"stream_name":"stderr","time":147.691714813,"data":"\rLoading weights:  39%|███▊      | 154/398 [00:03\u003c00:04, 54.93it/s, Materializing param=model.layers.13.self_attn.q_proj.weight]\u001b[A\n"}
,{"stream_name":"stderr","time":147.691944855,"data":"\rLoading weights:  39%|███▉      | 155/398 [00:03\u003c00:04, 54.93it/s, Materializing param=model.layers.13.self_attn.v_proj.weight]\u001b[A\n"}
,{"stream_name":"stderr","time":147.692284642,"data":"\rLoading weights:  39%|███▉      | 155/398 [00:03\u003c00:04, 54.93it/s, Materializing param=model.layers.13.self_attn.v_proj.weight]\u001b[A\n"}
,{"stream_name":"stderr","time":147.692295212,"data":"\rLoading weights:  39%|███▉      | 156/398 [00:03\u003c00:04, 54.93it/s, Materializing param=model.layers.14.input_layernorm.weight] \u001b[A\n"}
,{"stream_name":"stderr","time":147.692653507,"data":"\rLoading weights:  39%|███▉      | 156/398 [00:03\u003c00:04, 54.93it/s, Materializing param=model.layers.14.input_layernorm.weight]\u001b[A\n"}
,{"stream_name":"stderr","time":147.694809528,"data":"\rLoading weights:  39%|███▉      | 157/398 [00:03\u003c00:04, 54.93it/s, Materializing param=model.layers.14.mlp.down_proj.weight]  \u001b[A\n"}
,{"stream_name":"stderr","time":147.695007522,"data":"\rLoading weights:  39%|███▉      | 157/398 [00:03\u003c00:04, 54.93it/s, Materializing param=model.layers.14.mlp.down_proj.weight]\u001b[A\n"}
,{"stream_name":"stderr","time":147.695124953,"data":"\rLoading weights:  40%|███▉      | 158/398 [00:03\u003c00:04, 54.93it/s, Materializing param=model.layers.14.mlp.gate_proj.weight]\u001b[A\n"}
,{"stream_name":"stderr","time":147.695393711,"data":"\rLoading weights:  40%|███▉      | 158/398 [00:03\u003c00:04, 54.93it/s, Materializing param=model.layers.14.mlp.gate_proj.weight]\u001b[A\n"}
,{"stream_name":"stderr","time":147.695823189,"data":"\rLoading weights:  40%|███▉      | 159/398 [00:03\u003c00:04, 54.93it/s, Materializing param=model.layers.14.mlp.up_proj.weight]  \u001b[A\n"}
,{"stream_name":"stderr","time":147.695907818,"data":"\rLoading weights:  40%|███▉      | 159/398 [00:03\u003c00:04, 54.93it/s, Materializing param=model.layers.14.mlp.up_proj.weight]\u001b[A\n"}
,{"stream_name":"stderr","time":147.696018433,"data":"\rLoading weights:  40%|████      | 160/398 [00:03\u003c00:04, 54.93it/s, Materializing param=model.layers.14.post_attention_layernorm.weight]\u001b[A\n"}
,{"stream_name":"stderr","time":147.696299105,"data":"\rLoading weights:  40%|████      | 160/398 [00:03\u003c00:04, 54.93it/s, Materializing param=model.layers.14.post_attention_layernorm.weight]\u001b[A\n"}
,{"stream_name":"stderr","time":147.696405631,"data":"\rLoading weights:  40%|████      | 161/398 [00:03\u003c00:04, 54.93it/s, Materializing param=model.layers.14.self_attn.k_norm.weight]        \u001b[A\n"}
,{"stream_name":"stderr","time":147.696766592,"data":"\rLoading weights:  40%|████      | 161/398 [00:03\u003c00:04, 54.93it/s, Materializing param=model.layers.14.self_attn.k_norm.weight]\u001b[A\n"}
,{"stream_name":"stderr","time":147.696884307,"data":"\rLoading weights:  41%|████      | 162/398 [00:03\u003c00:04, 54.93it/s, Materializing param=model.layers.14.self_attn.k_proj.weight]\u001b[A\n"}
,{"stream_name":"stderr","time":147.697536295,"data":"\rLoading weights:  41%|████      | 162/398 [00:03\u003c00:04, 54.93it/s, Materializing param=model.layers.14.self_attn.k_proj.weight]\u001b[A\n"}
,{"stream_name":"stderr","time":147.697552415,"data":"\rLoading weights:  41%|████      | 163/398 [00:03\u003c00:04, 54.93it/s, Materializing param=model.layers.14.self_attn.o_proj.weight]\u001b[A\n"}
,{"stream_name":"stderr","time":147.699418669,"data":"\rLoading weights:  41%|████      | 163/398 [00:03\u003c00:04, 54.93it/s, Materializing param=model.layers.14.self_attn.o_proj.weight]\u001b[A\n"}
,{"stream_name":"stderr","time":147.70058446,"data":"\rLoading weights:  41%|████      | 164/398 [00:03\u003c00:04, 54.93it/s, Materializing param=model.layers.14.self_attn.q_norm.weight]\u001b[A\n"}
,{"stream_name":"stderr","time":147.700944071,"data":"\rLoading weights:  41%|████      | 164/398 [00:03\u003c00:04, 54.93it/s, Materializing param=model.layers.14.self_attn.q_norm.weight]\u001b[A\n"}
,{"stream_name":"stderr","time":147.701807627,"data":"\rLoading weights:  41%|████▏     | 165/398 [00:03\u003c00:04, 54.93it/s, Materializing param=model.layers.14.self_attn.q_proj.weight]\u001b[A\n"}
,{"stream_name":"stderr","time":147.702201406,"data":"\rLoading weights:  41%|████▏     | 165/398 [00:03\u003c00:04, 54.93it/s, Materializing param=model.layers.14.self_attn.q_proj.weight]\u001b[A\n"}
,{"stream_name":"stderr","time":147.703158167,"data":"\rLoading weights:  42%|████▏     | 166/398 [00:03\u003c00:04, 54.93it/s, Materializing param=model.layers.14.self_attn.v_proj.weight]\u001b[A\n"}
,{"stream_name":"stderr","time":147.703521762,"data":"\rLoading weights:  42%|████▏     | 166/398 [00:03\u003c00:04, 54.93it/s, Materializing param=model.layers.14.self_attn.v_proj.weight]\u001b[A\n"}
,{"stream_name":"stderr","time":147.703798599,"data":"\rLoading weights:  42%|████▏     | 167/398 [00:03\u003c00:04, 54.93it/s, Materializing param=model.layers.15.input_layernorm.weight] \u001b[A\n"}
,{"stream_name":"stderr","time":147.704779825,"data":"\rLoading weights:  42%|████▏     | 167/398 [00:03\u003c00:04, 54.93it/s, Materializing param=model.layers.15.input_layernorm.weight]\u001b[A\n"}
,{"stream_name":"stderr","time":147.704998337,"data":"\rLoading weights:  42%|████▏     | 168/398 [00:03\u003c00:04, 54.93it/s, Materializing param=model.layers.15.mlp.down_proj.weight]  \u001b[A\n"}
,{"stream_name":"stderr","time":147.706006513,"data":"\rLoading weights:  42%|████▏     | 168/398 [00:03\u003c00:04, 54.93it/s, Materializing param=model.layers.15.mlp.down_proj.weight]\u001b[A\n"}
,{"stream_name":"stderr","time":147.706237554,"data":"\rLoading weights:  42%|████▏     | 169/398 [00:03\u003c00:04, 54.93it/s, Materializing param=model.layers.15.mlp.gate_proj.weight]\u001b[A\n"}
,{"stream_name":"stderr","time":147.706836258,"data":"\rLoading weights:  42%|████▏     | 169/398 [00:03\u003c00:04, 54.93it/s, Materializing param=model.layers.15.mlp.gate_proj.weight]\u001b[A\n"}
,{"stream_name":"stderr","time":147.707969234,"data":"\rLoading weights:  43%|████▎     | 170/398 [00:03\u003c00:04, 54.93it/s, Materializing param=model.layers.15.mlp.up_proj.weight]  \u001b[A\n"}
,{"stream_name":"stderr","time":147.708365339,"data":"\rLoading weights:  43%|████▎     | 170/398 [00:03\u003c00:04, 54.93it/s, Materializing param=model.layers.15.mlp.up_proj.weight]\u001b[A\n"}
,{"stream_name":"stderr","time":147.70861695,"data":"\rLoading weights:  43%|████▎     | 171/398 [00:03\u003c00:04, 54.93it/s, Materializing param=model.layers.15.post_attention_layernorm.weight]\u001b[A\n"}
,{"stream_name":"stderr","time":147.709045521,"data":"\rLoading weights:  43%|████▎     | 171/398 [00:03\u003c00:04, 54.93it/s, Materializing param=model.layers.15.post_attention_layernorm.weight]\u001b[A\n"}
,{"stream_name":"stderr","time":147.709645608,"data":"\rLoading weights:  43%|████▎     | 172/398 [00:03\u003c00:04, 54.93it/s, Materializing param=model.layers.15.self_attn.k_norm.weight]        \u001b[A\n"}
,{"stream_name":"stderr","time":147.71082595,"data":"\rLoading weights:  43%|████▎     | 172/398 [00:03\u003c00:04, 54.93it/s, Materializing param=model.layers.15.self_attn.k_norm.weight]\u001b[A\n"}
,{"stream_name":"stderr","time":147.711625301,"data":"\rLoading weights:  43%|████▎     | 173/398 [00:03\u003c00:04, 54.93it/s, Materializing param=model.layers.15.self_attn.k_proj.weight]\u001b[A\n"}
,{"stream_name":"stderr","time":147.712042449,"data":"\rLoading weights:  43%|████▎     | 173/398 [00:03\u003c00:04, 54.93it/s, Materializing param=model.layers.15.self_attn.k_proj.weight]\u001b[A\n"}
,{"stream_name":"stderr","time":147.712471351,"data":"\rLoading weights:  44%|████▎     | 174/398 [00:03\u003c00:04, 54.93it/s, Materializing param=model.layers.15.self_attn.o_proj.weight]\u001b[A\n"}
,{"stream_name":"stderr","time":147.712701909,"data":"\rLoading weights:  44%|████▎     | 174/398 [00:03\u003c00:04, 54.93it/s, Materializing param=model.layers.15.self_attn.o_proj.weight]\u001b[A\n"}
,{"stream_name":"stderr","time":147.713362955,"data":"\rLoading weights:  44%|████▍     | 175/398 [00:03\u003c00:04, 54.93it/s, Materializing param=model.layers.15.self_attn.q_norm.weight]\u001b[A\n"}
,{"stream_name":"stderr","time":147.713927967,"data":"\rLoading weights:  44%|████▍     | 175/398 [00:03\u003c00:04, 54.93it/s, Materializing param=model.layers.15.self_attn.q_norm.weight]\u001b[A\n"}
,{"stream_name":"stderr","time":147.714746714,"data":"\rLoading weights:  44%|████▍     | 176/398 [00:03\u003c00:04, 54.93it/s, Materializing param=model.layers.15.self_attn.q_proj.weight]\u001b[A\n"}
,{"stream_name":"stderr","time":147.715581935,"data":"\rLoading weights:  44%|████▍     | 176/398 [00:03\u003c00:04, 54.93it/s, Materializing param=model.layers.15.self_attn.q_proj.weight]\u001b[A\n"}
,{"stream_name":"stderr","time":147.717018534,"data":"\rLoading weights:  44%|████▍     | 177/398 [00:03\u003c00:04, 54.93it/s, Materializing param=model.layers.15.self_attn.v_proj.weight]\u001b[A\n"}
,{"stream_name":"stderr","time":147.717033816,"data":"\rLoading weights:  44%|████▍     | 177/398 [00:03\u003c00:04, 54.93it/s, Materializing param=model.layers.15.self_attn.v_proj.weight]\u001b[A\n"}
,{"stream_name":"stderr","time":147.718472992,"data":"\rLoading weights:  45%|████▍     | 178/398 [00:03\u003c00:04, 54.93it/s, Materializing param=model.layers.16.input_layernorm.weight] \u001b[A\n"}
,{"stream_name":"stderr","time":147.718849186,"data":"\rLoading weights:  45%|████▍     | 178/398 [00:03\u003c00:04, 54.93it/s, Materializing param=model.layers.16.input_layernorm.weight]\u001b[A\n"}
,{"stream_name":"stderr","time":147.71905685,"data":"\rLoading weights:  45%|████▍     | 179/398 [00:03\u003c00:03, 54.93it/s, Materializing param=model.layers.16.mlp.down_proj.weight]  \u001b[A\n"}
,{"stream_name":"stderr","time":147.810075522,"data":"\rLoading weights:  45%|████▍     | 179/398 [00:03\u003c00:03, 54.93it/s, Materializing param=model.layers.16.mlp.down_proj.weight]\u001b[A\n"}
,{"stream_name":"stderr","time":147.812544396,"data":"\rLoading weights:  45%|████▌     | 180/398 [00:03\u003c00:02, 98.22it/s, Materializing param=model.layers.16.mlp.down_proj.weight]\u001b[A\n"}
,{"stream_name":"stderr","time":147.812561877,"data":"\rLoading weights:  45%|████▌     | 180/398 [00:03\u003c00:02, 98.22it/s, Materializing param=model.layers.16.mlp.gate_proj.weight]\u001b[A\n"}
,{"stream_name":"stderr","time":147.812567974,"data":"\rLoading weights:  45%|████▌     | 180/398 [00:03\u003c00:02, 98.22it/s, Materializing param=model.layers.16.mlp.gate_proj.weight]\u001b[A\n"}
,{"stream_name":"stderr","time":147.812572375,"data":"\rLoading weights:  45%|████▌     | 181/398 [00:03\u003c00:02, 98.22it/s, Materializing param=model.layers.16.mlp.up_proj.weight]  \u001b[A\n"}
,{"stream_name":"stderr","time":147.836838124,"data":"\rLoading weights:  45%|████▌     | 181/398 [00:03\u003c00:02, 98.22it/s, Materializing param=model.layers.16.mlp.up_proj.weight]\u001b[A\n"}
,{"stream_name":"stderr","time":147.837189159,"data":"\rLoading weights:  46%|████▌     | 182/398 [00:03\u003c00:02, 98.22it/s, Materializing param=model.layers.16.post_attention_layernorm.weight]\u001b[A\n"}
,{"stream_name":"stderr","time":147.837751889,"data":"\rLoading weights:  46%|████▌     | 182/398 [00:03\u003c00:02, 98.22it/s, Materializing param=model.layers.16.post_attention_layernorm.weight]\u001b[A\n"}
,{"stream_name":"stderr","time":147.840615542,"data":"\rLoading weights:  46%|████▌     | 183/398 [00:03\u003c00:02, 98.22it/s, Materializing param=model.layers.16.self_attn.k_norm.weight]        \u001b[A\n"}
,{"stream_name":"stderr","time":147.842608194,"data":"\rLoading weights:  46%|████▌     | 183/398 [00:03\u003c00:02, 98.22it/s, Materializing param=model.layers.16.self_attn.k_norm.weight]\u001b[A\n"}
,{"stream_name":"stderr","time":147.842625646,"data":"\rLoading weights:  46%|████▌     | 184/398 [00:03\u003c00:02, 98.22it/s, Materializing param=model.layers.16.self_attn.k_proj.weight]\u001b[A\n"}
,{"stream_name":"stderr","time":147.84263063,"data":"\rLoading weights:  46%|████▌     | 184/398 [00:03\u003c00:02, 98.22it/s, Materializing param=model.layers.16.self_attn.k_proj.weight]\u001b[A\n"}
,{"stream_name":"stderr","time":147.842635777,"data":"\rLoading weights:  46%|████▋     | 185/398 [00:03\u003c00:02, 98.22it/s, Materializing param=model.layers.16.self_attn.o_proj.weight]\u001b[A\n"}
,{"stream_name":"stderr","time":147.842640473,"data":"\rLoading weights:  46%|████▋     | 185/398 [00:03\u003c00:02, 98.22it/s, Materializing param=model.layers.16.self_attn.o_proj.weight]\u001b[A\n"}
,{"stream_name":"stderr","time":147.842644609,"data":"\rLoading weights:  47%|████▋     | 186/398 [00:03\u003c00:02, 98.22it/s, Materializing param=model.layers.16.self_attn.q_norm.weight]\u001b[A\n"}
,{"stream_name":"stderr","time":147.84264861,"data":"\rLoading weights:  47%|████▋     | 186/398 [00:03\u003c00:02, 98.22it/s, Materializing param=model.layers.16.self_attn.q_norm.weight]\u001b[A\n"}
,{"stream_name":"stderr","time":147.84265288,"data":"\rLoading weights:  47%|████▋     | 187/398 [00:03\u003c00:02, 98.22it/s, Materializing param=model.layers.16.self_attn.q_proj.weight]\u001b[A\n"}
,{"stream_name":"stderr","time":147.842873165,"data":"\rLoading weights:  47%|████▋     | 187/398 [00:03\u003c00:02, 98.22it/s, Materializing param=model.layers.16.self_attn.q_proj.weight]\u001b[A\n"}
,{"stream_name":"stderr","time":147.843360516,"data":"\rLoading weights:  47%|████▋     | 188/398 [00:03\u003c00:02, 98.22it/s, Materializing param=model.layers.16.self_attn.v_proj.weight]\u001b[A\n"}
,{"stream_name":"stderr","time":147.844005257,"data":"\rLoading weights:  47%|████▋     | 188/398 [00:03\u003c00:02, 98.22it/s, Materializing param=model.layers.16.self_attn.v_proj.weight]\u001b[A\n"}
,{"stream_name":"stderr","time":147.84463883,"data":"\rLoading weights:  47%|████▋     | 189/398 [00:03\u003c00:02, 98.22it/s, Materializing param=model.layers.17.input_layernorm.weight] \u001b[A\n"}
,{"stream_name":"stderr","time":147.845405418,"data":"\rLoading weights:  47%|████▋     | 189/398 [00:03\u003c00:02, 98.22it/s, Materializing param=model.layers.17.input_layernorm.weight]\u001b[A\n"}
,{"stream_name":"stderr","time":147.848741006,"data":"\rLoading weights:  48%|████▊     | 190/398 [00:03\u003c00:02, 98.22it/s, Materializing param=model.layers.17.mlp.down_proj.weight]  \u001b[A\n"}
,{"stream_name":"stderr","time":147.908562872,"data":"\rLoading weights:  48%|████▊     | 190/398 [00:03\u003c00:02, 98.22it/s, Materializing param=model.layers.17.mlp.down_proj.weight]\u001b[A\n"}
,{"stream_name":"stderr","time":147.909932344,"data":"\rLoading weights:  48%|████▊     | 191/398 [00:03\u003c00:02, 98.22it/s, Materializing param=model.layers.17.mlp.gate_proj.weight]\u001b[A\n"}
,{"stream_name":"stderr","time":147.937332666,"data":"\rLoading weights:  48%|████▊     | 191/398 [00:03\u003c00:02, 98.22it/s, Materializing param=model.layers.17.mlp.gate_proj.weight]\u001b[A\n"}
,{"stream_name":"stderr","time":147.938602616,"data":"\rLoading weights:  48%|████▊     | 192/398 [00:03\u003c00:02, 98.22it/s, Materializing param=model.layers.17.mlp.up_proj.weight]  \u001b[A\n"}
,{"stream_name":"stderr","time":147.938620024,"data":"\rLoading weights:  48%|████▊     | 192/398 [00:03\u003c00:02, 98.22it/s, Materializing param=model.layers.17.mlp.up_proj.weight]\u001b[A\n"}
,{"stream_name":"stderr","time":147.938625037,"data":"\rLoading weights:  48%|████▊     | 193/398 [00:03\u003c00:02, 98.22it/s, Materializing param=model.layers.17.post_attention_layernorm.weight]\u001b[A\n"}
,{"stream_name":"stderr","time":147.938629882,"data":"\rLoading weights:  48%|████▊     | 193/398 [00:03\u003c00:02, 98.22it/s, Materializing param=model.layers.17.post_attention_layernorm.weight]\u001b[A\n"}
,{"stream_name":"stderr","time":147.938634301,"data":"\rLoading weights:  49%|████▊     | 194/398 [00:03\u003c00:02, 98.22it/s, Materializing param=model.layers.17.self_attn.k_norm.weight]        \u001b[A\n"}
,{"stream_name":"stderr","time":147.941642659,"data":"\rLoading weights:  49%|████▊     | 194/398 [00:03\u003c00:02, 98.22it/s, Materializing param=model.layers.17.self_attn.k_norm.weight]\u001b[A\n"}
,{"stream_name":"stderr","time":147.941836259,"data":"\rLoading weights:  49%|████▉     | 195/398 [00:03\u003c00:02, 98.22it/s, Materializing param=model.layers.17.self_attn.k_proj.weight]\u001b[A\n"}
,{"stream_name":"stderr","time":147.942213026,"data":"\rLoading weights:  49%|████▉     | 195/398 [00:03\u003c00:02, 98.22it/s, Materializing param=model.layers.17.self_attn.k_proj.weight]\u001b[A\n"}
,{"stream_name":"stderr","time":147.94245483,"data":"\rLoading weights:  49%|████▉     | 196/398 [00:03\u003c00:02, 98.22it/s, Materializing param=model.layers.17.self_attn.o_proj.weight]\u001b[A\n"}
,{"stream_name":"stderr","time":147.945852731,"data":"\rLoading weights:  49%|████▉     | 196/398 [00:03\u003c00:02, 98.22it/s, Materializing param=model.layers.17.self_attn.o_proj.weight]\u001b[A\n"}
,{"stream_name":"stderr","time":147.947534888,"data":"\rLoading weights:  49%|████▉     | 197/398 [00:03\u003c00:02, 98.22it/s, Materializing param=model.layers.17.self_attn.q_norm.weight]\u001b[A\n"}
,{"stream_name":"stderr","time":147.947549582,"data":"\rLoading weights:  49%|████▉     | 197/398 [00:03\u003c00:02, 98.22it/s, Materializing param=model.layers.17.self_attn.q_norm.weight]\u001b[A\n"}
,{"stream_name":"stderr","time":147.947555251,"data":"\rLoading weights:  50%|████▉     | 198/398 [00:03\u003c00:02, 98.22it/s, Materializing param=model.layers.17.self_attn.q_proj.weight]\u001b[A\n"}
,{"stream_name":"stderr","time":147.947560088,"data":"\rLoading weights:  50%|████▉     | 198/398 [00:03\u003c00:02, 98.22it/s, Materializing param=model.layers.17.self_attn.q_proj.weight]\u001b[A\n"}
,{"stream_name":"stderr","time":147.94756482,"data":"\rLoading weights:  50%|█████     | 199/398 [00:03\u003c00:02, 98.22it/s, Materializing param=model.layers.17.self_attn.v_proj.weight]\u001b[A\n"}
,{"stream_name":"stderr","time":147.947569717,"data":"\rLoading weights:  50%|█████     | 199/398 [00:03\u003c00:02, 98.22it/s, Materializing param=model.layers.17.self_attn.v_proj.weight]\u001b[A\n"}
,{"stream_name":"stderr","time":147.947583067,"data":"\rLoading weights:  50%|█████     | 200/398 [00:03\u003c00:02, 98.22it/s, Materializing param=model.layers.18.input_layernorm.weight] \u001b[A\n"}
,{"stream_name":"stderr","time":147.947955883,"data":"\rLoading weights:  50%|█████     | 200/398 [00:03\u003c00:02, 98.22it/s, Materializing param=model.layers.18.input_layernorm.weight]\u001b[A\n"}
,{"stream_name":"stderr","time":147.948150931,"data":"\rLoading weights:  51%|█████     | 201/398 [00:03\u003c00:02, 98.22it/s, Materializing param=model.layers.18.mlp.down_proj.weight]  \u001b[A\n"}
,{"stream_name":"stderr","time":148.041247168,"data":"\rLoading weights:  51%|█████     | 201/398 [00:03\u003c00:02, 98.22it/s, Materializing param=model.layers.18.mlp.down_proj.weight]\u001b[A\n"}
,{"stream_name":"stderr","time":148.041715401,"data":"\rLoading weights:  51%|█████     | 202/398 [00:03\u003c00:01, 98.22it/s, Materializing param=model.layers.18.mlp.gate_proj.weight]\u001b[A\n"}
,{"stream_name":"stderr","time":148.042369913,"data":"\rLoading weights:  51%|█████     | 202/398 [00:03\u003c00:01, 98.22it/s, Materializing param=model.layers.18.mlp.gate_proj.weight]\u001b[A\n"}
,{"stream_name":"stderr","time":148.044812449,"data":"\rLoading weights:  51%|█████     | 203/398 [00:03\u003c00:01, 98.22it/s, Materializing param=model.layers.18.mlp.up_proj.weight]  \u001b[A\n"}
,{"stream_name":"stderr","time":148.102825594,"data":"\rLoading weights:  51%|█████     | 203/398 [00:03\u003c00:01, 98.22it/s, Materializing param=model.layers.18.mlp.up_proj.weight]\u001b[A\n"}
,{"stream_name":"stderr","time":148.103326716,"data":"\rLoading weights:  51%|█████▏    | 204/398 [00:03\u003c00:01, 98.22it/s, Materializing param=model.layers.18.post_attention_layernorm.weight]\u001b[A\n"}
,{"stream_name":"stderr","time":148.103978033,"data":"\rLoading weights:  51%|█████▏    | 204/398 [00:03\u003c00:01, 98.22it/s, Materializing param=model.layers.18.post_attention_layernorm.weight]\u001b[A\n"}
,{"stream_name":"stderr","time":148.104425156,"data":"\rLoading weights:  52%|█████▏    | 205/398 [00:03\u003c00:01, 98.22it/s, Materializing param=model.layers.18.self_attn.k_norm.weight]        \u001b[A\n"}
,{"stream_name":"stderr","time":148.105059124,"data":"\rLoading weights:  52%|█████▏    | 205/398 [00:03\u003c00:01, 98.22it/s, Materializing param=model.layers.18.self_attn.k_norm.weight]\u001b[A\n"}
,{"stream_name":"stderr","time":148.105521254,"data":"\rLoading weights:  52%|█████▏    | 206/398 [00:03\u003c00:01, 98.22it/s, Materializing param=model.layers.18.self_attn.k_proj.weight]\u001b[A\n"}
,{"stream_name":"stderr","time":148.106170523,"data":"\rLoading weights:  52%|█████▏    | 206/398 [00:03\u003c00:01, 98.22it/s, Materializing param=model.layers.18.self_attn.k_proj.weight]\u001b[A\n"}
,{"stream_name":"stderr","time":148.108928944,"data":"\rLoading weights:  52%|█████▏    | 207/398 [00:03\u003c00:01, 98.22it/s, Materializing param=model.layers.18.self_attn.o_proj.weight]\u001b[A\n"}
,{"stream_name":"stderr","time":148.109540551,"data":"\rLoading weights:  52%|█████▏    | 207/398 [00:03\u003c00:01, 98.22it/s, Materializing param=model.layers.18.self_attn.o_proj.weight]\u001b[A\n"}
,{"stream_name":"stderr","time":148.109991095,"data":"\rLoading weights:  52%|█████▏    | 208/398 [00:03\u003c00:01, 98.22it/s, Materializing param=model.layers.18.self_attn.q_norm.weight]\u001b[A\n"}
,{"stream_name":"stderr","time":148.110581629,"data":"\rLoading weights:  52%|█████▏    | 208/398 [00:03\u003c00:01, 98.22it/s, Materializing param=model.layers.18.self_attn.q_norm.weight]\u001b[A\n"}
,{"stream_name":"stderr","time":148.113733933,"data":"\rLoading weights:  53%|█████▎    | 209/398 [00:03\u003c00:01, 98.22it/s, Materializing param=model.layers.18.self_attn.q_proj.weight]\u001b[A\n"}
,{"stream_name":"stderr","time":148.115396211,"data":"\rLoading weights:  53%|█████▎    | 209/398 [00:03\u003c00:01, 98.22it/s, Materializing param=model.layers.18.self_attn.q_proj.weight]\u001b[A\n"}
,{"stream_name":"stderr","time":148.115413267,"data":"\rLoading weights:  53%|█████▎    | 210/398 [00:03\u003c00:01, 98.22it/s, Materializing param=model.layers.18.self_attn.v_proj.weight]\u001b[A\n"}
,{"stream_name":"stderr","time":148.115432088,"data":"\rLoading weights:  53%|█████▎    | 210/398 [00:03\u003c00:01, 98.22it/s, Materializing param=model.layers.18.self_attn.v_proj.weight]\u001b[A\n"}
,{"stream_name":"stderr","time":148.115453992,"data":"\rLoading weights:  53%|█████▎    | 211/398 [00:03\u003c00:01, 98.22it/s, Materializing param=model.layers.19.input_layernorm.weight] \u001b[A\n"}
,{"stream_name":"stderr","time":148.115459449,"data":"\rLoading weights:  53%|█████▎    | 211/398 [00:03\u003c00:01, 98.22it/s, Materializing param=model.layers.19.input_layernorm.weight]\u001b[A\n"}
,{"stream_name":"stderr","time":148.115464213,"data":"\rLoading weights:  53%|█████▎    | 212/398 [00:03\u003c00:01, 98.22it/s, Materializing param=model.layers.19.mlp.down_proj.weight]  \u001b[A\n"}
,{"stream_name":"stderr","time":148.156080158,"data":"\rLoading weights:  53%|█████▎    | 212/398 [00:03\u003c00:01, 98.22it/s, Materializing param=model.layers.19.mlp.down_proj.weight]\u001b[A\n"}
,{"stream_name":"stderr","time":148.156607235,"data":"\rLoading weights:  54%|█████▎    | 213/398 [00:03\u003c00:01, 98.22it/s, Materializing param=model.layers.19.mlp.gate_proj.weight]\u001b[A\n"}
,{"stream_name":"stderr","time":148.16068857,"data":"\rLoading weights:  54%|█████▎    | 213/398 [00:03\u003c00:01, 98.22it/s, Materializing param=model.layers.19.mlp.gate_proj.weight]\u001b[A\n"}
,{"stream_name":"stderr","time":148.160704673,"data":"\rLoading weights:  54%|█████▍    | 214/398 [00:03\u003c00:01, 98.22it/s, Materializing param=model.layers.19.mlp.up_proj.weight]  \u001b[A\n"}
,{"stream_name":"stderr","time":148.16070964,"data":"\rLoading weights:  54%|█████▍    | 214/398 [00:03\u003c00:01, 98.22it/s, Materializing param=model.layers.19.mlp.up_proj.weight]\u001b[A\n"}
,{"stream_name":"stderr","time":148.160714081,"data":"\rLoading weights:  54%|█████▍    | 215/398 [00:03\u003c00:01, 98.22it/s, Materializing param=model.layers.19.post_attention_layernorm.weight]\u001b[A\n"}
,{"stream_name":"stderr","time":148.160718694,"data":"\rLoading weights:  54%|█████▍    | 215/398 [00:03\u003c00:01, 98.22it/s, Materializing param=model.layers.19.post_attention_layernorm.weight]\u001b[A\n"}
,{"stream_name":"stderr","time":148.161144482,"data":"\rLoading weights:  54%|█████▍    | 216/398 [00:03\u003c00:01, 98.22it/s, Materializing param=model.layers.19.self_attn.k_norm.weight]        \u001b[A\n"}
,{"stream_name":"stderr","time":148.162558112,"data":"\rLoading weights:  54%|█████▍    | 216/398 [00:03\u003c00:01, 98.22it/s, Materializing param=model.layers.19.self_attn.k_norm.weight]\u001b[A\n"}
,{"stream_name":"stderr","time":148.166583895,"data":"\rLoading weights:  55%|█████▍    | 217/398 [00:03\u003c00:01, 98.22it/s, Materializing param=model.layers.19.self_attn.k_proj.weight]\u001b[A\n"}
,{"stream_name":"stderr","time":148.16670615,"data":"\rLoading weights:  55%|█████▍    | 217/398 [00:03\u003c00:01, 98.22it/s, Materializing param=model.layers.19.self_attn.k_proj.weight]\u001b[A\n"}
,{"stream_name":"stderr","time":148.166850073,"data":"\rLoading weights:  55%|█████▍    | 218/398 [00:03\u003c00:01, 98.22it/s, Materializing param=model.layers.19.self_attn.o_proj.weight]\u001b[A\n"}
,{"stream_name":"stderr","time":148.167136144,"data":"\rLoading weights:  55%|█████▍    | 218/398 [00:03\u003c00:01, 98.22it/s, Materializing param=model.layers.19.self_attn.o_proj.weight]\u001b[A\n"}
,{"stream_name":"stderr","time":148.170807509,"data":"\rLoading weights:  55%|█████▌    | 219/398 [00:03\u003c00:01, 98.22it/s, Materializing param=model.layers.19.self_attn.q_norm.weight]\u001b[A\n"}
,{"stream_name":"stderr","time":148.173740044,"data":"\rLoading weights:  55%|█████▌    | 219/398 [00:03\u003c00:01, 98.22it/s, Materializing param=model.layers.19.self_attn.q_norm.weight]\u001b[A\n"}
,{"stream_name":"stderr","time":148.17422203,"data":"\rLoading weights:  55%|█████▌    | 220/398 [00:03\u003c00:01, 98.22it/s, Materializing param=model.layers.19.self_attn.q_proj.weight]\u001b[A\n"}
,{"stream_name":"stderr","time":148.174389318,"data":"\rLoading weights:  55%|█████▌    | 220/398 [00:03\u003c00:01, 98.22it/s, Materializing param=model.layers.19.self_attn.q_proj.weight]\u001b[A\n"}
,{"stream_name":"stderr","time":148.17467304,"data":"\rLoading weights:  56%|█████▌    | 221/398 [00:03\u003c00:01, 98.22it/s, Materializing param=model.layers.19.self_attn.v_proj.weight]\u001b[A\n"}
,{"stream_name":"stderr","time":148.175038589,"data":"\rLoading weights:  56%|█████▌    | 221/398 [00:03\u003c00:01, 98.22it/s, Materializing param=model.layers.19.self_attn.v_proj.weight]\u001b[A\n"}
,{"stream_name":"stderr","time":148.175290207,"data":"\rLoading weights:  56%|█████▌    | 222/398 [00:03\u003c00:01, 102.83it/s, Materializing param=model.layers.19.self_attn.v_proj.weight]\u001b[A\n"}
,{"stream_name":"stderr","time":148.175494517,"data":"\rLoading weights:  56%|█████▌    | 222/398 [00:03\u003c00:01, 102.83it/s, Materializing param=model.layers.20.input_layernorm.weight] \u001b[A\n"}
,{"stream_name":"stderr","time":148.175875057,"data":"\rLoading weights:  56%|█████▌    | 222/398 [00:03\u003c00:01, 102.83it/s, Materializing param=model.layers.20.input_layernorm.weight]\u001b[A\n"}
,{"stream_name":"stderr","time":148.176271634,"data":"\rLoading weights:  56%|█████▌    | 223/398 [00:03\u003c00:01, 102.83it/s, Materializing param=model.layers.20.mlp.down_proj.weight]  \u001b[A\n"}
,{"stream_name":"stderr","time":148.559295475,"data":"\rLoading weights:  56%|█████▌    | 223/398 [00:03\u003c00:01, 102.83it/s, Materializing param=model.layers.20.mlp.down_proj.weight]\u001b[A\n"}
,{"stream_name":"stderr","time":148.560457277,"data":"\rLoading weights:  56%|█████▋    | 224/398 [00:04\u003c00:01, 102.83it/s, Materializing param=model.layers.20.mlp.gate_proj.weight]\u001b[A\n"}
,{"stream_name":"stderr","time":148.560841009,"data":"\rLoading weights:  56%|█████▋    | 224/398 [00:04\u003c00:01, 102.83it/s, Materializing param=model.layers.20.mlp.gate_proj.weight]\u001b[A\n"}
,{"stream_name":"stderr","time":148.561891478,"data":"\rLoading weights:  57%|█████▋    | 225/398 [00:04\u003c00:01, 102.83it/s, Materializing param=model.layers.20.mlp.up_proj.weight]  \u001b[A\n"}
,{"stream_name":"stderr","time":148.561909603,"data":"\rLoading weights:  57%|█████▋    | 225/398 [00:04\u003c00:01, 102.83it/s, Materializing param=model.layers.20.mlp.up_proj.weight]\u001b[A\n"}
,{"stream_name":"stderr","time":148.56193594,"data":"\rLoading weights:  57%|█████▋    | 226/398 [00:04\u003c00:01, 102.83it/s, Materializing param=model.layers.20.post_attention_layernorm.weight]\u001b[A\n"}
,{"stream_name":"stderr","time":148.561940903,"data":"\rLoading weights:  57%|█████▋    | 226/398 [00:04\u003c00:01, 102.83it/s, Materializing param=model.layers.20.post_attention_layernorm.weight]\u001b[A\n"}
,{"stream_name":"stderr","time":148.56194505,"data":"\rLoading weights:  57%|█████▋    | 227/398 [00:04\u003c00:01, 102.83it/s, Materializing param=model.layers.20.self_attn.k_norm.weight]        \u001b[A\n"}
,{"stream_name":"stderr","time":148.562164583,"data":"\rLoading weights:  57%|█████▋    | 227/398 [00:04\u003c00:01, 102.83it/s, Materializing param=model.layers.20.self_attn.k_norm.weight]\u001b[A\n"}
,{"stream_name":"stderr","time":148.562264066,"data":"\rLoading weights:  57%|█████▋    | 228/398 [00:04\u003c00:01, 102.83it/s, Materializing param=model.layers.20.self_attn.k_proj.weight]\u001b[A\n"}
,{"stream_name":"stderr","time":148.562557831,"data":"\rLoading weights:  57%|█████▋    | 228/398 [00:04\u003c00:01, 102.83it/s, Materializing param=model.layers.20.self_attn.k_proj.weight]\u001b[A\n"}
,{"stream_name":"stderr","time":148.562693251,"data":"\rLoading weights:  58%|█████▊    | 229/398 [00:04\u003c00:01, 102.83it/s, Materializing param=model.layers.20.self_attn.o_proj.weight]\u001b[A\n"}
,{"stream_name":"stderr","time":148.562915196,"data":"\rLoading weights:  58%|█████▊    | 229/398 [00:04\u003c00:01, 102.83it/s, Materializing param=model.layers.20.self_attn.o_proj.weight]\u001b[A\n"}
,{"stream_name":"stderr","time":148.563041186,"data":"\rLoading weights:  58%|█████▊    | 230/398 [00:04\u003c00:01, 102.83it/s, Materializing param=model.layers.20.self_attn.q_norm.weight]\u001b[A\n"}
,{"stream_name":"stderr","time":148.563254829,"data":"\rLoading weights:  58%|█████▊    | 230/398 [00:04\u003c00:01, 102.83it/s, Materializing param=model.layers.20.self_attn.q_norm.weight]\u001b[A\n"}
,{"stream_name":"stderr","time":148.563555974,"data":"\rLoading weights:  58%|█████▊    | 231/398 [00:04\u003c00:01, 102.83it/s, Materializing param=model.layers.20.self_attn.q_proj.weight]\u001b[A\n"}
,{"stream_name":"stderr","time":148.563681047,"data":"\rLoading weights:  58%|█████▊    | 231/398 [00:04\u003c00:01, 102.83it/s, Materializing param=model.layers.20.self_attn.q_proj.weight]\u001b[A\n"}
,{"stream_name":"stderr","time":148.563798491,"data":"\rLoading weights:  58%|█████▊    | 232/398 [00:04\u003c00:01, 102.83it/s, Materializing param=model.layers.20.self_attn.v_proj.weight]\u001b[A\n"}
,{"stream_name":"stderr","time":148.5640277,"data":"\rLoading weights:  58%|█████▊    | 232/398 [00:04\u003c00:01, 102.83it/s, Materializing param=model.layers.20.self_attn.v_proj.weight]\u001b[A\n"}
,{"stream_name":"stderr","time":148.564169139,"data":"\rLoading weights:  59%|█████▊    | 233/398 [00:04\u003c00:01, 102.83it/s, Materializing param=model.layers.21.input_layernorm.weight] \u001b[A\n"}
,{"stream_name":"stderr","time":148.564418784,"data":"\rLoading weights:  59%|█████▊    | 233/398 [00:04\u003c00:01, 102.83it/s, Materializing param=model.layers.21.input_layernorm.weight]\u001b[A\n"}
,{"stream_name":"stderr","time":148.564536773,"data":"\rLoading weights:  59%|█████▉    | 234/398 [00:04\u003c00:01, 102.83it/s, Materializing param=model.layers.21.mlp.down_proj.weight]  \u001b[A\n"}
,{"stream_name":"stderr","time":148.94422028,"data":"\rLoading weights:  59%|█████▉    | 234/398 [00:04\u003c00:01, 102.83it/s, Materializing param=model.layers.21.mlp.down_proj.weight]\u001b[A\n"}
,{"stream_name":"stderr","time":148.944301554,"data":"\rLoading weights:  59%|█████▉    | 235/398 [00:04\u003c00:01, 102.83it/s, Materializing param=model.layers.21.mlp.gate_proj.weight]\u001b[A\n"}
,{"stream_name":"stderr","time":148.983700755,"data":"\rLoading weights:  59%|█████▉    | 235/398 [00:04\u003c00:01, 102.83it/s, Materializing param=model.layers.21.mlp.gate_proj.weight]\u001b[A\n"}
,{"stream_name":"stderr","time":148.984032741,"data":"\rLoading weights:  59%|█████▉    | 236/398 [00:04\u003c00:01, 102.83it/s, Materializing param=model.layers.21.mlp.up_proj.weight]  \u001b[A\n"}
,{"stream_name":"stderr","time":148.99818935,"data":"\rLoading weights:  59%|█████▉    | 236/398 [00:04\u003c00:01, 102.83it/s, Materializing param=model.layers.21.mlp.up_proj.weight]\u001b[A\n"}
,{"stream_name":"stderr","time":148.998581831,"data":"\rLoading weights:  60%|█████▉    | 237/398 [00:04\u003c00:01, 102.83it/s, Materializing param=model.layers.21.post_attention_layernorm.weight]\u001b[A\n"}
,{"stream_name":"stderr","time":148.999198132,"data":"\rLoading weights:  60%|█████▉    | 237/398 [00:04\u003c00:01, 102.83it/s, Materializing param=model.layers.21.post_attention_layernorm.weight]\u001b[A\n"}
,{"stream_name":"stderr","time":148.999458546,"data":"\rLoading weights:  60%|█████▉    | 238/398 [00:04\u003c00:01, 102.83it/s, Materializing param=model.layers.21.self_attn.k_norm.weight]        \u001b[A\n"}
,{"stream_name":"stderr","time":149.008451641,"data":"\rLoading weights:  60%|█████▉    | 238/398 [00:04\u003c00:01, 102.83it/s, Materializing param=model.layers.21.self_attn.k_norm.weight]\u001b[A\n"}
,{"stream_name":"stderr","time":149.008609742,"data":"\rLoading weights:  60%|██████    | 239/398 [00:04\u003c00:01, 102.83it/s, Materializing param=model.layers.21.self_attn.k_proj.weight]\u001b[A\n"}
,{"stream_name":"stderr","time":149.009705854,"data":"\rLoading weights:  60%|██████    | 239/398 [00:04\u003c00:01, 102.83it/s, Materializing param=model.layers.21.self_attn.k_proj.weight]\u001b[A\n"}
,{"stream_name":"stderr","time":149.010005573,"data":"\rLoading weights:  60%|██████    | 240/398 [00:04\u003c00:01, 102.83it/s, Materializing param=model.layers.21.self_attn.o_proj.weight]\u001b[A\n"}
,{"stream_name":"stderr","time":149.010274972,"data":"\rLoading weights:  60%|██████    | 240/398 [00:04\u003c00:01, 102.83it/s, Materializing param=model.layers.21.self_attn.o_proj.weight]\u001b[A\n"}
,{"stream_name":"stderr","time":149.010412953,"data":"\rLoading weights:  61%|██████    | 241/398 [00:04\u003c00:01, 102.83it/s, Materializing param=model.layers.21.self_attn.q_norm.weight]\u001b[A\n"}
,{"stream_name":"stderr","time":149.010669324,"data":"\rLoading weights:  61%|██████    | 241/398 [00:04\u003c00:01, 102.83it/s, Materializing param=model.layers.21.self_attn.q_norm.weight]\u001b[A\n"}
,{"stream_name":"stderr","time":149.010753297,"data":"\rLoading weights:  61%|██████    | 242/398 [00:04\u003c00:01, 102.83it/s, Materializing param=model.layers.21.self_attn.q_proj.weight]\u001b[A\n"}
,{"stream_name":"stderr","time":149.2669265,"data":"\rLoading weights:  61%|██████    | 242/398 [00:04\u003c00:01, 102.83it/s, Materializing param=model.layers.21.self_attn.q_proj.weight]\u001b[A\n"}
,{"stream_name":"stderr","time":149.267151231,"data":"\rLoading weights:  61%|██████    | 243/398 [00:05\u003c00:01, 102.83it/s, Materializing param=model.layers.21.self_attn.v_proj.weight]\u001b[A\n"}
,{"stream_name":"stderr","time":149.267461888,"data":"\rLoading weights:  61%|██████    | 243/398 [00:05\u003c00:01, 102.83it/s, Materializing param=model.layers.21.self_attn.v_proj.weight]\u001b[A\n"}
,{"stream_name":"stderr","time":149.267653358,"data":"\rLoading weights:  61%|██████▏   | 244/398 [00:05\u003c00:01, 102.83it/s, Materializing param=model.layers.22.input_layernorm.weight] \u001b[A\n"}
,{"stream_name":"stderr","time":149.267943742,"data":"\rLoading weights:  61%|██████▏   | 244/398 [00:05\u003c00:01, 102.83it/s, Materializing param=model.layers.22.input_layernorm.weight]\u001b[A\n"}
,{"stream_name":"stderr","time":149.26818639,"data":"\rLoading weights:  62%|██████▏   | 245/398 [00:05\u003c00:01, 102.83it/s, Materializing param=model.layers.22.mlp.down_proj.weight]  \u001b[A\n"}
,{"stream_name":"stderr","time":149.788568102,"data":"\rLoading weights:  62%|██████▏   | 245/398 [00:05\u003c00:01, 102.83it/s, Materializing param=model.layers.22.mlp.down_proj.weight]\u001b[A\n"}
,{"stream_name":"stderr","time":149.788886183,"data":"\rLoading weights:  62%|██████▏   | 246/398 [00:05\u003c00:01, 102.83it/s, Materializing param=model.layers.22.mlp.gate_proj.weight]\u001b[A\n"}
,{"stream_name":"stderr","time":149.802398348,"data":"\rLoading weights:  62%|██████▏   | 246/398 [00:05\u003c00:01, 102.83it/s, Materializing param=model.layers.22.mlp.gate_proj.weight]\u001b[A\n"}
,{"stream_name":"stderr","time":149.802421704,"data":"\rLoading weights:  62%|██████▏   | 247/398 [00:05\u003c00:01, 102.83it/s, Materializing param=model.layers.22.mlp.up_proj.weight]  \u001b[A\n"}
,{"stream_name":"stderr","time":149.834662669,"data":"\rLoading weights:  62%|██████▏   | 247/398 [00:05\u003c00:01, 102.83it/s, Materializing param=model.layers.22.mlp.up_proj.weight]\u001b[A\n"}
,{"stream_name":"stderr","time":149.834771485,"data":"\rLoading weights:  62%|██████▏   | 248/398 [00:05\u003c00:01, 102.83it/s, Materializing param=model.layers.22.post_attention_layernorm.weight]\u001b[A\n"}
,{"stream_name":"stderr","time":149.83518577,"data":"\rLoading weights:  62%|██████▏   | 248/398 [00:05\u003c00:01, 102.83it/s, Materializing param=model.layers.22.post_attention_layernorm.weight]\u001b[A\n"}
,{"stream_name":"stderr","time":149.836168481,"data":"\rLoading weights:  63%|██████▎   | 249/398 [00:05\u003c00:01, 102.83it/s, Materializing param=model.layers.22.self_attn.k_norm.weight]        \u001b[A\n"}
,{"stream_name":"stderr","time":149.836188986,"data":"\rLoading weights:  63%|██████▎   | 249/398 [00:05\u003c00:01, 102.83it/s, Materializing param=model.layers.22.self_attn.k_norm.weight]\u001b[A\n"}
,{"stream_name":"stderr","time":149.836194412,"data":"\rLoading weights:  63%|██████▎   | 250/398 [00:05\u003c00:01, 102.83it/s, Materializing param=model.layers.22.self_attn.k_proj.weight]\u001b[A\n"}
,{"stream_name":"stderr","time":149.836340942,"data":"\rLoading weights:  63%|██████▎   | 250/398 [00:05\u003c00:01, 102.83it/s, Materializing param=model.layers.22.self_attn.k_proj.weight]\u001b[A\n"}
,{"stream_name":"stderr","time":149.836482224,"data":"\rLoading weights:  63%|██████▎   | 251/398 [00:05\u003c00:01, 102.83it/s, Materializing param=model.layers.22.self_attn.o_proj.weight]\u001b[A\n"}
,{"stream_name":"stderr","time":149.836749198,"data":"\rLoading weights:  63%|██████▎   | 251/398 [00:05\u003c00:01, 102.83it/s, Materializing param=model.layers.22.self_attn.o_proj.weight]\u001b[A\n"}
,{"stream_name":"stderr","time":149.836869184,"data":"\rLoading weights:  63%|██████▎   | 252/398 [00:05\u003c00:01, 102.83it/s, Materializing param=model.layers.22.self_attn.q_norm.weight]\u001b[A\n"}
,{"stream_name":"stderr","time":149.837146271,"data":"\rLoading weights:  63%|██████▎   | 252/398 [00:05\u003c00:01, 102.83it/s, Materializing param=model.layers.22.self_attn.q_norm.weight]\u001b[A\n"}
,{"stream_name":"stderr","time":149.837282126,"data":"\rLoading weights:  64%|██████▎   | 253/398 [00:05\u003c00:02, 48.89it/s, Materializing param=model.layers.22.self_attn.q_norm.weight] \u001b[A\n"}
,{"stream_name":"stderr","time":149.837382044,"data":"\rLoading weights:  64%|██████▎   | 253/398 [00:05\u003c00:02, 48.89it/s, Materializing param=model.layers.22.self_attn.q_proj.weight]\u001b[A\n"}
,{"stream_name":"stderr","time":150.020696234,"data":"\rLoading weights:  64%|██████▎   | 253/398 [00:05\u003c00:02, 48.89it/s, Materializing param=model.layers.22.self_attn.q_proj.weight]\u001b[A\n"}
,{"stream_name":"stderr","time":150.020725281,"data":"\rLoading weights:  64%|██████▍   | 254/398 [00:05\u003c00:02, 48.89it/s, Materializing param=model.layers.22.self_attn.v_proj.weight]\u001b[A\n"}
,{"stream_name":"stderr","time":150.020740845,"data":"\rLoading weights:  64%|██████▍   | 254/398 [00:05\u003c00:02, 48.89it/s, Materializing param=model.layers.22.self_attn.v_proj.weight]\u001b[A\n"}
,{"stream_name":"stderr","time":150.020745123,"data":"\rLoading weights:  64%|██████▍   | 255/398 [00:05\u003c00:02, 48.89it/s, Materializing param=model.layers.23.input_layernorm.weight] \u001b[A\n"}
,{"stream_name":"stderr","time":150.020996039,"data":"\rLoading weights:  64%|██████▍   | 255/398 [00:05\u003c00:02, 48.89it/s, Materializing param=model.layers.23.input_layernorm.weight]\u001b[A\n"}
,{"stream_name":"stderr","time":150.021270877,"data":"\rLoading weights:  64%|██████▍   | 256/398 [00:05\u003c00:02, 48.89it/s, Materializing param=model.layers.23.mlp.down_proj.weight]  \u001b[A\n"}
,{"stream_name":"stderr","time":150.587259684,"data":"\rLoading weights:  64%|██████▍   | 256/398 [00:05\u003c00:02, 48.89it/s, Materializing param=model.layers.23.mlp.down_proj.weight]\u001b[A\n"}
,{"stream_name":"stderr","time":150.587308987,"data":"\rLoading weights:  65%|██████▍   | 257/398 [00:06\u003c00:02, 48.89it/s, Materializing param=model.layers.23.mlp.gate_proj.weight]\u001b[A\n"}
,{"stream_name":"stderr","time":150.623605608,"data":"\rLoading weights:  65%|██████▍   | 257/398 [00:06\u003c00:02, 48.89it/s, Materializing param=model.layers.23.mlp.gate_proj.weight]\u001b[A\n"}
,{"stream_name":"stderr","time":150.624057248,"data":"\rLoading weights:  65%|██████▍   | 258/398 [00:06\u003c00:02, 48.89it/s, Materializing param=model.layers.23.mlp.up_proj.weight]  \u001b[A\n"}
,{"stream_name":"stderr","time":150.68313072,"data":"\rLoading weights:  65%|██████▍   | 258/398 [00:06\u003c00:02, 48.89it/s, Materializing param=model.layers.23.mlp.up_proj.weight]\u001b[A\n"}
,{"stream_name":"stderr","time":150.683579904,"data":"\rLoading weights:  65%|██████▌   | 259/398 [00:06\u003c00:02, 48.89it/s, Materializing param=model.layers.23.post_attention_layernorm.weight]\u001b[A\n"}
,{"stream_name":"stderr","time":150.684810923,"data":"\rLoading weights:  65%|██████▌   | 259/398 [00:06\u003c00:02, 48.89it/s, Materializing param=model.layers.23.post_attention_layernorm.weight]\u001b[A\n"}
,{"stream_name":"stderr","time":150.684917528,"data":"\rLoading weights:  65%|██████▌   | 260/398 [00:06\u003c00:02, 48.89it/s, Materializing param=model.layers.23.self_attn.k_norm.weight]        \u001b[A\n"}
,{"stream_name":"stderr","time":150.685246923,"data":"\rLoading weights:  65%|██████▌   | 260/398 [00:06\u003c00:02, 48.89it/s, Materializing param=model.layers.23.self_attn.k_norm.weight]\u001b[A\n"}
,{"stream_name":"stderr","time":150.685379217,"data":"\rLoading weights:  66%|██████▌   | 261/398 [00:06\u003c00:02, 48.89it/s, Materializing param=model.layers.23.self_attn.k_proj.weight]\u001b[A\n"}
,{"stream_name":"stderr","time":150.685732908,"data":"\rLoading weights:  66%|██████▌   | 261/398 [00:06\u003c00:02, 48.89it/s, Materializing param=model.layers.23.self_attn.k_proj.weight]\u001b[A\n"}
,{"stream_name":"stderr","time":150.685900369,"data":"\rLoading weights:  66%|██████▌   | 262/398 [00:06\u003c00:02, 48.89it/s, Materializing param=model.layers.23.self_attn.o_proj.weight]\u001b[A\n"}
,{"stream_name":"stderr","time":150.686092447,"data":"\rLoading weights:  66%|██████▌   | 262/398 [00:06\u003c00:02, 48.89it/s, Materializing param=model.layers.23.self_attn.o_proj.weight]\u001b[A\n"}
,{"stream_name":"stderr","time":150.686206657,"data":"\rLoading weights:  66%|██████▌   | 263/398 [00:06\u003c00:02, 48.89it/s, Materializing param=model.layers.23.self_attn.q_norm.weight]\u001b[A\n"}
,{"stream_name":"stderr","time":150.686476957,"data":"\rLoading weights:  66%|██████▌   | 263/398 [00:06\u003c00:02, 48.89it/s, Materializing param=model.layers.23.self_attn.q_norm.weight]\u001b[A\n"}
,{"stream_name":"stderr","time":150.686634794,"data":"\rLoading weights:  66%|██████▋   | 264/398 [00:06\u003c00:02, 48.89it/s, Materializing param=model.layers.23.self_attn.q_proj.weight]\u001b[A\n"}
,{"stream_name":"stderr","time":150.776734539,"data":"\rLoading weights:  66%|██████▋   | 264/398 [00:06\u003c00:02, 48.89it/s, Materializing param=model.layers.23.self_attn.q_proj.weight]\u001b[A\n"}
,{"stream_name":"stderr","time":150.777012183,"data":"\rLoading weights:  67%|██████▋   | 265/398 [00:06\u003c00:02, 48.89it/s, Materializing param=model.layers.23.self_attn.v_proj.weight]\u001b[A\n"}
,{"stream_name":"stderr","time":150.777821818,"data":"\rLoading weights:  67%|██████▋   | 265/398 [00:06\u003c00:02, 48.89it/s, Materializing param=model.layers.23.self_attn.v_proj.weight]\u001b[A\n"}
,{"stream_name":"stderr","time":150.77784068,"data":"\rLoading weights:  67%|██████▋   | 266/398 [00:06\u003c00:02, 48.89it/s, Materializing param=model.layers.24.input_layernorm.weight] \u001b[A\n"}
,{"stream_name":"stderr","time":150.777979695,"data":"\rLoading weights:  67%|██████▋   | 266/398 [00:06\u003c00:02, 48.89it/s, Materializing param=model.layers.24.input_layernorm.weight]\u001b[A\n"}
,{"stream_name":"stderr","time":150.778317136,"data":"\rLoading weights:  67%|██████▋   | 267/398 [00:06\u003c00:02, 48.89it/s, Materializing param=model.layers.24.mlp.down_proj.weight]  \u001b[A\n"}
,{"stream_name":"stderr","time":151.397254898,"data":"\rLoading weights:  67%|██████▋   | 267/398 [00:06\u003c00:02, 48.89it/s, Materializing param=model.layers.24.mlp.down_proj.weight]\u001b[A\n"}
,{"stream_name":"stderr","time":151.397402799,"data":"\rLoading weights:  67%|██████▋   | 268/398 [00:07\u003c00:02, 48.89it/s, Materializing param=model.layers.24.mlp.gate_proj.weight]\u001b[A\n"}
,{"stream_name":"stderr","time":151.476303381,"data":"\rLoading weights:  67%|██████▋   | 268/398 [00:07\u003c00:02, 48.89it/s, Materializing param=model.layers.24.mlp.gate_proj.weight]\u001b[A\n"}
,{"stream_name":"stderr","time":151.476578731,"data":"\rLoading weights:  68%|██████▊   | 269/398 [00:07\u003c00:02, 48.89it/s, Materializing param=model.layers.24.mlp.up_proj.weight]  \u001b[A\n"}
,{"stream_name":"stderr","time":151.476929839,"data":"\rLoading weights:  68%|██████▊   | 269/398 [00:07\u003c00:02, 48.89it/s, Materializing param=model.layers.24.mlp.up_proj.weight]\u001b[A\n"}
,{"stream_name":"stderr","time":151.47742679,"data":"\rLoading weights:  68%|██████▊   | 270/398 [00:07\u003c00:02, 48.89it/s, Materializing param=model.layers.24.post_attention_layernorm.weight]\u001b[A\n"}
,{"stream_name":"stderr","time":151.477720214,"data":"\rLoading weights:  68%|██████▊   | 270/398 [00:07\u003c00:02, 48.89it/s, Materializing param=model.layers.24.post_attention_layernorm.weight]\u001b[A\n"}
,{"stream_name":"stderr","time":151.477912019,"data":"\rLoading weights:  68%|██████▊   | 271/398 [00:07\u003c00:02, 48.89it/s, Materializing param=model.layers.24.self_attn.k_norm.weight]        \u001b[A\n"}
,{"stream_name":"stderr","time":151.478890841,"data":"\rLoading weights:  68%|██████▊   | 271/398 [00:07\u003c00:02, 48.89it/s, Materializing param=model.layers.24.self_attn.k_norm.weight]\u001b[A\n"}
,{"stream_name":"stderr","time":151.478911051,"data":"\rLoading weights:  68%|██████▊   | 272/398 [00:07\u003c00:02, 48.89it/s, Materializing param=model.layers.24.self_attn.k_proj.weight]\u001b[A\n"}
,{"stream_name":"stderr","time":151.478928126,"data":"\rLoading weights:  68%|██████▊   | 272/398 [00:07\u003c00:02, 48.89it/s, Materializing param=model.layers.24.self_attn.k_proj.weight]\u001b[A\n"}
,{"stream_name":"stderr","time":151.478932089,"data":"\rLoading weights:  69%|██████▊   | 273/398 [00:07\u003c00:02, 48.89it/s, Materializing param=model.layers.24.self_attn.o_proj.weight]\u001b[A\n"}
,{"stream_name":"stderr","time":151.492284047,"data":"\rLoading weights:  69%|██████▊   | 273/398 [00:07\u003c00:02, 48.89it/s, Materializing param=model.layers.24.self_attn.o_proj.weight]\u001b[A\n"}
,{"stream_name":"stderr","time":151.492667032,"data":"\rLoading weights:  69%|██████▉   | 274/398 [00:07\u003c00:02, 48.89it/s, Materializing param=model.layers.24.self_attn.q_norm.weight]\u001b[A\n"}
,{"stream_name":"stderr","time":151.493267148,"data":"\rLoading weights:  69%|██████▉   | 274/398 [00:07\u003c00:02, 48.89it/s, Materializing param=model.layers.24.self_attn.q_norm.weight]\u001b[A\n"}
,{"stream_name":"stderr","time":151.493576885,"data":"\rLoading weights:  69%|██████▉   | 275/398 [00:07\u003c00:03, 31.90it/s, Materializing param=model.layers.24.self_attn.q_norm.weight]\u001b[A\n"}
,{"stream_name":"stderr","time":151.493718311,"data":"\rLoading weights:  69%|██████▉   | 275/398 [00:07\u003c00:03, 31.90it/s, Materializing param=model.layers.24.self_attn.q_proj.weight]\u001b[A\n"}
,{"stream_name":"stderr","time":151.555565431,"data":"\rLoading weights:  69%|██████▉   | 275/398 [00:07\u003c00:03, 31.90it/s, Materializing param=model.layers.24.self_attn.q_proj.weight]\u001b[A\n"}
,{"stream_name":"stderr","time":151.555834734,"data":"\rLoading weights:  69%|██████▉   | 276/398 [00:07\u003c00:03, 31.90it/s, Materializing param=model.layers.24.self_attn.v_proj.weight]\u001b[A\n"}
,{"stream_name":"stderr","time":151.556240997,"data":"\rLoading weights:  69%|██████▉   | 276/398 [00:07\u003c00:03, 31.90it/s, Materializing param=model.layers.24.self_attn.v_proj.weight]\u001b[A\n"}
,{"stream_name":"stderr","time":151.557433223,"data":"\rLoading weights:  70%|██████▉   | 277/398 [00:07\u003c00:03, 31.90it/s, Materializing param=model.layers.25.input_layernorm.weight] \u001b[A\n"}
,{"stream_name":"stderr","time":151.557451164,"data":"\rLoading weights:  70%|██████▉   | 277/398 [00:07\u003c00:03, 31.90it/s, Materializing param=model.layers.25.input_layernorm.weight]\u001b[A\n"}
,{"stream_name":"stderr","time":151.557455819,"data":"\rLoading weights:  70%|██████▉   | 278/398 [00:07\u003c00:03, 31.90it/s, Materializing param=model.layers.25.mlp.down_proj.weight]  \u001b[A\n"}
,{"stream_name":"stderr","time":152.251636182,"data":"\rLoading weights:  70%|██████▉   | 278/398 [00:07\u003c00:03, 31.90it/s, Materializing param=model.layers.25.mlp.down_proj.weight]\u001b[A\n"}
,{"stream_name":"stderr","time":152.252816722,"data":"\rLoading weights:  70%|███████   | 279/398 [00:07\u003c00:03, 31.90it/s, Materializing param=model.layers.25.mlp.gate_proj.weight]\u001b[A\n"}
,{"stream_name":"stderr","time":152.267768386,"data":"\rLoading weights:  70%|███████   | 279/398 [00:07\u003c00:03, 31.90it/s, Materializing param=model.layers.25.mlp.gate_proj.weight]\u001b[A\n"}
,{"stream_name":"stderr","time":152.26788732,"data":"\rLoading weights:  70%|███████   | 280/398 [00:08\u003c00:03, 31.90it/s, Materializing param=model.layers.25.mlp.up_proj.weight]  \u001b[A\n"}
,{"stream_name":"stderr","time":152.268361581,"data":"\rLoading weights:  70%|███████   | 280/398 [00:08\u003c00:03, 31.90it/s, Materializing param=model.layers.25.mlp.up_proj.weight]\u001b[A\n"}
,{"stream_name":"stderr","time":152.28441723,"data":"\rLoading weights:  71%|███████   | 281/398 [00:08\u003c00:03, 31.90it/s, Materializing param=model.layers.25.post_attention_layernorm.weight]\u001b[A\n"}
,{"stream_name":"stderr","time":152.284779693,"data":"\rLoading weights:  71%|███████   | 281/398 [00:08\u003c00:03, 31.90it/s, Materializing param=model.layers.25.post_attention_layernorm.weight]\u001b[A\n"}
,{"stream_name":"stderr","time":152.284933628,"data":"\rLoading weights:  71%|███████   | 282/398 [00:08\u003c00:03, 31.90it/s, Materializing param=model.layers.25.self_attn.k_norm.weight]        \u001b[A\n"}
,{"stream_name":"stderr","time":152.285700238,"data":"\rLoading weights:  71%|███████   | 282/398 [00:08\u003c00:03, 31.90it/s, Materializing param=model.layers.25.self_attn.k_norm.weight]\u001b[A\n"}
,{"stream_name":"stderr","time":152.285718243,"data":"\rLoading weights:  71%|███████   | 283/398 [00:08\u003c00:03, 31.90it/s, Materializing param=model.layers.25.self_attn.k_proj.weight]\u001b[A\n"}
,{"stream_name":"stderr","time":152.285723191,"data":"\rLoading weights:  71%|███████   | 283/398 [00:08\u003c00:03, 31.90it/s, Materializing param=model.layers.25.self_attn.k_proj.weight]\u001b[A\n"}
,{"stream_name":"stderr","time":152.286481443,"data":"\rLoading weights:  71%|███████▏  | 284/398 [00:08\u003c00:03, 31.90it/s, Materializing param=model.layers.25.self_attn.o_proj.weight]\u001b[A\n"}
,{"stream_name":"stderr","time":152.2864941,"data":"\rLoading weights:  71%|███████▏  | 284/398 [00:08\u003c00:03, 31.90it/s, Materializing param=model.layers.25.self_attn.o_proj.weight]\u001b[A\n"}
,{"stream_name":"stderr","time":152.286520479,"data":"\rLoading weights:  72%|███████▏  | 285/398 [00:08\u003c00:03, 31.90it/s, Materializing param=model.layers.25.self_attn.q_norm.weight]\u001b[A\n"}
,{"stream_name":"stderr","time":152.286525532,"data":"\rLoading weights:  72%|███████▏  | 285/398 [00:08\u003c00:03, 31.90it/s, Materializing param=model.layers.25.self_attn.q_norm.weight]\u001b[A\n"}
,{"stream_name":"stderr","time":152.286529655,"data":"\rLoading weights:  72%|███████▏  | 286/398 [00:08\u003c00:03, 31.90it/s, Materializing param=model.layers.25.self_attn.q_proj.weight]\u001b[A\n"}
,{"stream_name":"stderr","time":152.339305208,"data":"\rLoading weights:  72%|███████▏  | 286/398 [00:08\u003c00:03, 31.90it/s, Materializing param=model.layers.25.self_attn.q_proj.weight]\u001b[A\n"}
,{"stream_name":"stderr","time":152.339616697,"data":"\rLoading weights:  72%|███████▏  | 287/398 [00:08\u003c00:03, 31.90it/s, Materializing param=model.layers.25.self_attn.v_proj.weight]\u001b[A\n"}
,{"stream_name":"stderr","time":152.340007076,"data":"\rLoading weights:  72%|███████▏  | 287/398 [00:08\u003c00:03, 31.90it/s, Materializing param=model.layers.25.self_attn.v_proj.weight]\u001b[A\n"}
,{"stream_name":"stderr","time":152.340442142,"data":"\rLoading weights:  72%|███████▏  | 288/398 [00:08\u003c00:03, 31.90it/s, Materializing param=model.layers.26.input_layernorm.weight] \u001b[A\n"}
,{"stream_name":"stderr","time":152.341346469,"data":"\rLoading weights:  72%|███████▏  | 288/398 [00:08\u003c00:03, 31.90it/s, Materializing param=model.layers.26.input_layernorm.weight]\u001b[A\n"}
,{"stream_name":"stderr","time":152.341368334,"data":"\rLoading weights:  73%|███████▎  | 289/398 [00:08\u003c00:03, 31.90it/s, Materializing param=model.layers.26.mlp.down_proj.weight]  \u001b[A\n"}
,{"stream_name":"stderr","time":153.050860352,"data":"\rLoading weights:  73%|███████▎  | 289/398 [00:08\u003c00:03, 31.90it/s, Materializing param=model.layers.26.mlp.down_proj.weight]\u001b[A\n"}
,{"stream_name":"stderr","time":153.051307676,"data":"\rLoading weights:  73%|███████▎  | 290/398 [00:08\u003c00:04, 23.20it/s, Materializing param=model.layers.26.mlp.down_proj.weight]\u001b[A\n"}
,{"stream_name":"stderr","time":153.051320761,"data":"\rLoading weights:  73%|███████▎  | 290/398 [00:08\u003c00:04, 23.20it/s, Materializing param=model.layers.26.mlp.gate_proj.weight]\u001b[A\n"}
,{"stream_name":"stderr","time":153.069059723,"data":"\rLoading weights:  73%|███████▎  | 290/398 [00:08\u003c00:04, 23.20it/s, Materializing param=model.layers.26.mlp.gate_proj.weight]\u001b[A\n"}
,{"stream_name":"stderr","time":153.069317124,"data":"\rLoading weights:  73%|███████▎  | 291/398 [00:08\u003c00:04, 23.20it/s, Materializing param=model.layers.26.mlp.up_proj.weight]  \u001b[A\n"}
,{"stream_name":"stderr","time":153.134429386,"data":"\rLoading weights:  73%|███████▎  | 291/398 [00:08\u003c00:04, 23.20it/s, Materializing param=model.layers.26.mlp.up_proj.weight]\u001b[A\n"}
,{"stream_name":"stderr","time":153.134600161,"data":"\rLoading weights:  73%|███████▎  | 292/398 [00:08\u003c00:04, 23.20it/s, Materializing param=model.layers.26.post_attention_layernorm.weight]\u001b[A\n"}
,{"stream_name":"stderr","time":153.142918188,"data":"\rLoading weights:  73%|███████▎  | 292/398 [00:08\u003c00:04, 23.20it/s, Materializing param=model.layers.26.post_attention_layernorm.weight]\u001b[A\n"}
,{"stream_name":"stderr","time":153.142938964,"data":"\rLoading weights:  74%|███████▎  | 293/398 [00:08\u003c00:04, 23.20it/s, Materializing param=model.layers.26.self_attn.k_norm.weight]        \u001b[A\n"}
,{"stream_name":"stderr","time":153.144108848,"data":"\rLoading weights:  74%|███████▎  | 293/398 [00:08\u003c00:04, 23.20it/s, Materializing param=model.layers.26.self_attn.k_norm.weight]\u001b[A\n"}
,{"stream_name":"stderr","time":153.144711525,"data":"\rLoading weights:  74%|███████▍  | 294/398 [00:08\u003c00:04, 23.20it/s, Materializing param=model.layers.26.self_attn.k_proj.weight]\u001b[A\n"}
,{"stream_name":"stderr","time":153.144969063,"data":"\rLoading weights:  74%|███████▍  | 294/398 [00:08\u003c00:04, 23.20it/s, Materializing param=model.layers.26.self_attn.k_proj.weight]\u001b[A\n"}
,{"stream_name":"stderr","time":153.145115839,"data":"\rLoading weights:  74%|███████▍  | 295/398 [00:08\u003c00:04, 23.20it/s, Materializing param=model.layers.26.self_attn.o_proj.weight]\u001b[A\n"}
,{"stream_name":"stderr","time":153.145445815,"data":"\rLoading weights:  74%|███████▍  | 295/398 [00:08\u003c00:04, 23.20it/s, Materializing param=model.layers.26.self_attn.o_proj.weight]\u001b[A\n"}
,{"stream_name":"stderr","time":153.145633912,"data":"\rLoading weights:  74%|███████▍  | 296/398 [00:08\u003c00:04, 23.20it/s, Materializing param=model.layers.26.self_attn.q_norm.weight]\u001b[A\n"}
,{"stream_name":"stderr","time":153.145868748,"data":"\rLoading weights:  74%|███████▍  | 296/398 [00:08\u003c00:04, 23.20it/s, Materializing param=model.layers.26.self_attn.q_norm.weight]\u001b[A\n"}
,{"stream_name":"stderr","time":153.146000925,"data":"\rLoading weights:  75%|███████▍  | 297/398 [00:08\u003c00:04, 23.20it/s, Materializing param=model.layers.26.self_attn.q_proj.weight]\u001b[A\n"}
,{"stream_name":"stderr","time":153.146244509,"data":"\rLoading weights:  75%|███████▍  | 297/398 [00:08\u003c00:04, 23.20it/s, Materializing param=model.layers.26.self_attn.q_proj.weight]\u001b[A\n"}
,{"stream_name":"stderr","time":153.146357976,"data":"\rLoading weights:  75%|███████▍  | 298/398 [00:08\u003c00:04, 23.20it/s, Materializing param=model.layers.26.self_attn.v_proj.weight]\u001b[A\n"}
,{"stream_name":"stderr","time":153.146585469,"data":"\rLoading weights:  75%|███████▍  | 298/398 [00:08\u003c00:04, 23.20it/s, Materializing param=model.layers.26.self_attn.v_proj.weight]\u001b[A\n"}
,{"stream_name":"stderr","time":153.147029609,"data":"\rLoading weights:  75%|███████▌  | 299/398 [00:08\u003c00:04, 23.20it/s, Materializing param=model.layers.27.input_layernorm.weight] \u001b[A\n"}
,{"stream_name":"stderr","time":153.147040573,"data":"\rLoading weights:  75%|███████▌  | 299/398 [00:08\u003c00:04, 23.20it/s, Materializing param=model.layers.27.input_layernorm.weight]\u001b[A\n"}
,{"stream_name":"stderr","time":153.147163405,"data":"\rLoading weights:  75%|███████▌  | 300/398 [00:08\u003c00:04, 23.20it/s, Materializing param=model.layers.27.mlp.down_proj.weight]  \u001b[A\n"}
,{"stream_name":"stderr","time":153.823026431,"data":"\rLoading weights:  75%|███████▌  | 300/398 [00:08\u003c00:04, 23.20it/s, Materializing param=model.layers.27.mlp.down_proj.weight]\u001b[A\n"}
,{"stream_name":"stderr","time":153.823584998,"data":"\rLoading weights:  76%|███████▌  | 301/398 [00:09\u003c00:04, 21.26it/s, Materializing param=model.layers.27.mlp.down_proj.weight]\u001b[A\n"}
,{"stream_name":"stderr","time":153.823608674,"data":"\rLoading weights:  76%|███████▌  | 301/398 [00:09\u003c00:04, 21.26it/s, Materializing param=model.layers.27.mlp.gate_proj.weight]\u001b[A\n"}
,{"stream_name":"stderr","time":153.928720626,"data":"\rLoading weights:  76%|███████▌  | 301/398 [00:09\u003c00:04, 21.26it/s, Materializing param=model.layers.27.mlp.gate_proj.weight]\u001b[A\n"}
,{"stream_name":"stderr","time":153.929421667,"data":"\rLoading weights:  76%|███████▌  | 302/398 [00:09\u003c00:04, 21.26it/s, Materializing param=model.layers.27.mlp.up_proj.weight]  \u001b[A\n"}
,{"stream_name":"stderr","time":153.929776811,"data":"\rLoading weights:  76%|███████▌  | 302/398 [00:09\u003c00:04, 21.26it/s, Materializing param=model.layers.27.mlp.up_proj.weight]\u001b[A\n"}
,{"stream_name":"stderr","time":153.929882005,"data":"\rLoading weights:  76%|███████▌  | 303/398 [00:09\u003c00:04, 21.26it/s, Materializing param=model.layers.27.post_attention_layernorm.weight]\u001b[A\n"}
,{"stream_name":"stderr","time":153.930144155,"data":"\rLoading weights:  76%|███████▌  | 303/398 [00:09\u003c00:04, 21.26it/s, Materializing param=model.layers.27.post_attention_layernorm.weight]\u001b[A\n"}
,{"stream_name":"stderr","time":153.930271818,"data":"\rLoading weights:  76%|███████▋  | 304/398 [00:09\u003c00:04, 21.26it/s, Materializing param=model.layers.27.self_attn.k_norm.weight]        \u001b[A\n"}
,{"stream_name":"stderr","time":153.930785162,"data":"\rLoading weights:  76%|███████▋  | 304/398 [00:09\u003c00:04, 21.26it/s, Materializing param=model.layers.27.self_attn.k_norm.weight]\u001b[A\n"}
,{"stream_name":"stderr","time":153.930802962,"data":"\rLoading weights:  77%|███████▋  | 305/398 [00:09\u003c00:04, 21.26it/s, Materializing param=model.layers.27.self_attn.k_proj.weight]\u001b[A\n"}
,{"stream_name":"stderr","time":153.940736077,"data":"\rLoading weights:  77%|███████▋  | 305/398 [00:09\u003c00:04, 21.26it/s, Materializing param=model.layers.27.self_attn.k_proj.weight]\u001b[A\n"}
,{"stream_name":"stderr","time":153.940863739,"data":"\rLoading weights:  77%|███████▋  | 306/398 [00:09\u003c00:04, 21.26it/s, Materializing param=model.layers.27.self_attn.o_proj.weight]\u001b[A\n"}
,{"stream_name":"stderr","time":153.941165794,"data":"\rLoading weights:  77%|███████▋  | 306/398 [00:09\u003c00:04, 21.26it/s, Materializing param=model.layers.27.self_attn.o_proj.weight]\u001b[A\n"}
,{"stream_name":"stderr","time":153.941899118,"data":"\rLoading weights:  77%|███████▋  | 307/398 [00:09\u003c00:04, 21.26it/s, Materializing param=model.layers.27.self_attn.q_norm.weight]\u001b[A\n"}
,{"stream_name":"stderr","time":153.942239141,"data":"\rLoading weights:  77%|███████▋  | 307/398 [00:09\u003c00:04, 21.26it/s, Materializing param=model.layers.27.self_attn.q_norm.weight]\u001b[A\n"}
,{"stream_name":"stderr","time":153.942548855,"data":"\rLoading weights:  77%|███████▋  | 308/398 [00:09\u003c00:04, 21.26it/s, Materializing param=model.layers.27.self_attn.q_proj.weight]\u001b[A\n"}
,{"stream_name":"stderr","time":153.944015354,"data":"\rLoading weights:  77%|███████▋  | 308/398 [00:09\u003c00:04, 21.26it/s, Materializing param=model.layers.27.self_attn.q_proj.weight]\u001b[A\n"}
,{"stream_name":"stderr","time":153.944033358,"data":"\rLoading weights:  78%|███████▊  | 309/398 [00:09\u003c00:03, 23.35it/s, Materializing param=model.layers.27.self_attn.q_proj.weight]\u001b[A\n"}
,{"stream_name":"stderr","time":153.944038347,"data":"\rLoading weights:  78%|███████▊  | 309/398 [00:09\u003c00:03, 23.35it/s, Materializing param=model.layers.27.self_attn.v_proj.weight]\u001b[A\n"}
,{"stream_name":"stderr","time":153.944042911,"data":"\rLoading weights:  78%|███████▊  | 309/398 [00:09\u003c00:03, 23.35it/s, Materializing param=model.layers.27.self_attn.v_proj.weight]\u001b[A\n"}
,{"stream_name":"stderr","time":153.944047527,"data":"\rLoading weights:  78%|███████▊  | 310/398 [00:09\u003c00:03, 23.35it/s, Materializing param=model.layers.28.input_layernorm.weight] \u001b[A\n"}
,{"stream_name":"stderr","time":153.944051737,"data":"\rLoading weights:  78%|███████▊  | 310/398 [00:09\u003c00:03, 23.35it/s, Materializing param=model.layers.28.input_layernorm.weight]\u001b[A\n"}
,{"stream_name":"stderr","time":153.944055929,"data":"\rLoading weights:  78%|███████▊  | 311/398 [00:09\u003c00:03, 23.35it/s, Materializing param=model.layers.28.mlp.down_proj.weight]  \u001b[A\n"}
,{"stream_name":"stderr","time":154.6919444,"data":"\rLoading weights:  78%|███████▊  | 311/398 [00:09\u003c00:03, 23.35it/s, Materializing param=model.layers.28.mlp.down_proj.weight]\u001b[A\n"}
,{"stream_name":"stderr","time":154.692222327,"data":"\rLoading weights:  78%|███████▊  | 312/398 [00:10\u003c00:03, 23.35it/s, Materializing param=model.layers.28.mlp.gate_proj.weight]\u001b[A\n"}
,{"stream_name":"stderr","time":154.705827129,"data":"\rLoading weights:  78%|███████▊  | 312/398 [00:10\u003c00:03, 23.35it/s, Materializing param=model.layers.28.mlp.gate_proj.weight]\u001b[A\n"}
,{"stream_name":"stderr","time":154.706233801,"data":"\rLoading weights:  79%|███████▊  | 313/398 [00:10\u003c00:03, 23.35it/s, Materializing param=model.layers.28.mlp.up_proj.weight]  \u001b[A\n"}
,{"stream_name":"stderr","time":154.706762497,"data":"\rLoading weights:  79%|███████▊  | 313/398 [00:10\u003c00:03, 23.35it/s, Materializing param=model.layers.28.mlp.up_proj.weight]\u001b[A\n"}
,{"stream_name":"stderr","time":154.724426872,"data":"\rLoading weights:  79%|███████▉  | 314/398 [00:10\u003c00:03, 23.35it/s, Materializing param=model.layers.28.post_attention_layernorm.weight]\u001b[A\n"}
,{"stream_name":"stderr","time":154.72586786,"data":"\rLoading weights:  79%|███████▉  | 314/398 [00:10\u003c00:03, 23.35it/s, Materializing param=model.layers.28.post_attention_layernorm.weight]\u001b[A\n"}
,{"stream_name":"stderr","time":154.725885699,"data":"\rLoading weights:  79%|███████▉  | 315/398 [00:10\u003c00:03, 23.35it/s, Materializing param=model.layers.28.self_attn.k_norm.weight]        \u001b[A\n"}
,{"stream_name":"stderr","time":154.727197778,"data":"\rLoading weights:  79%|███████▉  | 315/398 [00:10\u003c00:03, 23.35it/s, Materializing param=model.layers.28.self_attn.k_norm.weight]\u001b[A\n"}
,{"stream_name":"stderr","time":154.727344835,"data":"\rLoading weights:  79%|███████▉  | 316/398 [00:10\u003c00:03, 23.35it/s, Materializing param=model.layers.28.self_attn.k_proj.weight]\u001b[A\n"}
,{"stream_name":"stderr","time":154.727644959,"data":"\rLoading weights:  79%|███████▉  | 316/398 [00:10\u003c00:03, 23.35it/s, Materializing param=model.layers.28.self_attn.k_proj.weight]\u001b[A\n"}
,{"stream_name":"stderr","time":154.727749538,"data":"\rLoading weights:  80%|███████▉  | 317/398 [00:10\u003c00:04, 19.40it/s, Materializing param=model.layers.28.self_attn.k_proj.weight]\u001b[A\n"}
,{"stream_name":"stderr","time":154.727964774,"data":"\rLoading weights:  80%|███████▉  | 317/398 [00:10\u003c00:04, 19.40it/s, Materializing param=model.layers.28.self_attn.o_proj.weight]\u001b[A\n"}
,{"stream_name":"stderr","time":154.728170104,"data":"\rLoading weights:  80%|███████▉  | 317/398 [00:10\u003c00:04, 19.40it/s, Materializing param=model.layers.28.self_attn.o_proj.weight]\u001b[A\n"}
,{"stream_name":"stderr","time":154.72823329,"data":"\rLoading weights:  80%|███████▉  | 318/398 [00:10\u003c00:04, 19.40it/s, Materializing param=model.layers.28.self_attn.q_norm.weight]\u001b[A\n"}
,{"stream_name":"stderr","time":154.728562757,"data":"\rLoading weights:  80%|███████▉  | 318/398 [00:10\u003c00:04, 19.40it/s, Materializing param=model.layers.28.self_attn.q_norm.weight]\u001b[A\n"}
,{"stream_name":"stderr","time":154.728678162,"data":"\rLoading weights:  80%|████████  | 319/398 [00:10\u003c00:04, 19.40it/s, Materializing param=model.layers.28.self_attn.q_proj.weight]\u001b[A\n"}
,{"stream_name":"stderr","time":154.7289226,"data":"\rLoading weights:  80%|████████  | 319/398 [00:10\u003c00:04, 19.40it/s, Materializing param=model.layers.28.self_attn.q_proj.weight]\u001b[A\n"}
,{"stream_name":"stderr","time":154.729019283,"data":"\rLoading weights:  80%|████████  | 320/398 [00:10\u003c00:04, 19.40it/s, Materializing param=model.layers.28.self_attn.v_proj.weight]\u001b[A\n"}
,{"stream_name":"stderr","time":154.784273978,"data":"\rLoading weights:  80%|████████  | 320/398 [00:10\u003c00:04, 19.40it/s, Materializing param=model.layers.28.self_attn.v_proj.weight]\u001b[A\n"}
,{"stream_name":"stderr","time":154.784601609,"data":"\rLoading weights:  81%|████████  | 321/398 [00:10\u003c00:03, 19.40it/s, Materializing param=model.layers.29.input_layernorm.weight] \u001b[A\n"}
,{"stream_name":"stderr","time":154.784630519,"data":"\rLoading weights:  81%|████████  | 321/398 [00:10\u003c00:03, 19.40it/s, Materializing param=model.layers.29.input_layernorm.weight]\u001b[A\n"}
,{"stream_name":"stderr","time":154.784944332,"data":"\rLoading weights:  81%|████████  | 322/398 [00:10\u003c00:03, 19.40it/s, Materializing param=model.layers.29.mlp.down_proj.weight]  \u001b[A\n"}
,{"stream_name":"stderr","time":155.65047122,"data":"\rLoading weights:  81%|████████  | 322/398 [00:10\u003c00:03, 19.40it/s, Materializing param=model.layers.29.mlp.down_proj.weight]\u001b[A\n"}
,{"stream_name":"stderr","time":155.650783917,"data":"\rLoading weights:  81%|████████  | 323/398 [00:11\u003c00:04, 15.08it/s, Materializing param=model.layers.29.mlp.down_proj.weight]\u001b[A\n"}
,{"stream_name":"stderr","time":155.650883957,"data":"\rLoading weights:  81%|████████  | 323/398 [00:11\u003c00:04, 15.08it/s, Materializing param=model.layers.29.mlp.gate_proj.weight]\u001b[A\n"}
,{"stream_name":"stderr","time":155.671953843,"data":"\rLoading weights:  81%|████████  | 323/398 [00:11\u003c00:04, 15.08it/s, Materializing param=model.layers.29.mlp.gate_proj.weight]\u001b[A\n"}
,{"stream_name":"stderr","time":155.672393762,"data":"\rLoading weights:  81%|████████▏ | 324/398 [00:11\u003c00:04, 15.08it/s, Materializing param=model.layers.29.mlp.up_proj.weight]  \u001b[A\n"}
,{"stream_name":"stderr","time":155.682602658,"data":"\rLoading weights:  81%|████████▏ | 324/398 [00:11\u003c00:04, 15.08it/s, Materializing param=model.layers.29.mlp.up_proj.weight]\u001b[A\n"}
,{"stream_name":"stderr","time":155.683624738,"data":"\rLoading weights:  82%|████████▏ | 325/398 [00:11\u003c00:04, 15.08it/s, Materializing param=model.layers.29.post_attention_layernorm.weight]\u001b[A\n"}
,{"stream_name":"stderr","time":155.683643625,"data":"\rLoading weights:  82%|████████▏ | 325/398 [00:11\u003c00:04, 15.08it/s, Materializing param=model.layers.29.post_attention_layernorm.weight]\u001b[A\n"}
,{"stream_name":"stderr","time":155.683648439,"data":"\rLoading weights:  82%|████████▏ | 326/398 [00:11\u003c00:04, 15.08it/s, Materializing param=model.layers.29.self_attn.k_norm.weight]        \u001b[A\n"}
,{"stream_name":"stderr","time":155.683845611,"data":"\rLoading weights:  82%|████████▏ | 326/398 [00:11\u003c00:04, 15.08it/s, Materializing param=model.layers.29.self_attn.k_norm.weight]\u001b[A\n"}
,{"stream_name":"stderr","time":155.692811894,"data":"\rLoading weights:  82%|████████▏ | 327/398 [00:11\u003c00:04, 15.08it/s, Materializing param=model.layers.29.self_attn.k_proj.weight]\u001b[A\n"}
,{"stream_name":"stderr","time":155.69344712,"data":"\rLoading weights:  82%|████████▏ | 327/398 [00:11\u003c00:04, 15.08it/s, Materializing param=model.layers.29.self_attn.k_proj.weight]\u001b[A\n"}
,{"stream_name":"stderr","time":155.6934578,"data":"\rLoading weights:  82%|████████▏ | 328/398 [00:11\u003c00:04, 15.08it/s, Materializing param=model.layers.29.self_attn.o_proj.weight]\u001b[A\n"}
,{"stream_name":"stderr","time":155.693878935,"data":"\rLoading weights:  82%|████████▏ | 328/398 [00:11\u003c00:04, 15.08it/s, Materializing param=model.layers.29.self_attn.o_proj.weight]\u001b[A\n"}
,{"stream_name":"stderr","time":155.694044045,"data":"\rLoading weights:  83%|████████▎ | 329/398 [00:11\u003c00:04, 15.08it/s, Materializing param=model.layers.29.self_attn.q_norm.weight]\u001b[A\n"}
,{"stream_name":"stderr","time":155.694444574,"data":"\rLoading weights:  83%|████████▎ | 329/398 [00:11\u003c00:04, 15.08it/s, Materializing param=model.layers.29.self_attn.q_norm.weight]\u001b[A\n"}
,{"stream_name":"stderr","time":155.694554352,"data":"\rLoading weights:  83%|████████▎ | 330/398 [00:11\u003c00:04, 15.08it/s, Materializing param=model.layers.29.self_attn.q_proj.weight]\u001b[A\n"}
,{"stream_name":"stderr","time":155.694835358,"data":"\rLoading weights:  83%|████████▎ | 330/398 [00:11\u003c00:04, 15.08it/s, Materializing param=model.layers.29.self_attn.q_proj.weight]\u001b[A\n"}
,{"stream_name":"stderr","time":155.695008442,"data":"\rLoading weights:  83%|████████▎ | 331/398 [00:11\u003c00:04, 15.08it/s, Materializing param=model.layers.29.self_attn.v_proj.weight]\u001b[A\n"}
,{"stream_name":"stderr","time":155.729133674,"data":"\rLoading weights:  83%|████████▎ | 331/398 [00:11\u003c00:04, 15.08it/s, Materializing param=model.layers.29.self_attn.v_proj.weight]\u001b[A\n"}
,{"stream_name":"stderr","time":155.729528149,"data":"\rLoading weights:  83%|████████▎ | 332/398 [00:11\u003c00:04, 15.08it/s, Materializing param=model.layers.30.input_layernorm.weight] \u001b[A\n"}
,{"stream_name":"stderr","time":155.729737666,"data":"\rLoading weights:  83%|████████▎ | 332/398 [00:11\u003c00:04, 15.08it/s, Materializing param=model.layers.30.input_layernorm.weight]\u001b[A\n"}
,{"stream_name":"stderr","time":155.730351569,"data":"\rLoading weights:  84%|████████▎ | 333/398 [00:11\u003c00:04, 15.08it/s, Materializing param=model.layers.30.mlp.down_proj.weight]  \u001b[A\n"}
,{"stream_name":"stderr","time":156.647111278,"data":"\rLoading weights:  84%|████████▎ | 333/398 [00:11\u003c00:04, 15.08it/s, Materializing param=model.layers.30.mlp.down_proj.weight]\u001b[A\n"}
,{"stream_name":"stderr","time":156.705600955,"data":"\rLoading weights:  84%|████████▍ | 334/398 [00:12\u003c00:04, 13.70it/s, Materializing param=model.layers.30.mlp.down_proj.weight]\u001b[A\n"}
,{"stream_name":"stderr","time":156.705647041,"data":"\rLoading weights:  84%|████████▍ | 334/398 [00:12\u003c00:04, 13.70it/s, Materializing param=model.layers.30.mlp.gate_proj.weight]\u001b[A\n"}
,{"stream_name":"stderr","time":156.70565285200001,"data":"\rLoading weights:  84%|████████▍ | 334/398 [00:12\u003c00:04, 13.70it/s, Materializing param=model.layers.30.mlp.gate_proj.weight]\u001b[A\n"}
,{"stream_name":"stderr","time":156.705657248,"data":"\rLoading weights:  84%|████████▍ | 335/398 [00:12\u003c00:04, 13.70it/s, Materializing param=model.layers.30.mlp.up_proj.weight]  \u001b[A\n"}
,{"stream_name":"stderr","time":156.705665378,"data":"\rLoading weights:  84%|████████▍ | 335/398 [00:12\u003c00:04, 13.70it/s, Materializing param=model.layers.30.mlp.up_proj.weight]\u001b[A\n"}
,{"stream_name":"stderr","time":156.705669992,"data":"\rLoading weights:  84%|████████▍ | 336/398 [00:12\u003c00:04, 13.70it/s, Materializing param=model.layers.30.post_attention_layernorm.weight]\u001b[A\n"}
,{"stream_name":"stderr","time":156.705673911,"data":"\rLoading weights:  84%|████████▍ | 336/398 [00:12\u003c00:04, 13.70it/s, Materializing param=model.layers.30.post_attention_layernorm.weight]\u001b[A\n"}
,{"stream_name":"stderr","time":156.705677602,"data":"\rLoading weights:  85%|████████▍ | 337/398 [00:12\u003c00:04, 13.70it/s, Materializing param=model.layers.30.self_attn.k_norm.weight]        \u001b[A\n"}
,{"stream_name":"stderr","time":156.705681807,"data":"\rLoading weights:  85%|████████▍ | 337/398 [00:12\u003c00:04, 13.70it/s, Materializing param=model.layers.30.self_attn.k_norm.weight]\u001b[A\n"}
,{"stream_name":"stderr","time":156.705685809,"data":"\rLoading weights:  85%|████████▍ | 338/398 [00:12\u003c00:04, 13.70it/s, Materializing param=model.layers.30.self_attn.k_proj.weight]\u001b[A\n"}
,{"stream_name":"stderr","time":156.705689508,"data":"\rLoading weights:  85%|████████▍ | 338/398 [00:12\u003c00:04, 13.70it/s, Materializing param=model.layers.30.self_attn.k_proj.weight]\u001b[A\n"}
,{"stream_name":"stderr","time":156.705693513,"data":"\rLoading weights:  85%|████████▌ | 339/398 [00:12\u003c00:04, 13.70it/s, Materializing param=model.layers.30.self_attn.o_proj.weight]\u001b[A\n"}
,{"stream_name":"stderr","time":156.70577704,"data":"\rLoading weights:  85%|████████▌ | 339/398 [00:12\u003c00:04, 13.70it/s, Materializing param=model.layers.30.self_attn.o_proj.weight]\u001b[A\n"}
,{"stream_name":"stderr","time":156.705839105,"data":"\rLoading weights:  85%|████████▌ | 340/398 [00:12\u003c00:04, 13.70it/s, Materializing param=model.layers.30.self_attn.q_norm.weight]\u001b[A\n"}
,{"stream_name":"stderr","time":156.706130012,"data":"\rLoading weights:  85%|████████▌ | 340/398 [00:12\u003c00:04, 13.70it/s, Materializing param=model.layers.30.self_attn.q_norm.weight]\u001b[A\n"}
,{"stream_name":"stderr","time":156.706259293,"data":"\rLoading weights:  86%|████████▌ | 341/398 [00:12\u003c00:04, 13.70it/s, Materializing param=model.layers.30.self_attn.q_proj.weight]\u001b[A\n"}
,{"stream_name":"stderr","time":156.785571125,"data":"\rLoading weights:  86%|████████▌ | 341/398 [00:12\u003c00:04, 13.70it/s, Materializing param=model.layers.30.self_attn.q_proj.weight]\u001b[A\n"}
,{"stream_name":"stderr","time":156.785765505,"data":"\rLoading weights:  86%|████████▌ | 342/398 [00:12\u003c00:03, 16.49it/s, Materializing param=model.layers.30.self_attn.q_proj.weight]\u001b[A\n"}
,{"stream_name":"stderr","time":156.785971972,"data":"\rLoading weights:  86%|████████▌ | 342/398 [00:12\u003c00:03, 16.49it/s, Materializing param=model.layers.30.self_attn.v_proj.weight]\u001b[A\n"}
,{"stream_name":"stderr","time":156.863373266,"data":"\rLoading weights:  86%|████████▌ | 342/398 [00:12\u003c00:03, 16.49it/s, Materializing param=model.layers.30.self_attn.v_proj.weight]\u001b[A\n"}
,{"stream_name":"stderr","time":156.864234419,"data":"\rLoading weights:  86%|████████▌ | 343/398 [00:12\u003c00:03, 16.49it/s, Materializing param=model.layers.31.input_layernorm.weight] \u001b[A\n"}
,{"stream_name":"stderr","time":156.864582209,"data":"\rLoading weights:  86%|████████▌ | 343/398 [00:12\u003c00:03, 16.49it/s, Materializing param=model.layers.31.input_layernorm.weight]\u001b[A\n"}
,{"stream_name":"stderr","time":156.864831772,"data":"\rLoading weights:  86%|████████▋ | 344/398 [00:12\u003c00:03, 16.49it/s, Materializing param=model.layers.31.mlp.down_proj.weight]  \u001b[A\n"}
,{"stream_name":"stderr","time":157.853088235,"data":"\rLoading weights:  86%|████████▋ | 344/398 [00:12\u003c00:03, 16.49it/s, Materializing param=model.layers.31.mlp.down_proj.weight]\u001b[A\n"}
,{"stream_name":"stderr","time":157.862157763,"data":"\rLoading weights:  87%|████████▋ | 345/398 [00:13\u003c00:03, 16.49it/s, Materializing param=model.layers.31.mlp.gate_proj.weight]\u001b[A\n"}
,{"stream_name":"stderr","time":157.86257715,"data":"\rLoading weights:  87%|████████▋ | 345/398 [00:13\u003c00:03, 16.49it/s, Materializing param=model.layers.31.mlp.gate_proj.weight]\u001b[A\n"}
,{"stream_name":"stderr","time":157.864023496,"data":"\rLoading weights:  87%|████████▋ | 346/398 [00:13\u003c00:04, 11.21it/s, Materializing param=model.layers.31.mlp.gate_proj.weight]\u001b[A\n"}
,{"stream_name":"stderr","time":157.864038778,"data":"\rLoading weights:  87%|████████▋ | 346/398 [00:13\u003c00:04, 11.21it/s, Materializing param=model.layers.31.mlp.up_proj.weight]  \u001b[A\n"}
,{"stream_name":"stderr","time":157.874236987,"data":"\rLoading weights:  87%|████████▋ | 346/398 [00:13\u003c00:04, 11.21it/s, Materializing param=model.layers.31.mlp.up_proj.weight]\u001b[A\n"}
,{"stream_name":"stderr","time":157.874590827,"data":"\rLoading weights:  87%|████████▋ | 347/398 [00:13\u003c00:04, 11.21it/s, Materializing param=model.layers.31.post_attention_layernorm.weight]\u001b[A\n"}
,{"stream_name":"stderr","time":157.875039005,"data":"\rLoading weights:  87%|████████▋ | 347/398 [00:13\u003c00:04, 11.21it/s, Materializing param=model.layers.31.post_attention_layernorm.weight]\u001b[A\n"}
,{"stream_name":"stderr","time":157.87515944,"data":"\rLoading weights:  87%|████████▋ | 348/398 [00:13\u003c00:04, 11.21it/s, Materializing param=model.layers.31.self_attn.k_norm.weight]        \u001b[A\n"}
,{"stream_name":"stderr","time":157.875429002,"data":"\rLoading weights:  87%|████████▋ | 348/398 [00:13\u003c00:04, 11.21it/s, Materializing param=model.layers.31.self_attn.k_norm.weight]\u001b[A\n"}
,{"stream_name":"stderr","time":157.875598145,"data":"\rLoading weights:  88%|████████▊ | 349/398 [00:13\u003c00:04, 11.21it/s, Materializing param=model.layers.31.self_attn.k_proj.weight]\u001b[A\n"}
,{"stream_name":"stderr","time":157.875911885,"data":"\rLoading weights:  88%|████████▊ | 349/398 [00:13\u003c00:04, 11.21it/s, Materializing param=model.layers.31.self_attn.k_proj.weight]\u001b[A\n"}
,{"stream_name":"stderr","time":157.876020573,"data":"\rLoading weights:  88%|████████▊ | 350/398 [00:13\u003c00:04, 11.21it/s, Materializing param=model.layers.31.self_attn.o_proj.weight]\u001b[A\n"}
,{"stream_name":"stderr","time":157.876301185,"data":"\rLoading weights:  88%|████████▊ | 350/398 [00:13\u003c00:04, 11.21it/s, Materializing param=model.layers.31.self_attn.o_proj.weight]\u001b[A\n"}
,{"stream_name":"stderr","time":157.876473762,"data":"\rLoading weights:  88%|████████▊ | 351/398 [00:13\u003c00:04, 11.21it/s, Materializing param=model.layers.31.self_attn.q_norm.weight]\u001b[A\n"}
,{"stream_name":"stderr","time":157.876783452,"data":"\rLoading weights:  88%|████████▊ | 351/398 [00:13\u003c00:04, 11.21it/s, Materializing param=model.layers.31.self_attn.q_norm.weight]\u001b[A\n"}
,{"stream_name":"stderr","time":157.876944673,"data":"\rLoading weights:  88%|████████▊ | 352/398 [00:13\u003c00:04, 11.21it/s, Materializing param=model.layers.31.self_attn.q_proj.weight]\u001b[A\n"}
,{"stream_name":"stderr","time":157.924085671,"data":"\rLoading weights:  88%|████████▊ | 352/398 [00:13\u003c00:04, 11.21it/s, Materializing param=model.layers.31.self_attn.q_proj.weight]\u001b[A\n"}
,{"stream_name":"stderr","time":157.92445109,"data":"\rLoading weights:  89%|████████▊ | 353/398 [00:13\u003c00:04, 11.21it/s, Materializing param=model.layers.31.self_attn.v_proj.weight]\u001b[A\n"}
,{"stream_name":"stderr","time":157.938378885,"data":"\rLoading weights:  89%|████████▊ | 353/398 [00:13\u003c00:04, 11.21it/s, Materializing param=model.layers.31.self_attn.v_proj.weight]\u001b[A\n"}
,{"stream_name":"stderr","time":157.938631152,"data":"\rLoading weights:  89%|████████▉ | 354/398 [00:13\u003c00:03, 11.21it/s, Materializing param=model.layers.32.input_layernorm.weight] \u001b[A\n"}
,{"stream_name":"stderr","time":157.939016434,"data":"\rLoading weights:  89%|████████▉ | 354/398 [00:13\u003c00:03, 11.21it/s, Materializing param=model.layers.32.input_layernorm.weight]\u001b[A\n"}
,{"stream_name":"stderr","time":157.939141212,"data":"\rLoading weights:  89%|████████▉ | 355/398 [00:13\u003c00:03, 11.21it/s, Materializing param=model.layers.32.mlp.down_proj.weight]  \u001b[A\n"}
,{"stream_name":"stderr","time":158.638829081,"data":"\rLoading weights:  89%|████████▉ | 355/398 [00:13\u003c00:03, 11.21it/s, Materializing param=model.layers.32.mlp.down_proj.weight]\u001b[A\n"}
,{"stream_name":"stderr","time":158.639085433,"data":"\rLoading weights:  89%|████████▉ | 356/398 [00:14\u003c00:03, 11.71it/s, Materializing param=model.layers.32.mlp.down_proj.weight]\u001b[A\n"}
,{"stream_name":"stderr","time":158.639281123,"data":"\rLoading weights:  89%|████████▉ | 356/398 [00:14\u003c00:03, 11.71it/s, Materializing param=model.layers.32.mlp.gate_proj.weight]\u001b[A\n"}
,{"stream_name":"stderr","time":158.674369409,"data":"\rLoading weights:  89%|████████▉ | 356/398 [00:14\u003c00:03, 11.71it/s, Materializing param=model.layers.32.mlp.gate_proj.weight]\u001b[A\n"}
,{"stream_name":"stderr","time":158.674646007,"data":"\rLoading weights:  90%|████████▉ | 357/398 [00:14\u003c00:03, 11.71it/s, Materializing param=model.layers.32.mlp.up_proj.weight]  \u001b[A\n"}
,{"stream_name":"stderr","time":158.749912394,"data":"\rLoading weights:  90%|████████▉ | 357/398 [00:14\u003c00:03, 11.71it/s, Materializing param=model.layers.32.mlp.up_proj.weight]\u001b[A\n"}
,{"stream_name":"stderr","time":158.749940526,"data":"\rLoading weights:  90%|████████▉ | 358/398 [00:14\u003c00:03, 11.71it/s, Materializing param=model.layers.32.post_attention_layernorm.weight]\u001b[A\n"}
,{"stream_name":"stderr","time":158.749946268,"data":"\rLoading weights:  90%|████████▉ | 358/398 [00:14\u003c00:03, 11.71it/s, Materializing param=model.layers.32.post_attention_layernorm.weight]\u001b[A\n"}
,{"stream_name":"stderr","time":158.750090955,"data":"\rLoading weights:  90%|█████████ | 359/398 [00:14\u003c00:03, 12.59it/s, Materializing param=model.layers.32.post_attention_layernorm.weight]\u001b[A\n"}
,{"stream_name":"stderr","time":158.750345722,"data":"\rLoading weights:  90%|█████████ | 359/398 [00:14\u003c00:03, 12.59it/s, Materializing param=model.layers.32.self_attn.k_norm.weight]        \u001b[A\n"}
,{"stream_name":"stderr","time":158.750682721,"data":"\rLoading weights:  90%|█████████ | 359/398 [00:14\u003c00:03, 12.59it/s, Materializing param=model.layers.32.self_attn.k_norm.weight]\u001b[A\n"}
,{"stream_name":"stderr","time":158.750818172,"data":"\rLoading weights:  90%|█████████ | 360/398 [00:14\u003c00:03, 12.59it/s, Materializing param=model.layers.32.self_attn.k_proj.weight]\u001b[A\n"}
,{"stream_name":"stderr","time":158.751097138,"data":"\rLoading weights:  90%|█████████ | 360/398 [00:14\u003c00:03, 12.59it/s, Materializing param=model.layers.32.self_attn.k_proj.weight]\u001b[A\n"}
,{"stream_name":"stderr","time":158.751190984,"data":"\rLoading weights:  91%|█████████ | 361/398 [00:14\u003c00:02, 12.59it/s, Materializing param=model.layers.32.self_attn.o_proj.weight]\u001b[A\n"}
,{"stream_name":"stderr","time":158.751460307,"data":"\rLoading weights:  91%|█████████ | 361/398 [00:14\u003c00:02, 12.59it/s, Materializing param=model.layers.32.self_attn.o_proj.weight]\u001b[A\n"}
,{"stream_name":"stderr","time":158.779694968,"data":"\rLoading weights:  91%|█████████ | 362/398 [00:14\u003c00:02, 12.59it/s, Materializing param=model.layers.32.self_attn.q_norm.weight]\u001b[A\n"}
,{"stream_name":"stderr","time":158.788439804,"data":"\rLoading weights:  91%|█████████ | 362/398 [00:14\u003c00:02, 12.59it/s, Materializing param=model.layers.32.self_attn.q_norm.weight]\u001b[A\n"}
,{"stream_name":"stderr","time":158.788852499,"data":"\rLoading weights:  91%|█████████ | 363/398 [00:14\u003c00:02, 12.59it/s, Materializing param=model.layers.32.self_attn.q_proj.weight]\u001b[A\n"}
,{"stream_name":"stderr","time":158.789665591,"data":"\rLoading weights:  91%|█████████ | 363/398 [00:14\u003c00:02, 12.59it/s, Materializing param=model.layers.32.self_attn.q_proj.weight]\u001b[A\n"}
,{"stream_name":"stderr","time":158.790097047,"data":"\rLoading weights:  91%|█████████▏| 364/398 [00:14\u003c00:02, 12.59it/s, Materializing param=model.layers.32.self_attn.v_proj.weight]\u001b[A\n"}
,{"stream_name":"stderr","time":158.790315883,"data":"\rLoading weights:  91%|█████████▏| 364/398 [00:14\u003c00:02, 12.59it/s, Materializing param=model.layers.32.self_attn.v_proj.weight]\u001b[A\n"}
,{"stream_name":"stderr","time":158.790438014,"data":"\rLoading weights:  92%|█████████▏| 365/398 [00:14\u003c00:02, 12.59it/s, Materializing param=model.layers.33.input_layernorm.weight] \u001b[A\n"}
,{"stream_name":"stderr","time":158.791531799,"data":"\rLoading weights:  92%|█████████▏| 365/398 [00:14\u003c00:02, 12.59it/s, Materializing param=model.layers.33.input_layernorm.weight]\u001b[A\n"}
,{"stream_name":"stderr","time":158.792357875,"data":"\rLoading weights:  92%|█████████▏| 366/398 [00:14\u003c00:02, 12.59it/s, Materializing param=model.layers.33.mlp.down_proj.weight]  \u001b[A\n"}
,{"stream_name":"stderr","time":159.482226895,"data":"\rLoading weights:  92%|█████████▏| 366/398 [00:14\u003c00:02, 12.59it/s, Materializing param=model.layers.33.mlp.down_proj.weight]\u001b[A\n"}
,{"stream_name":"stderr","time":159.482960657,"data":"\rLoading weights:  92%|█████████▏| 367/398 [00:15\u003c00:02, 12.01it/s, Materializing param=model.layers.33.mlp.down_proj.weight]\u001b[A\n"}
,{"stream_name":"stderr","time":159.482981854,"data":"\rLoading weights:  92%|█████████▏| 367/398 [00:15\u003c00:02, 12.01it/s, Materializing param=model.layers.33.mlp.gate_proj.weight]\u001b[A\n"}
,{"stream_name":"stderr","time":159.549447391,"data":"\rLoading weights:  92%|█████████▏| 367/398 [00:15\u003c00:02, 12.01it/s, Materializing param=model.layers.33.mlp.gate_proj.weight]\u001b[A\n"}
,{"stream_name":"stderr","time":159.549791758,"data":"\rLoading weights:  92%|█████████▏| 368/398 [00:15\u003c00:02, 12.01it/s, Materializing param=model.layers.33.mlp.up_proj.weight]  \u001b[A\n"}
,{"stream_name":"stderr","time":159.574865582,"data":"\rLoading weights:  92%|█████████▏| 368/398 [00:15\u003c00:02, 12.01it/s, Materializing param=model.layers.33.mlp.up_proj.weight]\u001b[A\n"}
,{"stream_name":"stderr","time":159.575315728,"data":"\rLoading weights:  93%|█████████▎| 369/398 [00:15\u003c00:02, 12.01it/s, Materializing param=model.layers.33.post_attention_layernorm.weight]\u001b[A\n"}
,{"stream_name":"stderr","time":159.575927818,"data":"\rLoading weights:  93%|█████████▎| 369/398 [00:15\u003c00:02, 12.01it/s, Materializing param=model.layers.33.post_attention_layernorm.weight]\u001b[A\n"}
,{"stream_name":"stderr","time":159.575946683,"data":"\rLoading weights:  93%|█████████▎| 370/398 [00:15\u003c00:02, 12.01it/s, Materializing param=model.layers.33.self_attn.k_norm.weight]        \u001b[A\n"}
,{"stream_name":"stderr","time":159.576158048,"data":"\rLoading weights:  93%|█████████▎| 370/398 [00:15\u003c00:02, 12.01it/s, Materializing param=model.layers.33.self_attn.k_norm.weight]\u001b[A\n"}
,{"stream_name":"stderr","time":159.576374463,"data":"\rLoading weights:  93%|█████████▎| 371/398 [00:15\u003c00:02, 12.01it/s, Materializing param=model.layers.33.self_attn.k_proj.weight]\u001b[A\n"}
,{"stream_name":"stderr","time":159.576735177,"data":"\rLoading weights:  93%|█████████▎| 371/398 [00:15\u003c00:02, 12.01it/s, Materializing param=model.layers.33.self_attn.k_proj.weight]\u001b[A\n"}
,{"stream_name":"stderr","time":159.577391392,"data":"\rLoading weights:  93%|█████████▎| 372/398 [00:15\u003c00:02, 12.01it/s, Materializing param=model.layers.33.self_attn.o_proj.weight]\u001b[A\n"}
,{"stream_name":"stderr","time":159.578623937,"data":"\rLoading weights:  93%|█████████▎| 372/398 [00:15\u003c00:02, 12.01it/s, Materializing param=model.layers.33.self_attn.o_proj.weight]\u001b[A\n"}
,{"stream_name":"stderr","time":159.578640805,"data":"\rLoading weights:  94%|█████████▎| 373/398 [00:15\u003c00:02, 12.01it/s, Materializing param=model.layers.33.self_attn.q_norm.weight]\u001b[A\n"}
,{"stream_name":"stderr","time":159.578655876,"data":"\rLoading weights:  94%|█████████▎| 373/398 [00:15\u003c00:02, 12.01it/s, Materializing param=model.layers.33.self_attn.q_norm.weight]\u001b[A\n"}
,{"stream_name":"stderr","time":159.578660206,"data":"\rLoading weights:  94%|█████████▍| 374/398 [00:15\u003c00:01, 12.01it/s, Materializing param=model.layers.33.self_attn.q_proj.weight]\u001b[A\n"}
,{"stream_name":"stderr","time":159.57866409,"data":"\rLoading weights:  94%|█████████▍| 374/398 [00:15\u003c00:01, 12.01it/s, Materializing param=model.layers.33.self_attn.q_proj.weight]\u001b[A\n"}
,{"stream_name":"stderr","time":159.578668072,"data":"\rLoading weights:  94%|█████████▍| 375/398 [00:15\u003c00:01, 12.01it/s, Materializing param=model.layers.33.self_attn.v_proj.weight]\u001b[A\n"}
,{"stream_name":"stderr","time":159.578872934,"data":"\rLoading weights:  94%|█████████▍| 375/398 [00:15\u003c00:01, 12.01it/s, Materializing param=model.layers.33.self_attn.v_proj.weight]\u001b[A\n"}
,{"stream_name":"stderr","time":159.579012402,"data":"\rLoading weights:  94%|█████████▍| 376/398 [00:15\u003c00:01, 12.01it/s, Materializing param=model.layers.34.input_layernorm.weight] \u001b[A\n"}
,{"stream_name":"stderr","time":159.57931216,"data":"\rLoading weights:  94%|█████████▍| 376/398 [00:15\u003c00:01, 12.01it/s, Materializing param=model.layers.34.input_layernorm.weight]\u001b[A\n"}
,{"stream_name":"stderr","time":159.579417921,"data":"\rLoading weights:  95%|█████████▍| 377/398 [00:15\u003c00:01, 12.01it/s, Materializing param=model.layers.34.mlp.down_proj.weight]  \u001b[A\n"}
,{"stream_name":"stderr","time":160.619862867,"data":"\rLoading weights:  95%|█████████▍| 377/398 [00:15\u003c00:01, 12.01it/s, Materializing param=model.layers.34.mlp.down_proj.weight]\u001b[A\n"}
,{"stream_name":"stderr","time":160.620216205,"data":"\rLoading weights:  95%|█████████▍| 378/398 [00:16\u003c00:01, 10.98it/s, Materializing param=model.layers.34.mlp.down_proj.weight]\u001b[A\n"}
,{"stream_name":"stderr","time":160.620387927,"data":"\rLoading weights:  95%|█████████▍| 378/398 [00:16\u003c00:01, 10.98it/s, Materializing param=model.layers.34.mlp.gate_proj.weight]\u001b[A\n"}
,{"stream_name":"stderr","time":160.730901779,"data":"\rLoading weights:  95%|█████████▍| 378/398 [00:16\u003c00:01, 10.98it/s, Materializing param=model.layers.34.mlp.gate_proj.weight]\u001b[A\n"}
,{"stream_name":"stderr","time":160.760922928,"data":"\rLoading weights:  95%|█████████▌| 379/398 [00:16\u003c00:01, 10.98it/s, Materializing param=model.layers.34.mlp.up_proj.weight]  \u001b[A\n"}
,{"stream_name":"stderr","time":160.768945887,"data":"\rLoading weights:  95%|█████████▌| 379/398 [00:16\u003c00:01, 10.98it/s, Materializing param=model.layers.34.mlp.up_proj.weight]\u001b[A\n"}
,{"stream_name":"stderr","time":160.769082602,"data":"\rLoading weights:  95%|█████████▌| 380/398 [00:16\u003c00:01, 11.17it/s, Materializing param=model.layers.34.mlp.up_proj.weight]\u001b[A\n"}
,{"stream_name":"stderr","time":160.769181218,"data":"\rLoading weights:  95%|█████████▌| 380/398 [00:16\u003c00:01, 11.17it/s, Materializing param=model.layers.34.post_attention_layernorm.weight]\u001b[A\n"}
,{"stream_name":"stderr","time":160.76948852,"data":"\rLoading weights:  95%|█████████▌| 380/398 [00:16\u003c00:01, 11.17it/s, Materializing param=model.layers.34.post_attention_layernorm.weight]\u001b[A\n"}
,{"stream_name":"stderr","time":160.769616642,"data":"\rLoading weights:  96%|█████████▌| 381/398 [00:16\u003c00:01, 11.17it/s, Materializing param=model.layers.34.self_attn.k_norm.weight]        \u001b[A\n"}
,{"stream_name":"stderr","time":160.76987775,"data":"\rLoading weights:  96%|█████████▌| 381/398 [00:16\u003c00:01, 11.17it/s, Materializing param=model.layers.34.self_attn.k_norm.weight]\u001b[A\n"}
,{"stream_name":"stderr","time":160.769967093,"data":"\rLoading weights:  96%|█████████▌| 382/398 [00:16\u003c00:01, 11.17it/s, Materializing param=model.layers.34.self_attn.k_proj.weight]\u001b[A\n"}
,{"stream_name":"stderr","time":160.770210167,"data":"\rLoading weights:  96%|█████████▌| 382/398 [00:16\u003c00:01, 11.17it/s, Materializing param=model.layers.34.self_attn.k_proj.weight]\u001b[A\n"}
,{"stream_name":"stderr","time":160.770301015,"data":"\rLoading weights:  96%|█████████▌| 383/398 [00:16\u003c00:01, 11.17it/s, Materializing param=model.layers.34.self_attn.o_proj.weight]\u001b[A\n"}
,{"stream_name":"stderr","time":160.770554988,"data":"\rLoading weights:  96%|█████████▌| 383/398 [00:16\u003c00:01, 11.17it/s, Materializing param=model.layers.34.self_attn.o_proj.weight]\u001b[A\n"}
,{"stream_name":"stderr","time":160.770673197,"data":"\rLoading weights:  96%|█████████▋| 384/398 [00:16\u003c00:01, 11.17it/s, Materializing param=model.layers.34.self_attn.q_norm.weight]\u001b[A\n"}
,{"stream_name":"stderr","time":160.770918807,"data":"\rLoading weights:  96%|█████████▋| 384/398 [00:16\u003c00:01, 11.17it/s, Materializing param=model.layers.34.self_attn.q_norm.weight]\u001b[A\n"}
,{"stream_name":"stderr","time":160.771015857,"data":"\rLoading weights:  97%|█████████▋| 385/398 [00:16\u003c00:01, 11.17it/s, Materializing param=model.layers.34.self_attn.q_proj.weight]\u001b[A\n"}
,{"stream_name":"stderr","time":160.771257174,"data":"\rLoading weights:  97%|█████████▋| 385/398 [00:16\u003c00:01, 11.17it/s, Materializing param=model.layers.34.self_attn.q_proj.weight]\u001b[A\n"}
,{"stream_name":"stderr","time":160.771360689,"data":"\rLoading weights:  97%|█████████▋| 386/398 [00:16\u003c00:01, 11.17it/s, Materializing param=model.layers.34.self_attn.v_proj.weight]\u001b[A\n"}
,{"stream_name":"stderr","time":160.771645697,"data":"\rLoading weights:  97%|█████████▋| 386/398 [00:16\u003c00:01, 11.17it/s, Materializing param=model.layers.34.self_attn.v_proj.weight]\u001b[A\n"}
,{"stream_name":"stderr","time":160.771754176,"data":"\rLoading weights:  97%|█████████▋| 387/398 [00:16\u003c00:00, 11.17it/s, Materializing param=model.layers.35.input_layernorm.weight] \u001b[A\n"}
,{"stream_name":"stderr","time":160.771989911,"data":"\rLoading weights:  97%|█████████▋| 387/398 [00:16\u003c00:00, 11.17it/s, Materializing param=model.layers.35.input_layernorm.weight]\u001b[A\n"}
,{"stream_name":"stderr","time":160.7720889,"data":"\rLoading weights:  97%|█████████▋| 388/398 [00:16\u003c00:00, 11.17it/s, Materializing param=model.layers.35.mlp.down_proj.weight]  \u001b[A\n"}
,{"stream_name":"stderr","time":161.830454474,"data":"\rLoading weights:  97%|█████████▋| 388/398 [00:16\u003c00:00, 11.17it/s, Materializing param=model.layers.35.mlp.down_proj.weight]\u001b[A\n"}
,{"stream_name":"stderr","time":161.830490182,"data":"\rLoading weights:  98%|█████████▊| 389/398 [00:17\u003c00:00, 10.00it/s, Materializing param=model.layers.35.mlp.down_proj.weight]\u001b[A\n"}
,{"stream_name":"stderr","time":161.830859472,"data":"\rLoading weights:  98%|█████████▊| 389/398 [00:17\u003c00:00, 10.00it/s, Materializing param=model.layers.35.mlp.gate_proj.weight]\u001b[A\n"}
,{"stream_name":"stderr","time":161.915974481,"data":"\rLoading weights:  98%|█████████▊| 389/398 [00:17\u003c00:00, 10.00it/s, Materializing param=model.layers.35.mlp.gate_proj.weight]\u001b[A\n"}
,{"stream_name":"stderr","time":161.916233584,"data":"\rLoading weights:  98%|█████████▊| 390/398 [00:17\u003c00:00, 10.00it/s, Materializing param=model.layers.35.mlp.up_proj.weight]  \u001b[A\n"}
,{"stream_name":"stderr","time":161.917994426,"data":"\rLoading weights:  98%|█████████▊| 390/398 [00:17\u003c00:00, 10.00it/s, Materializing param=model.layers.35.mlp.up_proj.weight]\u001b[A\n"}
,{"stream_name":"stderr","time":161.918015706,"data":"\rLoading weights:  98%|█████████▊| 391/398 [00:17\u003c00:00, 10.00it/s, Materializing param=model.layers.35.post_attention_layernorm.weight]\u001b[A\n"}
,{"stream_name":"stderr","time":161.918022064,"data":"\rLoading weights:  98%|█████████▊| 391/398 [00:17\u003c00:00, 10.00it/s, Materializing param=model.layers.35.post_attention_layernorm.weight]\u001b[A\n"}
,{"stream_name":"stderr","time":161.918026932,"data":"\rLoading weights:  98%|█████████▊| 392/398 [00:17\u003c00:00, 10.00it/s, Materializing param=model.layers.35.self_attn.k_norm.weight]        \u001b[A\n"}
,{"stream_name":"stderr","time":161.918031571,"data":"\rLoading weights:  98%|█████████▊| 392/398 [00:17\u003c00:00, 10.00it/s, Materializing param=model.layers.35.self_attn.k_norm.weight]\u001b[A\n"}
,{"stream_name":"stderr","time":161.918036593,"data":"\rLoading weights:  99%|█████████▊| 393/398 [00:17\u003c00:00, 10.00it/s, Materializing param=model.layers.35.self_attn.k_proj.weight]\u001b[A\n"}
,{"stream_name":"stderr","time":161.918041118,"data":"\rLoading weights:  99%|█████████▊| 393/398 [00:17\u003c00:00, 10.00it/s, Materializing param=model.layers.35.self_attn.k_proj.weight]\u001b[A\n"}
,{"stream_name":"stderr","time":161.91804557,"data":"\rLoading weights:  99%|█████████▉| 394/398 [00:17\u003c00:00, 10.00it/s, Materializing param=model.layers.35.self_attn.o_proj.weight]\u001b[A\n"}
,{"stream_name":"stderr","time":161.918050572,"data":"\rLoading weights:  99%|█████████▉| 394/398 [00:17\u003c00:00, 10.00it/s, Materializing param=model.layers.35.self_attn.o_proj.weight]\u001b[A\n"}
,{"stream_name":"stderr","time":161.9180553,"data":"\rLoading weights:  99%|█████████▉| 395/398 [00:17\u003c00:00, 10.00it/s, Materializing param=model.layers.35.self_attn.q_norm.weight]\u001b[A\n"}
,{"stream_name":"stderr","time":161.918059413,"data":"\rLoading weights:  99%|█████████▉| 395/398 [00:17\u003c00:00, 10.00it/s, Materializing param=model.layers.35.self_attn.q_norm.weight]\u001b[A\n"}
,{"stream_name":"stderr","time":161.918063786,"data":"\rLoading weights:  99%|█████████▉| 396/398 [00:17\u003c00:00, 10.00it/s, Materializing param=model.layers.35.self_attn.q_proj.weight]\u001b[A\n"}
,{"stream_name":"stderr","time":161.91819673,"data":"\rLoading weights:  99%|█████████▉| 396/398 [00:17\u003c00:00, 10.00it/s, Materializing param=model.layers.35.self_attn.q_proj.weight]\u001b[A\n"}
,{"stream_name":"stderr","time":161.918274513,"data":"\rLoading weights: 100%|█████████▉| 397/398 [00:17\u003c00:00, 10.00it/s, Materializing param=model.layers.35.self_attn.v_proj.weight]\u001b[A\n"}
,{"stream_name":"stderr","time":161.921069428,"data":"\rLoading weights: 100%|█████████▉| 397/398 [00:17\u003c00:00, 10.00it/s, Materializing param=model.layers.35.self_attn.v_proj.weight]\u001b[A\n"}
,{"stream_name":"stderr","time":161.921208246,"data":"\rLoading weights: 100%|██████████| 398/398 [00:17\u003c00:00, 10.00it/s, Materializing param=model.norm.weight]                      \u001b[A\n"}
,{"stream_name":"stderr","time":161.921591633,"data":"\rLoading weights: 100%|██████████| 398/398 [00:17\u003c00:00, 10.00it/s, Materializing param=model.norm.weight]\u001b[A\rLoading weights: 100%|██████████| 398/398 [00:17\u003c00:00, 22.54it/s, Materializing param=model.norm.weight]\n"}
,{"stream_name":"stderr","time":192.122324718,"data":"\rLoading pipeline components...:  60%|██████    | 3/5 [00:21\u003c00:18,  9.06s/it]\rLoading pipeline components...:  80%|████████  | 4/5 [00:51\u003c00:17, 17.32s/it]\rLoading pipeline components...: 100%|██████████| 5/5 [00:51\u003c00:00, 10.24s/it]\n"}
,{"stream_name":"stderr","time":208.95454199,"data":"\r  0%|          | 0/4 [00:00\u003c?, ?it/s]\r 25%|██▌       | 1/4 [00:09\u003c00:27,  9.22s/it]\r 50%|█████     | 2/4 [00:10\u003c00:08,  4.46s/it]\r 75%|███████▌  | 3/4 [00:11\u003c00:02,  2.95s/it]\r100%|██████████| 4/4 [00:12\u003c00:00,  2.25s/it]\r100%|██████████| 4/4 [00:12\u003c00:00,  3.17s/it]\n"}
,{"stream_name":"stdout","time":217.104845399,"data":"STILL 001 COMPLETE -\u003e earth-needs-help-e001-s001.png\n"}
,{"stream_name":"stdout","time":217.105166265,"data":"{\n"}
,{"stream_name":"stdout","time":217.105179,"data":"  \"success\": false,\n"}
,{"stream_name":"stdout","time":217.105183976,"data":"  \"pipeline\": \"hybrid-image-v1/flux2-klein-4b\",\n"}
,{"stream_name":"stdout","time":217.10518861,"data":"  \"provider\": \"kaggle\",\n"}
,{"stream_name":"stdout","time":217.105193039,"data":"  \"shots\": [\n"}
,{"stream_name":"stdout","time":217.105197315,"data":"    {\n"}
,{"stream_name":"stdout","time":217.105201651,"data":"      \"id\": \"001\",\n"}
,{"stream_name":"stdout","time":217.10520766,"data":"      \"success\": true,\n"}
,{"stream_name":"stdout","time":217.105213901,"data":"      \"file\": \"earth-needs-help-e001-s001.png\",\n"}
,{"stream_name":"stdout","time":217.105219111,"data":"      \"characters\": [\n"}
,{"stream_name":"stdout","time":217.105223796,"data":"        \"captain-pip\",\n"}
,{"stream_name":"stdout","time":217.105228868,"data":"        \"bloop\",\n"}
,{"stream_name":"stdout","time":217.105233382,"data":"        \"zig\",\n"}
,{"stream_name":"stdout","time":217.105238286,"data":"        \"momo\"\n"}
,{"stream_name":"stdout","time":217.105242638,"data":"      ],\n"}
,{"stream_name":"stdout","time":217.10524678,"data":"      \"reference_count\": 4,\n"}
,{"stream_name":"stdout","time":217.105251156,"data":"      \"seed\": 12101,\n"}
,{"stream_name":"stdout","time":217.105255503,"data":"      \"qa_status\": \"pending\",\n"}
,{"stream_name":"stdout","time":217.105260013,"data":"      \"sha256\": \"bcde0d6c64165bb1916c364afac79db33a719aaa2f1d00f931b6d659eb39e542\"\n"}
,{"stream_name":"stdout","time":217.105264545,"data":"    }\n"}
,{"stream_name":"stdout","time":217.105268675,"data":"  ],\n"}
,{"stream_name":"stdout","time":217.105272785,"data":"  \"source_commit\": \"5bb6bfcf267a61f7426af594f81879bc5427b50a\",\n"}
,{"stream_name":"stdout","time":217.105277233,"data":"  \"model_revision\": \"e7b7dc27f91deacad38e78976d1f2b499d76a294\",\n"}
,{"stream_name":"stdout","time":217.105287046,"data":"  \"gpu\": \"Tesla T4\",\n"}
,{"stream_name":"stdout","time":217.105290972,"data":"  \"dtype\": \"torch.float16\",\n"}
,{"stream_name":"stdout","time":217.10529407,"data":"  \"model\": \"black-forest-labs/FLUX.2-klein-4B\"\n"}
,{"stream_name":"stdout","time":217.105297016,"data":"}\n"}
,{"stream_name":"stdout","time":217.416087746,"data":"{\n"}
,{"stream_name":"stdout","time":217.416121702,"data":"  \"success\": false,\n"}
,{"stream_name":"stdout","time":217.416126868,"data":"  \"pipeline\": \"hybrid-image-v1/flux2-klein-4b\",\n"}
,{"stream_name":"stdout","time":217.416132717,"data":"  \"provider\": \"kaggle\",\n"}
,{"stream_name":"stdout","time":217.416139728,"data":"  \"shots\": [\n"}
,{"stream_name":"stdout","time":217.416142329,"data":"    {\n"}
,{"stream_name":"stdout","time":217.416144601,"data":"      \"id\": \"001\",\n"}
,{"stream_name":"stdout","time":217.416146928,"data":"      \"success\": true,\n"}
,{"stream_name":"stdout","time":217.41614914,"data":"      \"file\": \"earth-needs-help-e001-s001.png\",\n"}
,{"stream_name":"stdout","time":217.416151546,"data":"      \"characters\": [\n"}
,{"stream_name":"stdout","time":217.416153786,"data":"        \"captain-pip\",\n"}
,{"stream_name":"stdout","time":217.416155999,"data":"        \"bloop\",\n"}
,{"stream_name":"stdout","time":217.416158205,"data":"        \"zig\",\n"}
,{"stream_name":"stdout","time":217.416160399,"data":"        \"momo\"\n"}
,{"stream_name":"stdout","time":217.416162696,"data":"      ],\n"}
,{"stream_name":"stdout","time":217.416164801,"data":"      \"reference_count\": 4,\n"}
,{"stream_name":"stdout","time":217.41616702,"data":"      \"seed\": 12101,\n"}
,{"stream_name":"stdout","time":217.416169209,"data":"      \"qa_status\": \"pending\",\n"}
,{"stream_name":"stdout","time":217.416171595,"data":"      \"sha256\": \"bcde0d6c64165bb1916c364afac79db33a719aaa2f1d00f931b6d659eb39e542\"\n"}
,{"stream_name":"stdout","time":217.41617394,"data":"    },\n"}
,{"stream_name":"stdout","time":217.416176068,"data":"    {\n"}
,{"stream_name":"stdout","time":217.41617816,"data":"      \"id\": \"002\",\n"}
,{"stream_name":"stdout","time":217.416180423,"data":"      \"success\": true,\n"}
,{"stream_name":"stdout","time":217.416182724,"data":"      \"file\": \"earth-needs-help-e001-s002.png\",\n"}
,{"stream_name":"stdout","time":217.416184978,"data":"      \"qa_status\": \"pending\",\n"}
,{"stream_name":"stdout","time":217.416187239,"data":"      \"reused_approved_input\": true,\n"}
,{"stream_name":"stdout","time":217.416189485,"data":"      \"source_sha256\": \"dbf90d6c8a801d4e639e31bee2be525e883989628b5737efc4a21646ed59a6a3\",\n"}
,{"stream_name":"stdout","time":217.416191866,"data":"      \"sha256\": \"987828f4068b1d6541f04de22e8dbe8c814cb7dfb2ebe36425063f56f0d74257\"\n"}
,{"stream_name":"stdout","time":217.416194153,"data":"    }\n"}
,{"stream_name":"stdout","time":217.416196748,"data":"  ],\n"}
,{"stream_name":"stdout","time":217.416198885,"data":"  \"source_commit\": \"5bb6bfcf267a61f7426af594f81879bc5427b50a\",\n"}
,{"stream_name":"stdout","time":217.416201163,"data":"  \"model_revision\": \"e7b7dc27f91deacad38e78976d1f2b499d76a294\",\n"}
,{"stream_name":"stdout","time":217.416203488,"data":"  \"gpu\": \"Tesla T4\",\n"}
,{"stream_name":"stdout","time":217.416205719,"data":"  \"dtype\": \"torch.float16\",\n"}
,{"stream_name":"stdout","time":217.416207974,"data":"  \"model\": \"black-forest-labs/FLUX.2-klein-4B\"\n"}
,{"stream_name":"stdout","time":217.416210225,"data":"}\n"}
,{"stream_name":"stdout","time":217.687349918,"data":"{\n"}
,{"stream_name":"stdout","time":217.687371312,"data":"  \"success\": false,\n"}
,{"stream_name":"stdout","time":217.68737569,"data":"  \"pipeline\": \"hybrid-image-v1/flux2-klein-4b\",\n"}
,{"stream_name":"stdout","time":217.6873796,"data":"  \"provider\": \"kaggle\",\n"}
,{"stream_name":"stdout","time":217.687388382,"data":"  \"shots\": [\n"}
,{"stream_name":"stdout","time":217.687416445,"data":"    {\n"}
,{"stream_name":"stdout","time":217.687420683,"data":"      \"id\": \"001\",\n"}
,{"stream_name":"stdout","time":217.687425442,"data":"      \"success\": true,\n"}
,{"stream_name":"stdout","time":217.687429504,"data":"      \"file\": \"earth-needs-help-e001-s001.png\",\n"}
,{"stream_name":"stdout","time":217.687433181,"data":"      \"characters\": [\n"}
,{"stream_name":"stdout","time":217.687436485,"data":"        \"captain-pip\",\n"}
,{"stream_name":"stdout","time":217.68743988,"data":"        \"bloop\",\n"}
,{"stream_name":"stdout","time":217.687443179,"data":"        \"zig\",\n"}
,{"stream_name":"stdout","time":217.687446378,"data":"        \"momo\"\n"}
,{"stream_name":"stdout","time":217.687449659,"data":"      ],\n"}
,{"stream_name":"stdout","time":217.687453046,"data":"      \"reference_count\": 4,\n"}
,{"stream_name":"stdout","time":217.687458111,"data":"      \"seed\": 12101,\n"}
,{"stream_name":"stdout","time":217.687463991,"data":"      \"qa_status\": \"pending\",\n"}
,{"stream_name":"stdout","time":217.687466446,"data":"      \"sha256\": \"bcde0d6c64165bb1916c364afac79db33a719aaa2f1d00f931b6d659eb39e542\"\n"}
,{"stream_name":"stdout","time":217.687468812,"data":"    },\n"}
,{"stream_name":"stdout","time":217.68747092,"data":"    {\n"}
,{"stream_name":"stdout","time":217.687473089,"data":"      \"id\": \"002\",\n"}
,{"stream_name":"stdout","time":217.687475281,"data":"      \"success\": true,\n"}
,{"stream_name":"stdout","time":217.687477617,"data":"      \"file\": \"earth-needs-help-e001-s002.png\",\n"}
,{"stream_name":"stdout","time":217.687479871,"data":"      \"qa_status\": \"pending\",\n"}
,{"stream_name":"stdout","time":217.687482107,"data":"      \"reused_approved_input\": true,\n"}
,{"stream_name":"stdout","time":217.687484474,"data":"      \"source_sha256\": \"dbf90d6c8a801d4e639e31bee2be525e883989628b5737efc4a21646ed59a6a3\",\n"}
,{"stream_name":"stdout","time":217.687486897,"data":"      \"sha256\": \"987828f4068b1d6541f04de22e8dbe8c814cb7dfb2ebe36425063f56f0d74257\"\n"}
,{"stream_name":"stdout","time":217.687489191,"data":"    },\n"}
,{"stream_name":"stdout","time":217.687491543,"data":"    {\n"}
,{"stream_name":"stdout","time":217.687506559,"data":"      \"id\": \"003\",\n"}
,{"stream_name":"stdout","time":217.687527105,"data":"      \"success\": true,\n"}
,{"stream_name":"stdout","time":217.687531169,"data":"      \"file\": \"earth-needs-help-e001-s003.png\",\n"}
,{"stream_name":"stdout","time":217.687534605,"data":"      \"qa_status\": \"pending\",\n"}
,{"stream_name":"stdout","time":217.687537962,"data":"      \"reused_approved_input\": true,\n"}
,{"stream_name":"stdout","time":217.687541351,"data":"      \"source_sha256\": \"fdba3c9bdb0932a015f07acc8c248c07cdb0e2ab915ede8e4a778f10226edaab\",\n"}
,{"stream_name":"stdout","time":217.687544959,"data":"      \"sha256\": \"2a64651df9346b4da80f0c24bcaee153dbfe2e30d3c6a3339cc9d8bd10543cf4\"\n"}
,{"stream_name":"stdout","time":217.687548462,"data":"    }\n"}
,{"stream_name":"stdout","time":217.687551606,"data":"  ],\n"}
,{"stream_name":"stdout","time":217.687554953,"data":"  \"source_commit\": \"5bb6bfcf267a61f7426af594f81879bc5427b50a\",\n"}
,{"stream_name":"stdout","time":217.687558488,"data":"  \"model_revision\": \"e7b7dc27f91deacad38e78976d1f2b499d76a294\",\n"}
,{"stream_name":"stdout","time":217.687562002,"data":"  \"gpu\": \"Tesla T4\",\n"}
,{"stream_name":"stdout","time":217.687565324,"data":"  \"dtype\": \"torch.float16\",\n"}
,{"stream_name":"stdout","time":217.687568714,"data":"  \"model\": \"black-forest-labs/FLUX.2-klein-4B\"\n"}
,{"stream_name":"stdout","time":217.687577917,"data":"}\n"}
,{"stream_name":"stdout","time":217.999167281,"data":"{\n"}
,{"stream_name":"stdout","time":217.999188867,"data":"  \"success\": false,\n"}
,{"stream_name":"stdout","time":217.999195197,"data":"  \"pipeline\": \"hybrid-image-v1/flux2-klein-4b\",\n"}
,{"stream_name":"stdout","time":217.999202069,"data":"  \"provider\": \"kaggle\",\n"}
,{"stream_name":"stdout","time":217.999204473,"data":"  \"shots\": [\n"}
,{"stream_name":"stdout","time":217.99920685,"data":"    {\n"}
,{"stream_name":"stdout","time":217.999209099,"data":"      \"id\": \"001\",\n"}
,{"stream_name":"stdout","time":217.999211347,"data":"      \"success\": true,\n"}
,{"stream_name":"stdout","time":217.999213725,"data":"      \"file\": \"earth-needs-help-e001-s001.png\",\n"}
,{"stream_name":"stdout","time":217.999216163,"data":"      \"characters\": [\n"}
,{"stream_name":"stdout","time":217.999218447,"data":"        \"captain-pip\",\n"}
,{"stream_name":"stdout","time":217.999220694,"data":"        \"bloop\",\n"}
,{"stream_name":"stdout","time":217.999222972,"data":"        \"zig\",\n"}
,{"stream_name":"stdout","time":217.99922515,"data":"        \"momo\"\n"}
,{"stream_name":"stdout","time":217.999227362,"data":"      ],\n"}
,{"stream_name":"stdout","time":217.999229487,"data":"      \"reference_count\": 4,\n"}
,{"stream_name":"stdout","time":217.999231744,"data":"      \"seed\": 12101,\n"}
,{"stream_name":"stdout","time":217.99923401,"data":"      \"qa_status\": \"pending\",\n"}
,{"stream_name":"stdout","time":217.999236392,"data":"      \"sha256\": \"bcde0d6c64165bb1916c364afac79db33a719aaa2f1d00f931b6d659eb39e542\"\n"}
,{"stream_name":"stdout","time":217.99923878,"data":"    },\n"}
,{"stream_name":"stdout","time":217.999240892,"data":"    {\n"}
,{"stream_name":"stdout","time":217.999243005,"data":"      \"id\": \"002\",\n"}
,{"stream_name":"stdout","time":217.999245234,"data":"      \"success\": true,\n"}
,{"stream_name":"stdout","time":217.999247447,"data":"      \"file\": \"earth-needs-help-e001-s002.png\",\n"}
,{"stream_name":"stdout","time":217.999249715,"data":"      \"qa_status\": \"pending\",\n"}
,{"stream_name":"stdout","time":217.999251956,"data":"      \"reused_approved_input\": true,\n"}
,{"stream_name":"stdout","time":217.999254231,"data":"      \"source_sha256\": \"dbf90d6c8a801d4e639e31bee2be525e883989628b5737efc4a21646ed59a6a3\",\n"}
,{"stream_name":"stdout","time":217.999256593,"data":"      \"sha256\": \"987828f4068b1d6541f04de22e8dbe8c814cb7dfb2ebe36425063f56f0d74257\"\n"}
,{"stream_name":"stdout","time":217.999258904,"data":"    },\n"}
,{"stream_name":"stdout","time":217.999261024,"data":"    {\n"}
,{"stream_name":"stdout","time":217.999263127,"data":"      \"id\": \"003\",\n"}
,{"stream_name":"stdout","time":217.999265322,"data":"      \"success\": true,\n"}
,{"stream_name":"stdout","time":217.999267521,"data":"      \"file\": \"earth-needs-help-e001-s003.png\",\n"}
,{"stream_name":"stdout","time":217.999269825,"data":"      \"qa_status\": \"pending\",\n"}
,{"stream_name":"stdout","time":217.999272042,"data":"      \"reused_approved_input\": true,\n"}
,{"stream_name":"stdout","time":217.999274275,"data":"      \"source_sha256\": \"fdba3c9bdb0932a015f07acc8c248c07cdb0e2ab915ede8e4a778f10226edaab\",\n"}
,{"stream_name":"stdout","time":217.999276632,"data":"      \"sha256\": \"2a64651df9346b4da80f0c24bcaee153dbfe2e30d3c6a3339cc9d8bd10543cf4\"\n"}
,{"stream_name":"stdout","time":217.999278936,"data":"    },\n"}
,{"stream_name":"stdout","time":217.999281054,"data":"    {\n"}
,{"stream_name":"stdout","time":217.999291664,"data":"      \"id\": \"004\",\n"}
,{"stream_name":"stdout","time":217.99929407,"data":"      \"success\": true,\n"}
,{"stream_name":"stdout","time":217.999296505,"data":"      \"file\": \"earth-needs-help-e001-s004.png\",\n"}
,{"stream_name":"stdout","time":217.999298792,"data":"      \"qa_status\": \"pending\",\n"}
,{"stream_name":"stdout","time":217.999301029,"data":"      \"reused_approved_input\": true,\n"}
,{"stream_name":"stdout","time":217.999303275,"data":"      \"source_sha256\": \"10bd2cce636bce4a8e71482163fbfe95ba58a3d0d02ee38c189741acc08ed126\",\n"}
,{"stream_name":"stdout","time":217.999305617,"data":"      \"sha256\": \"63e9f399773288177dd513a98d30f0883ed581fdb9428f69f1b66a1b74a8dda7\"\n"}
,{"stream_name":"stdout","time":217.99930793,"data":"    }\n"}
,{"stream_name":"stdout","time":217.999310025,"data":"  ],\n"}
,{"stream_name":"stdout","time":217.999312175,"data":"  \"source_commit\": \"5bb6bfcf267a61f7426af594f81879bc5427b50a\",\n"}
,{"stream_name":"stdout","time":217.99931453599999,"data":"  \"model_revision\": \"e7b7dc27f91deacad38e78976d1f2b499d76a294\",\n"}
,{"stream_name":"stdout","time":217.999316833,"data":"  \"gpu\": \"Tesla T4\",\n"}
,{"stream_name":"stdout","time":217.999319093,"data":"  \"dtype\": \"torch.float16\",\n"}
,{"stream_name":"stdout","time":217.999321398,"data":"  \"model\": \"black-forest-labs/FLUX.2-klein-4B\"\n"}
,{"stream_name":"stdout","time":217.999323719,"data":"}\n"}
,{"stream_name":"stdout","time":218.280600931,"data":"{\n"}
,{"stream_name":"stdout","time":218.280621647,"data":"  \"success\": false,\n"}
,{"stream_name":"stdout","time":218.280625155,"data":"  \"pipeline\": \"hybrid-image-v1/flux2-klein-4b\",\n"}
,{"stream_name":"stdout","time":218.280627891,"data":"  \"provider\": \"kaggle\",\n"}
,{"stream_name":"stdout","time":218.280630368,"data":"  \"shots\": [\n"}
,{"stream_name":"stdout","time":218.280632614,"data":"    {\n"}
,{"stream_name":"stdout","time":218.280634869,"data":"      \"id\": \"001\",\n"}
,{"stream_name":"stdout","time":218.280637762,"data":"      \"success\": true,\n"}
,{"stream_name":"stdout","time":218.280654041,"data":"      \"file\": \"earth-needs-help-e001-s001.png\",\n"}
,{"stream_name":"stdout","time":218.280658135,"data":"      \"characters\": [\n"}
,{"stream_name":"stdout","time":218.280662145,"data":"        \"captain-pip\",\n"}
,{"stream_name":"stdout","time":218.280665885,"data":"        \"bloop\",\n"}
,{"stream_name":"stdout","time":218.280669881,"data":"        \"zig\",\n"}
,{"stream_name":"stdout","time":218.280673851,"data":"        \"momo\"\n"}
,{"stream_name":"stdout","time":218.28067727,"data":"      ],\n"}
,{"stream_name":"stdout","time":218.280680566,"data":"      \"reference_count\": 4,\n"}
,{"stream_name":"stdout","time":218.280683919,"data":"      \"seed\": 12101,\n"}
,{"stream_name":"stdout","time":218.280687191,"data":"      \"qa_status\": \"pending\",\n"}
,{"stream_name":"stdout","time":218.280690708,"data":"      \"sha256\": \"bcde0d6c64165bb1916c364afac79db33a719aaa2f1d00f931b6d659eb39e542\"\n"}
,{"stream_name":"stdout","time":218.280694278,"data":"    },\n"}
,{"stream_name":"stdout","time":218.280697658,"data":"    {\n"}
,{"stream_name":"stdout","time":218.280706194,"data":"      \"id\": \"002\",\n"}
,{"stream_name":"stdout","time":218.280709105,"data":"      \"success\": true,\n"}
,{"stream_name":"stdout","time":218.280711336,"data":"      \"file\": \"earth-needs-help-e001-s002.png\",\n"}
,{"stream_name":"stdout","time":218.280713643,"data":"      \"qa_status\": \"pending\",\n"}
,{"stream_name":"stdout","time":218.280715973,"data":"      \"reused_approved_input\": true,\n"}
,{"stream_name":"stdout","time":218.280725882,"data":"      \"source_sha256\": \"dbf90d6c8a801d4e639e31bee2be525e883989628b5737efc4a21646ed59a6a3\",\n"}
,{"stream_name":"stdout","time":218.280728422,"data":"      \"sha256\": \"987828f4068b1d6541f04de22e8dbe8c814cb7dfb2ebe36425063f56f0d74257\"\n"}
,{"stream_name":"stdout","time":218.280730743,"data":"    },\n"}
,{"stream_name":"stdout","time":218.280732854,"data":"    {\n"}
,{"stream_name":"stdout","time":218.280734982,"data":"      \"id\": \"003\",\n"}
,{"stream_name":"stdout","time":218.280737738,"data":"      \"success\": true,\n"}
,{"stream_name":"stdout","time":218.280752971,"data":"      \"file\": \"earth-needs-help-e001-s003.png\",\n"}
,{"stream_name":"stdout","time":218.280757217,"data":"      \"qa_status\": \"pending\",\n"}
,{"stream_name":"stdout","time":218.280761176,"data":"      \"reused_approved_input\": true,\n"}
,{"stream_name":"stdout","time":218.280765223,"data":"      \"source_sha256\": \"fdba3c9bdb0932a015f07acc8c248c07cdb0e2ab915ede8e4a778f10226edaab\",\n"}
,{"stream_name":"stdout","time":218.280769506,"data":"      \"sha256\": \"2a64651df9346b4da80f0c24bcaee153dbfe2e30d3c6a3339cc9d8bd10543cf4\"\n"}
,{"stream_name":"stdout","time":218.280773136,"data":"    },\n"}
,{"stream_name":"stdout","time":218.280776307,"data":"    {\n"}
,{"stream_name":"stdout","time":218.280779471,"data":"      \"id\": \"004\",\n"}
,{"stream_name":"stdout","time":218.280782842,"data":"      \"success\": true,\n"}
,{"stream_name":"stdout","time":218.280786167,"data":"      \"file\": \"earth-needs-help-e001-s004.png\",\n"}
,{"stream_name":"stdout","time":218.280789665,"data":"      \"qa_status\": \"pending\",\n"}
,{"stream_name":"stdout","time":218.280793091,"data":"      \"reused_approved_input\": true,\n"}
,{"stream_name":"stdout","time":218.28079647,"data":"      \"source_sha256\": \"10bd2cce636bce4a8e71482163fbfe95ba58a3d0d02ee38c189741acc08ed126\",\n"}
,{"stream_name":"stdout","time":218.280800035,"data":"      \"sha256\": \"63e9f399773288177dd513a98d30f0883ed581fdb9428f69f1b66a1b74a8dda7\"\n"}
,{"stream_name":"stdout","time":218.280803475,"data":"    },\n"}
,{"stream_name":"stdout","time":218.28080659,"data":"    {\n"}
,{"stream_name":"stdout","time":218.280809802,"data":"      \"id\": \"005\",\n"}
,{"stream_name":"stdout","time":218.280813148,"data":"      \"success\": true,\n"}
,{"stream_name":"stdout","time":218.28082153,"data":"      \"file\": \"earth-needs-help-e001-s005.png\",\n"}
,{"stream_name":"stdout","time":218.280824381,"data":"      \"qa_status\": \"pending\",\n"}
,{"stream_name":"stdout","time":218.280826821,"data":"      \"reused_approved_input\": true,\n"}
,{"stream_name":"stdout","time":218.280829066,"data":"      \"source_sha256\": \"58f27722e31c048be05561f1fe0b0dfd156137634afd5d23a39950c4d232c31f\",\n"}
,{"stream_name":"stdout","time":218.280831465,"data":"      \"sha256\": \"38f779b638bd7b66ac06f3619c8c76cb0d2eae80d157db72495a3ccdf641d1bf\"\n"}
,{"stream_name":"stdout","time":218.280834365,"data":"    }\n"}
,{"stream_name":"stdout","time":218.28084898,"data":"  ],\n"}
,{"stream_name":"stdout","time":218.280853187,"data":"  \"source_commit\": \"5bb6bfcf267a61f7426af594f81879bc5427b50a\",\n"}
,{"stream_name":"stdout","time":218.280857118,"data":"  \"model_revision\": \"e7b7dc27f91deacad38e78976d1f2b499d76a294\",\n"}
,{"stream_name":"stdout","time":218.280861353,"data":"  \"gpu\": \"Tesla T4\",\n"}
,{"stream_name":"stdout","time":218.280865314,"data":"  \"dtype\": \"torch.float16\",\n"}
,{"stream_name":"stdout","time":218.28086996,"data":"  \"model\": \"black-forest-labs/FLUX.2-klein-4B\"\n"}
,{"stream_name":"stdout","time":218.280876969,"data":"}\n"}
,{"stream_name":"stdout","time":218.574599531,"data":"{\n"}
,{"stream_name":"stdout","time":218.574621773,"data":"  \"success\": false,\n"}
,{"stream_name":"stdout","time":218.574626971,"data":"  \"pipeline\": \"hybrid-image-v1/flux2-klein-4b\",\n"}
,{"stream_name":"stdout","time":218.574631326,"data":"  \"provider\": \"kaggle\",\n"}
,{"stream_name":"stdout","time":218.574635425,"data":"  \"shots\": [\n"}
,{"stream_name":"stdout","time":218.574638768,"data":"    {\n"}
,{"stream_name":"stdout","time":218.574642076,"data":"      \"id\": \"001\",\n"}
,{"stream_name":"stdout","time":218.574645558,"data":"      \"success\": true,\n"}
,{"stream_name":"stdout","time":218.574653809,"data":"      \"file\": \"earth-needs-help-e001-s001.png\",\n"}
,{"stream_name":"stdout","time":218.574656861,"data":"      \"characters\": [\n"}
,{"stream_name":"stdout","time":218.574659226,"data":"        \"captain-pip\",\n"}
,{"stream_name":"stdout","time":218.574661426,"data":"        \"bloop\",\n"}
,{"stream_name":"stdout","time":218.574663697,"data":"        \"zig\",\n"}
,{"stream_name":"stdout","time":218.574665951,"data":"        \"momo\"\n"}
,{"stream_name":"stdout","time":218.574668162,"data":"      ],\n"}
,{"stream_name":"stdout","time":218.574670353,"data":"      \"reference_count\": 4,\n"}
,{"stream_name":"stdout","time":218.574672893,"data":"      \"seed\": 12101,\n"}
,{"stream_name":"stdout","time":218.574675159,"data":"      \"qa_status\": \"pending\",\n"}
,{"stream_name":"stdout","time":218.574677661,"data":"      \"sha256\": \"bcde0d6c64165bb1916c364afac79db33a719aaa2f1d00f931b6d659eb39e542\"\n"}
,{"stream_name":"stdout","time":218.574680059,"data":"    },\n"}
,{"stream_name":"stdout","time":218.574682188,"data":"    {\n"}
,{"stream_name":"stdout","time":218.574684318,"data":"      \"id\": \"002\",\n"}
,{"stream_name":"stdout","time":218.574686541,"data":"      \"success\": true,\n"}
,{"stream_name":"stdout","time":218.574688761,"data":"      \"file\": \"earth-needs-help-e001-s002.png\",\n"}
,{"stream_name":"stdout","time":218.57469103,"data":"      \"qa_status\": \"pending\",\n"}
,{"stream_name":"stdout","time":218.574693251,"data":"      \"reused_approved_input\": true,\n"}
,{"stream_name":"stdout","time":218.574698864,"data":"      \"source_sha256\": \"dbf90d6c8a801d4e639e31bee2be525e883989628b5737efc4a21646ed59a6a3\",\n"}
,{"stream_name":"stdout","time":218.574701474,"data":"      \"sha256\": \"987828f4068b1d6541f04de22e8dbe8c814cb7dfb2ebe36425063f56f0d74257\"\n"}
,{"stream_name":"stdout","time":218.574704743,"data":"    },\n"}
,{"stream_name":"stdout","time":218.574706904,"data":"    {\n"}
,{"stream_name":"stdout","time":218.574709097,"data":"      \"id\": \"003\",\n"}
,{"stream_name":"stdout","time":218.574711294,"data":"      \"success\": true,\n"}
,{"stream_name":"stdout","time":218.574713503,"data":"      \"file\": \"earth-needs-help-e001-s003.png\",\n"}
,{"stream_name":"stdout","time":218.574715906,"data":"      \"qa_status\": \"pending\",\n"}
,{"stream_name":"stdout","time":218.574718185,"data":"      \"reused_approved_input\": true,\n"}
,{"stream_name":"stdout","time":218.574720498,"data":"      \"source_sha256\": \"fdba3c9bdb0932a015f07acc8c248c07cdb0e2ab915ede8e4a778f10226edaab\",\n"}
,{"stream_name":"stdout","time":218.574723011,"data":"      \"sha256\": \"2a64651df9346b4da80f0c24bcaee153dbfe2e30d3c6a3339cc9d8bd10543cf4\"\n"}
,{"stream_name":"stdout","time":218.574725458,"data":"    },\n"}
,{"stream_name":"stdout","time":218.574727698,"data":"    {\n"}
,{"stream_name":"stdout","time":218.574737244,"data":"      \"id\": \"004\",\n"}
,{"stream_name":"stdout","time":218.574739669,"data":"      \"success\": true,\n"}
,{"stream_name":"stdout","time":218.574741864,"data":"      \"file\": \"earth-needs-help-e001-s004.png\",\n"}
,{"stream_name":"stdout","time":218.574744194,"data":"      \"qa_status\": \"pending\",\n"}
,{"stream_name":"stdout","time":218.574746493,"data":"      \"reused_approved_input\": true,\n"}
,{"stream_name":"stdout","time":218.574748787,"data":"      \"source_sha256\": \"10bd2cce636bce4a8e71482163fbfe95ba58a3d0d02ee38c189741acc08ed126\",\n"}
,{"stream_name":"stdout","time":218.574751179,"data":"      \"sha256\": \"63e9f399773288177dd513a98d30f0883ed581fdb9428f69f1b66a1b74a8dda7\"\n"}
,{"stream_name":"stdout","time":218.574753483,"data":"    },\n"}
,{"stream_name":"stdout","time":218.574755667,"data":"    {\n"}
,{"stream_name":"stdout","time":218.574757769,"data":"      \"id\": \"005\",\n"}
,{"stream_name":"stdout","time":218.574760023,"data":"      \"success\": true,\n"}
,{"stream_name":"stdout","time":218.574762243,"data":"      \"file\": \"earth-needs-help-e001-s005.png\",\n"}
,{"stream_name":"stdout","time":218.574764462,"data":"      \"qa_status\": \"pending\",\n"}
,{"stream_name":"stdout","time":218.574766766,"data":"      \"reused_approved_input\": true,\n"}
,{"stream_name":"stdout","time":218.574768988,"data":"      \"source_sha256\": \"58f27722e31c048be05561f1fe0b0dfd156137634afd5d23a39950c4d232c31f\",\n"}
,{"stream_name":"stdout","time":218.574771321,"data":"      \"sha256\": \"38f779b638bd7b66ac06f3619c8c76cb0d2eae80d157db72495a3ccdf641d1bf\"\n"}
,{"stream_name":"stdout","time":218.574773656,"data":"    },\n"}
,{"stream_name":"stdout","time":218.574775754,"data":"    {\n"}
,{"stream_name":"stdout","time":218.574777853,"data":"      \"id\": \"006a\",\n"}
,{"stream_name":"stdout","time":218.574780081,"data":"      \"success\": true,\n"}
,{"stream_name":"stdout","time":218.574782276,"data":"      \"file\": \"earth-needs-help-e001-s006a.png\",\n"}
,{"stream_name":"stdout","time":218.574784542,"data":"      \"qa_status\": \"pending\",\n"}
,{"stream_name":"stdout","time":218.574786742,"data":"      \"reused_approved_input\": true,\n"}
,{"stream_name":"stdout","time":218.574789674,"data":"      \"source_sha256\": \"0e419efab679d992f49e831d65a4693d75b8c5b50366fb925aa2c32c35dcab24\",\n"}
,{"stream_name":"stdout","time":218.574792108,"data":"      \"sha256\": \"3f2e485841bd5d53fc054c6417d8c85eda68d3c939a93dbcee5e4942ddb4fc4e\"\n"}
,{"stream_name":"stdout","time":218.574794476,"data":"    }\n"}
,{"stream_name":"stdout","time":218.574796588,"data":"  ],\n"}
,{"stream_name":"stdout","time":218.574798734,"data":"  \"source_commit\": \"5bb6bfcf267a61f7426af594f81879bc5427b50a\",\n"}
,{"stream_name":"stdout","time":218.574801074,"data":"  \"model_revision\": \"e7b7dc27f91deacad38e78976d1f2b499d76a294\",\n"}
,{"stream_name":"stdout","time":218.574803383,"data":"  \"gpu\": \"Tesla T4\",\n"}
,{"stream_name":"stdout","time":218.574805626,"data":"  \"dtype\": \"torch.float16\",\n"}
,{"stream_name":"stdout","time":218.574807946,"data":"  \"model\": \"black-forest-labs/FLUX.2-klein-4B\"\n"}
,{"stream_name":"stdout","time":218.574810224,"data":"}\n"}
,{"stream_name":"stdout","time":218.879669844,"data":"{\n"}
,{"stream_name":"stdout","time":218.879694288,"data":"  \"success\": false,\n"}
,{"stream_name":"stdout","time":218.879699955,"data":"  \"pipeline\": \"hybrid-image-v1/flux2-klein-4b\",\n"}
,{"stream_name":"stdout","time":218.879705101,"data":"  \"provider\": \"kaggle\",\n"}
,{"stream_name":"stdout","time":218.879710012,"data":"  \"shots\": [\n"}
,{"stream_name":"stdout","time":218.879723992,"data":"    {\n"}
,{"stream_name":"stdout","time":218.879727851,"data":"      \"id\": \"001\",\n"}
,{"stream_name":"stdout","time":218.87973186,"data":"      \"success\": true,\n"}
,{"stream_name":"stdout","time":218.879735816,"data":"      \"file\": \"earth-needs-help-e001-s001.png\",\n"}
,{"stream_name":"stdout","time":218.879740017,"data":"      \"characters\": [\n"}
,{"stream_name":"stdout","time":218.879743972,"data":"        \"captain-pip\",\n"}
,{"stream_name":"stdout","time":218.879747909,"data":"        \"bloop\",\n"}
,{"stream_name":"stdout","time":218.879751761,"data":"        \"zig\",\n"}
,{"stream_name":"stdout","time":218.879755582,"data":"        \"momo\"\n"}
,{"stream_name":"stdout","time":218.879759455,"data":"      ],\n"}
,{"stream_name":"stdout","time":218.879763272,"data":"      \"reference_count\": 4,\n"}
,{"stream_name":"stdout","time":218.879767243,"data":"      \"seed\": 12101,\n"}
,{"stream_name":"stdout","time":218.879773025,"data":"      \"qa_status\": \"pending\",\n"}
,{"stream_name":"stdout","time":218.879777012,"data":"      \"sha256\": \"bcde0d6c64165bb1916c364afac79db33a719aaa2f1d00f931b6d659eb39e542\"\n"}
,{"stream_name":"stdout","time":218.879781247,"data":"    },\n"}
,{"stream_name":"stdout","time":218.879786975,"data":"    {\n"}
,{"stream_name":"stdout","time":218.879790701,"data":"      \"id\": \"002\",\n"}
,{"stream_name":"stdout","time":218.879795216,"data":"      \"success\": true,\n"}
,{"stream_name":"stdout","time":218.879799643,"data":"      \"file\": \"earth-needs-help-e001-s002.png\",\n"}
,{"stream_name":"stdout","time":218.879804692,"data":"      \"qa_status\": \"pending\",\n"}
,{"stream_name":"stdout","time":218.879809587,"data":"      \"reused_approved_input\": true,\n"}
,{"stream_name":"stdout","time":218.879814492,"data":"      \"source_sha256\": \"dbf90d6c8a801d4e639e31bee2be525e883989628b5737efc4a21646ed59a6a3\",\n"}
,{"stream_name":"stdout","time":218.879818924,"data":"      \"sha256\": \"987828f4068b1d6541f04de22e8dbe8c814cb7dfb2ebe36425063f56f0d74257\"\n"}
,{"stream_name":"stdout","time":218.879823052,"data":"    },\n"}
,{"stream_name":"stdout","time":218.879826811,"data":"    {\n"}
,{"stream_name":"stdout","time":218.879830533,"data":"      \"id\": \"003\",\n"}
,{"stream_name":"stdout","time":218.879834462,"data":"      \"success\": true,\n"}
,{"stream_name":"stdout","time":218.879838327,"data":"      \"file\": \"earth-needs-help-e001-s003.png\",\n"}
,{"stream_name":"stdout","time":218.879842419,"data":"      \"qa_status\": \"pending\",\n"}
,{"stream_name":"stdout","time":218.87984644,"data":"      \"reused_approved_input\": true,\n"}
,{"stream_name":"stdout","time":218.879850368,"data":"      \"source_sha256\": \"fdba3c9bdb0932a015f07acc8c248c07cdb0e2ab915ede8e4a778f10226edaab\",\n"}
,{"stream_name":"stdout","time":218.879854549,"data":"      \"sha256\": \"2a64651df9346b4da80f0c24bcaee153dbfe2e30d3c6a3339cc9d8bd10543cf4\"\n"}
,{"stream_name":"stdout","time":218.879858709,"data":"    },\n"}
,{"stream_name":"stdout","time":218.879862419,"data":"    {\n"}
,{"stream_name":"stdout","time":218.879866107,"data":"      \"id\": \"004\",\n"}
,{"stream_name":"stdout","time":218.879872162,"data":"      \"success\": true,\n"}
,{"stream_name":"stdout","time":218.879880598,"data":"      \"file\": \"earth-needs-help-e001-s004.png\",\n"}
,{"stream_name":"stdout","time":218.879901319,"data":"      \"qa_status\": \"pending\",\n"}
,{"stream_name":"stdout","time":218.879906531,"data":"      \"reused_approved_input\": true,\n"}
,{"stream_name":"stdout","time":218.879911087,"data":"      \"source_sha256\": \"10bd2cce636bce4a8e71482163fbfe95ba58a3d0d02ee38c189741acc08ed126\",\n"}
,{"stream_name":"stdout","time":218.879926798,"data":"      \"sha256\": \"63e9f399773288177dd513a98d30f0883ed581fdb9428f69f1b66a1b74a8dda7\"\n"}
,{"stream_name":"stdout","time":218.879931263,"data":"    },\n"}
,{"stream_name":"stdout","time":218.879935067,"data":"    {\n"}
,{"stream_name":"stdout","time":218.87993872,"data":"      \"id\": \"005\",\n"}
,{"stream_name":"stdout","time":218.879942672,"data":"      \"success\": true,\n"}
,{"stream_name":"stdout","time":218.879946598,"data":"      \"file\": \"earth-needs-help-e001-s005.png\",\n"}
,{"stream_name":"stdout","time":218.879950649,"data":"      \"qa_status\": \"pending\",\n"}
,{"stream_name":"stdout","time":218.879954567,"data":"      \"reused_approved_input\": true,\n"}
,{"stream_name":"stdout","time":218.879958482,"data":"      \"source_sha256\": \"58f27722e31c048be05561f1fe0b0dfd156137634afd5d23a39950c4d232c31f\",\n"}
,{"stream_name":"stdout","time":218.879962595,"data":"      \"sha256\": \"38f779b638bd7b66ac06f3619c8c76cb0d2eae80d157db72495a3ccdf641d1bf\"\n"}
,{"stream_name":"stdout","time":218.879966755,"data":"    },\n"}
,{"stream_name":"stdout","time":218.879970888,"data":"    {\n"}
,{"stream_name":"stdout","time":218.87997508,"data":"      \"id\": \"006a\",\n"}
,{"stream_name":"stdout","time":218.879985115,"data":"      \"success\": true,\n"}
,{"stream_name":"stdout","time":218.880001716,"data":"      \"file\": \"earth-needs-help-e001-s006a.png\",\n"}
,{"stream_name":"stdout","time":218.880006929,"data":"      \"qa_status\": \"pending\",\n"}
,{"stream_name":"stdout","time":218.880011572,"data":"      \"reused_approved_input\": true,\n"}
,{"stream_name":"stdout","time":218.880017579,"data":"      \"source_sha256\": \"0e419efab679d992f49e831d65a4693d75b8c5b50366fb925aa2c32c35dcab24\",\n"}
,{"stream_name":"stdout","time":218.880022617,"data":"      \"sha256\": \"3f2e485841bd5d53fc054c6417d8c85eda68d3c939a93dbcee5e4942ddb4fc4e\"\n"}
,{"stream_name":"stdout","time":218.880026882,"data":"    },\n"}
,{"stream_name":"stdout","time":218.880030658,"data":"    {\n"}
,{"stream_name":"stdout","time":218.880034361,"data":"      \"id\": \"006b\",\n"}
,{"stream_name":"stdout","time":218.880038347,"data":"      \"success\": true,\n"}
,{"stream_name":"stdout","time":218.880042218,"data":"      \"file\": \"earth-needs-help-e001-s006b.png\",\n"}
,{"stream_name":"stdout","time":218.880046269,"data":"      \"qa_status\": \"pending\",\n"}
,{"stream_name":"stdout","time":218.880050189,"data":"      \"reused_approved_input\": true,\n"}
,{"stream_name":"stdout","time":218.880054109,"data":"      \"source_sha256\": \"c1b1bfddc56939ede886c9eb4b7320b3fca245dc584acb42f17f4b6d19f9cdcc\",\n"}
,{"stream_name":"stdout","time":218.880058335,"data":"      \"sha256\": \"904eff9852487067346c1bad4bcc65ed36f611fff4015484fd331608f75828b4\"\n"}
,{"stream_name":"stdout","time":218.880062589,"data":"    }\n"}
,{"stream_name":"stdout","time":218.880066263,"data":"  ],\n"}
,{"stream_name":"stdout","time":218.880069978,"data":"  \"source_commit\": \"5bb6bfcf267a61f7426af594f81879bc5427b50a\",\n"}
,{"stream_name":"stdout","time":218.880074093,"data":"  \"model_revision\": \"e7b7dc27f91deacad38e78976d1f2b499d76a294\",\n"}
,{"stream_name":"stdout","time":218.880080198,"data":"  \"gpu\": \"Tesla T4\",\n"}
,{"stream_name":"stdout","time":218.88008792,"data":"  \"dtype\": \"torch.float16\",\n"}
,{"stream_name":"stdout","time":218.880111502,"data":"  \"model\": \"black-forest-labs/FLUX.2-klein-4B\"\n"}
,{"stream_name":"stdout","time":218.880115972,"data":"}\n"}
,{"stream_name":"stdout","time":219.189094941,"data":"{\n"}
,{"stream_name":"stdout","time":219.189122614,"data":"  \"success\": false,\n"}
,{"stream_name":"stdout","time":219.189127262,"data":"  \"pipeline\": \"hybrid-image-v1/flux2-klein-4b\",\n"}
,{"stream_name":"stdout","time":219.189130765,"data":"  \"provider\": \"kaggle\",\n"}
,{"stream_name":"stdout","time":219.189134829,"data":"  \"shots\": [\n"}
,{"stream_name":"stdout","time":219.189138213,"data":"    {\n"}
,{"stream_name":"stdout","time":219.189141571,"data":"      \"id\": \"001\",\n"}
,{"stream_name":"stdout","time":219.189145241,"data":"      \"success\": true,\n"}
,{"stream_name":"stdout","time":219.189149562,"data":"      \"file\": \"earth-needs-help-e001-s001.png\",\n"}
,{"stream_name":"stdout","time":219.189153908,"data":"      \"characters\": [\n"}
,{"stream_name":"stdout","time":219.189158144,"data":"        \"captain-pip\",\n"}
,{"stream_name":"stdout","time":219.189162244,"data":"        \"bloop\",\n"}
,{"stream_name":"stdout","time":219.189166587,"data":"        \"zig\",\n"}
,{"stream_name":"stdout","time":219.18917053,"data":"        \"momo\"\n"}
,{"stream_name":"stdout","time":219.189174532,"data":"      ],\n"}
,{"stream_name":"stdout","time":219.189178374,"data":"      \"reference_count\": 4,\n"}
,{"stream_name":"stdout","time":219.189182188,"data":"      \"seed\": 12101,\n"}
,{"stream_name":"stdout","time":219.189186397,"data":"      \"qa_status\": \"pending\",\n"}
,{"stream_name":"stdout","time":219.189190718,"data":"      \"sha256\": \"bcde0d6c64165bb1916c364afac79db33a719aaa2f1d00f931b6d659eb39e542\"\n"}
,{"stream_name":"stdout","time":219.189194847,"data":"    },\n"}
,{"stream_name":"stdout","time":219.189198413,"data":"    {\n"}
,{"stream_name":"stdout","time":219.189202104,"data":"      \"id\": \"002\",\n"}
,{"stream_name":"stdout","time":219.189205943,"data":"      \"success\": true,\n"}
,{"stream_name":"stdout","time":219.189209962,"data":"      \"file\": \"earth-needs-help-e001-s002.png\",\n"}
,{"stream_name":"stdout","time":219.189213863,"data":"      \"qa_status\": \"pending\",\n"}
,{"stream_name":"stdout","time":219.189218206,"data":"      \"reused_approved_input\": true,\n"}
,{"stream_name":"stdout","time":219.189222478,"data":"      \"source_sha256\": \"dbf90d6c8a801d4e639e31bee2be525e883989628b5737efc4a21646ed59a6a3\",\n"}
,{"stream_name":"stdout","time":219.189226863,"data":"      \"sha256\": \"987828f4068b1d6541f04de22e8dbe8c814cb7dfb2ebe36425063f56f0d74257\"\n"}
,{"stream_name":"stdout","time":219.18923144,"data":"    },\n"}
,{"stream_name":"stdout","time":219.189235453,"data":"    {\n"}
,{"stream_name":"stdout","time":219.189239458,"data":"      \"id\": \"003\",\n"}
,{"stream_name":"stdout","time":219.189243513,"data":"      \"success\": true,\n"}
,{"stream_name":"stdout","time":219.189247805,"data":"      \"file\": \"earth-needs-help-e001-s003.png\",\n"}
,{"stream_name":"stdout","time":219.189252164,"data":"      \"qa_status\": \"pending\",\n"}
,{"stream_name":"stdout","time":219.189256526,"data":"      \"reused_approved_input\": true,\n"}
,{"stream_name":"stdout","time":219.189260807,"data":"      \"source_sha256\": \"fdba3c9bdb0932a015f07acc8c248c07cdb0e2ab915ede8e4a778f10226edaab\",\n"}
,{"stream_name":"stdout","time":219.189265692,"data":"      \"sha256\": \"2a64651df9346b4da80f0c24bcaee153dbfe2e30d3c6a3339cc9d8bd10543cf4\"\n"}
,{"stream_name":"stdout","time":219.189270114,"data":"    },\n"}
,{"stream_name":"stdout","time":219.189274651,"data":"    {\n"}
,{"stream_name":"stdout","time":219.189279753,"data":"      \"id\": \"004\",\n"}
,{"stream_name":"stdout","time":219.189296466,"data":"      \"success\": true,\n"}
,{"stream_name":"stdout","time":219.189301207,"data":"      \"file\": \"earth-needs-help-e001-s004.png\",\n"}
,{"stream_name":"stdout","time":219.189305738,"data":"      \"qa_status\": \"pending\",\n"}
,{"stream_name":"stdout","time":219.189309293,"data":"      \"reused_approved_input\": true,\n"}
,{"stream_name":"stdout","time":219.189312678,"data":"      \"source_sha256\": \"10bd2cce636bce4a8e71482163fbfe95ba58a3d0d02ee38c189741acc08ed126\",\n"}
,{"stream_name":"stdout","time":219.189315913,"data":"      \"sha256\": \"63e9f399773288177dd513a98d30f0883ed581fdb9428f69f1b66a1b74a8dda7\"\n"}
,{"stream_name":"stdout","time":219.189319295,"data":"    },\n"}
,{"stream_name":"stdout","time":219.1893223,"data":"    {\n"}
,{"stream_name":"stdout","time":219.189325385,"data":"      \"id\": \"005\",\n"}
,{"stream_name":"stdout","time":219.189328669,"data":"      \"success\": true,\n"}
,{"stream_name":"stdout","time":219.189331997,"data":"      \"file\": \"earth-needs-help-e001-s005.png\",\n"}
,{"stream_name":"stdout","time":219.189335206,"data":"      \"qa_status\": \"pending\",\n"}
,{"stream_name":"stdout","time":219.189338345,"data":"      \"reused_approved_input\": true,\n"}
,{"stream_name":"stdout","time":219.18934153,"data":"      \"source_sha256\": \"58f27722e31c048be05561f1fe0b0dfd156137634afd5d23a39950c4d232c31f\",\n"}
,{"stream_name":"stdout","time":219.189345015,"data":"      \"sha256\": \"38f779b638bd7b66ac06f3619c8c76cb0d2eae80d157db72495a3ccdf641d1bf\"\n"}
,{"stream_name":"stdout","time":219.189348675,"data":"    },\n"}
,{"stream_name":"stdout","time":219.189351838,"data":"    {\n"}
,{"stream_name":"stdout","time":219.189355392,"data":"      \"id\": \"006a\",\n"}
,{"stream_name":"stdout","time":219.189359188,"data":"      \"success\": true,\n"}
,{"stream_name":"stdout","time":219.189363115,"data":"      \"file\": \"earth-needs-help-e001-s006a.png\",\n"}
,{"stream_name":"stdout","time":219.189367234,"data":"      \"qa_status\": \"pending\",\n"}
,{"stream_name":"stdout","time":219.189371005,"data":"      \"reused_approved_input\": true,\n"}
,{"stream_name":"stdout","time":219.189376851,"data":"      \"source_sha256\": \"0e419efab679d992f49e831d65a4693d75b8c5b50366fb925aa2c32c35dcab24\",\n"}
,{"stream_name":"stdout","time":219.189381132,"data":"      \"sha256\": \"3f2e485841bd5d53fc054c6417d8c85eda68d3c939a93dbcee5e4942ddb4fc4e\"\n"}
,{"stream_name":"stdout","time":219.189385307,"data":"    },\n"}
,{"stream_name":"stdout","time":219.189389097,"data":"    {\n"}
,{"stream_name":"stdout","time":219.189392703,"data":"      \"id\": \"006b\",\n"}
,{"stream_name":"stdout","time":219.189396467,"data":"      \"success\": true,\n"}
,{"stream_name":"stdout","time":219.189400233,"data":"      \"file\": \"earth-needs-help-e001-s006b.png\",\n"}
,{"stream_name":"stdout","time":219.189404323,"data":"      \"qa_status\": \"pending\",\n"}
,{"stream_name":"stdout","time":219.189408452,"data":"      \"reused_approved_input\": true,\n"}
,{"stream_name":"stdout","time":219.189412382,"data":"      \"source_sha256\": \"c1b1bfddc56939ede886c9eb4b7320b3fca245dc584acb42f17f4b6d19f9cdcc\",\n"}
,{"stream_name":"stdout","time":219.189416764,"data":"      \"sha256\": \"904eff9852487067346c1bad4bcc65ed36f611fff4015484fd331608f75828b4\"\n"}
,{"stream_name":"stdout","time":219.189421011,"data":"    },\n"}
,{"stream_name":"stdout","time":219.189424857,"data":"    {\n"}
,{"stream_name":"stdout","time":219.189428652,"data":"      \"id\": \"007\",\n"}
,{"stream_name":"stdout","time":219.189432689,"data":"      \"success\": true,\n"}
,{"stream_name":"stdout","time":219.189436683,"data":"      \"file\": \"earth-needs-help-e001-s007.png\",\n"}
,{"stream_name":"stdout","time":219.189445031,"data":"      \"qa_status\": \"pending\",\n"}
,{"stream_name":"stdout","time":219.189449058,"data":"      \"reused_approved_input\": true,\n"}
,{"stream_name":"stdout","time":219.189452663,"data":"      \"source_sha256\": \"6885f6ceb115f10b8eb79672a29b27c745e69771a4e013a14f9737abfd4ee51c\",\n"}
,{"stream_name":"stdout","time":219.189457545,"data":"      \"sha256\": \"2cd0d3a4e584e18b7fc26af26745900ba5f10d0ea0d2812835186ae7fbfdd15e\"\n"}
,{"stream_name":"stdout","time":219.189461499,"data":"    }\n"}
,{"stream_name":"stdout","time":219.189465056,"data":"  ],\n"}
,{"stream_name":"stdout","time":219.189468532,"data":"  \"source_commit\": \"5bb6bfcf267a61f7426af594f81879bc5427b50a\",\n"}
,{"stream_name":"stdout","time":219.18947171,"data":"  \"model_revision\": \"e7b7dc27f91deacad38e78976d1f2b499d76a294\",\n"}
,{"stream_name":"stdout","time":219.189475077,"data":"  \"gpu\": \"Tesla T4\",\n"}
,{"stream_name":"stdout","time":219.189478452,"data":"  \"dtype\": \"torch.float16\",\n"}
,{"stream_name":"stdout","time":219.189481988,"data":"  \"model\": \"black-forest-labs/FLUX.2-klein-4B\"\n"}
,{"stream_name":"stdout","time":219.189485427,"data":"}\n"}
,{"stream_name":"stdout","time":219.47525048,"data":"{\n"}
,{"stream_name":"stdout","time":219.475272602,"data":"  \"success\": false,\n"}
,{"stream_name":"stdout","time":219.475291913,"data":"  \"pipeline\": \"hybrid-image-v1/flux2-klein-4b\",\n"}
,{"stream_name":"stdout","time":219.475296249,"data":"  \"provider\": \"kaggle\",\n"}
,{"stream_name":"stdout","time":219.475300275,"data":"  \"shots\": [\n"}
,{"stream_name":"stdout","time":219.475304284,"data":"    {\n"}
,{"stream_name":"stdout","time":219.475307912,"data":"      \"id\": \"001\",\n"}
,{"stream_name":"stdout","time":219.475312067,"data":"      \"success\": true,\n"}
,{"stream_name":"stdout","time":219.47531617,"data":"      \"file\": \"earth-needs-help-e001-s001.png\",\n"}
,{"stream_name":"stdout","time":219.475320569,"data":"      \"characters\": [\n"}
,{"stream_name":"stdout","time":219.475324434,"data":"        \"captain-pip\",\n"}
,{"stream_name":"stdout","time":219.475327802,"data":"        \"bloop\",\n"}
,{"stream_name":"stdout","time":219.475331157,"data":"        \"zig\",\n"}
,{"stream_name":"stdout","time":219.475334482,"data":"        \"momo\"\n"}
,{"stream_name":"stdout","time":219.475337812,"data":"      ],\n"}
,{"stream_name":"stdout","time":219.475341053,"data":"      \"reference_count\": 4,\n"}
,{"stream_name":"stdout","time":219.475344505,"data":"      \"seed\": 12101,\n"}
,{"stream_name":"stdout","time":219.475349655,"data":"      \"qa_status\": \"pending\",\n"}
,{"stream_name":"stdout","time":219.475359364,"data":"      \"sha256\": \"bcde0d6c64165bb1916c364afac79db33a719aaa2f1d00f931b6d659eb39e542\"\n"}
,{"stream_name":"stdout","time":219.475361802,"data":"    },\n"}
,{"stream_name":"stdout","time":219.475363957,"data":"    {\n"}
,{"stream_name":"stdout","time":219.475366065,"data":"      \"id\": \"002\",\n"}
,{"stream_name":"stdout","time":219.475368707,"data":"      \"success\": true,\n"}
,{"stream_name":"stdout","time":219.475371426,"data":"      \"file\": \"earth-needs-help-e001-s002.png\",\n"}
,{"stream_name":"stdout","time":219.475373842,"data":"      \"qa_status\": \"pending\",\n"}
,{"stream_name":"stdout","time":219.475376214,"data":"      \"reused_approved_input\": true,\n"}
,{"stream_name":"stdout","time":219.475378477,"data":"      \"source_sha256\": \"dbf90d6c8a801d4e639e31bee2be525e883989628b5737efc4a21646ed59a6a3\",\n"}
,{"stream_name":"stdout","time":219.475389111,"data":"      \"sha256\": \"987828f4068b1d6541f04de22e8dbe8c814cb7dfb2ebe36425063f56f0d74257\"\n"}
,{"stream_name":"stdout","time":219.475405886,"data":"    },\n"}
,{"stream_name":"stdout","time":219.475410078,"data":"    {\n"}
,{"stream_name":"stdout","time":219.475413753,"data":"      \"id\": \"003\",\n"}
,{"stream_name":"stdout","time":219.47541784,"data":"      \"success\": true,\n"}
,{"stream_name":"stdout","time":219.475421845,"data":"      \"file\": \"earth-needs-help-e001-s003.png\",\n"}
,{"stream_name":"stdout","time":219.47542544,"data":"      \"qa_status\": \"pending\",\n"}
,{"stream_name":"stdout","time":219.475428963,"data":"      \"reused_approved_input\": true,\n"}
,{"stream_name":"stdout","time":219.475432385,"data":"      \"source_sha256\": \"fdba3c9bdb0932a015f07acc8c248c07cdb0e2ab915ede8e4a778f10226edaab\",\n"}
,{"stream_name":"stdout","time":219.475436095,"data":"      \"sha256\": \"2a64651df9346b4da80f0c24bcaee153dbfe2e30d3c6a3339cc9d8bd10543cf4\"\n"}
,{"stream_name":"stdout","time":219.475439563,"data":"    },\n"}
,{"stream_name":"stdout","time":219.475442814,"data":"    {\n"}
,{"stream_name":"stdout","time":219.47544597,"data":"      \"id\": \"004\",\n"}
,{"stream_name":"stdout","time":219.475449312,"data":"      \"success\": true,\n"}
,{"stream_name":"stdout","time":219.475452559,"data":"      \"file\": \"earth-needs-help-e001-s004.png\",\n"}
,{"stream_name":"stdout","time":219.475455945,"data":"      \"qa_status\": \"pending\",\n"}
,{"stream_name":"stdout","time":219.475459372,"data":"      \"reused_approved_input\": true,\n"}
,{"stream_name":"stdout","time":219.475462752,"data":"      \"source_sha256\": \"10bd2cce636bce4a8e71482163fbfe95ba58a3d0d02ee38c189741acc08ed126\",\n"}
,{"stream_name":"stdout","time":219.475468176,"data":"      \"sha256\": \"63e9f399773288177dd513a98d30f0883ed581fdb9428f69f1b66a1b74a8dda7\"\n"}
,{"stream_name":"stdout","time":219.4754744,"data":"    },\n"}
,{"stream_name":"stdout","time":219.475476594,"data":"    {\n"}
,{"stream_name":"stdout","time":219.475478916,"data":"      \"id\": \"005\",\n"}
,{"stream_name":"stdout","time":219.475481125,"data":"      \"success\": true,\n"}
,{"stream_name":"stdout","time":219.475483394,"data":"      \"file\": \"earth-needs-help-e001-s005.png\",\n"}
,{"stream_name":"stdout","time":219.475485634,"data":"      \"qa_status\": \"pending\",\n"}
,{"stream_name":"stdout","time":219.475499219,"data":"      \"reused_approved_input\": true,\n"}
,{"stream_name":"stdout","time":219.475503378,"data":"      \"source_sha256\": \"58f27722e31c048be05561f1fe0b0dfd156137634afd5d23a39950c4d232c31f\",\n"}
,{"stream_name":"stdout","time":219.475524012,"data":"      \"sha256\": \"38f779b638bd7b66ac06f3619c8c76cb0d2eae80d157db72495a3ccdf641d1bf\"\n"}
,{"stream_name":"stdout","time":219.475528099,"data":"    },\n"}
,{"stream_name":"stdout","time":219.475531264,"data":"    {\n"}
,{"stream_name":"stdout","time":219.47553441,"data":"      \"id\": \"006a\",\n"}
,{"stream_name":"stdout","time":219.475537743,"data":"      \"success\": true,\n"}
,{"stream_name":"stdout","time":219.4755411,"data":"      \"file\": \"earth-needs-help-e001-s006a.png\",\n"}
,{"stream_name":"stdout","time":219.475544597,"data":"      \"qa_status\": \"pending\",\n"}
,{"stream_name":"stdout","time":219.475548024,"data":"      \"reused_approved_input\": true,\n"}
,{"stream_name":"stdout","time":219.475552683,"data":"      \"source_sha256\": \"0e419efab679d992f49e831d65a4693d75b8c5b50366fb925aa2c32c35dcab24\",\n"}
,{"stream_name":"stdout","time":219.475556349,"data":"      \"sha256\": \"3f2e485841bd5d53fc054c6417d8c85eda68d3c939a93dbcee5e4942ddb4fc4e\"\n"}
,{"stream_name":"stdout","time":219.475564119,"data":"    },\n"}
,{"stream_name":"stdout","time":219.47556742,"data":"    {\n"}
,{"stream_name":"stdout","time":219.475570562,"data":"      \"id\": \"006b\",\n"}
,{"stream_name":"stdout","time":219.475573863,"data":"      \"success\": true,\n"}
,{"stream_name":"stdout","time":219.47557736,"data":"      \"file\": \"earth-needs-help-e001-s006b.png\",\n"}
,{"stream_name":"stdout","time":219.475589795,"data":"      \"qa_status\": \"pending\",\n"}
,{"stream_name":"stdout","time":219.475604015,"data":"      \"reused_approved_input\": true,\n"}
,{"stream_name":"stdout","time":219.47560803,"data":"      \"source_sha256\": \"c1b1bfddc56939ede886c9eb4b7320b3fca245dc584acb42f17f4b6d19f9cdcc\",\n"}
,{"stream_name":"stdout","time":219.475612267,"data":"      \"sha256\": \"904eff9852487067346c1bad4bcc65ed36f611fff4015484fd331608f75828b4\"\n"}
,{"stream_name":"stdout","time":219.475616635,"data":"    },\n"}
,{"stream_name":"stdout","time":219.47562048,"data":"    {\n"}
,{"stream_name":"stdout","time":219.475623682,"data":"      \"id\": \"007\",\n"}
,{"stream_name":"stdout","time":219.475627067,"data":"      \"success\": true,\n"}
,{"stream_name":"stdout","time":219.475630423,"data":"      \"file\": \"earth-needs-help-e001-s007.png\",\n"}
,{"stream_name":"stdout","time":219.475633854,"data":"      \"qa_status\": \"pending\",\n"}
,{"stream_name":"stdout","time":219.4756372,"data":"      \"reused_approved_input\": true,\n"}
,{"stream_name":"stdout","time":219.475640588,"data":"      \"source_sha256\": \"6885f6ceb115f10b8eb79672a29b27c745e69771a4e013a14f9737abfd4ee51c\",\n"}
,{"stream_name":"stdout","time":219.475644189,"data":"      \"sha256\": \"2cd0d3a4e584e18b7fc26af26745900ba5f10d0ea0d2812835186ae7fbfdd15e\"\n"}
,{"stream_name":"stdout","time":219.475647724,"data":"    },\n"}
,{"stream_name":"stdout","time":219.475650842,"data":"    {\n"}
,{"stream_name":"stdout","time":219.475654027,"data":"      \"id\": \"008\",\n"}
,{"stream_name":"stdout","time":219.475657324,"data":"      \"success\": true,\n"}
,{"stream_name":"stdout","time":219.475660587,"data":"      \"file\": \"earth-needs-help-e001-s008.png\",\n"}
,{"stream_name":"stdout","time":219.475663984,"data":"      \"qa_status\": \"pending\",\n"}
,{"stream_name":"stdout","time":219.475667343,"data":"      \"reused_approved_input\": true,\n"}
,{"stream_name":"stdout","time":219.475670693,"data":"      \"source_sha256\": \"48cc99d9169058afb1b8f2498b1557569804d532f3ef919a5abf3afb53aa1f47\",\n"}
,{"stream_name":"stdout","time":219.475676164,"data":"      \"sha256\": \"5d718570eb967fba7e3703dc733bfdfc2b347ef5af3b190568f0f0bc17fc1081\"\n"}
,{"stream_name":"stdout","time":219.475682546,"data":"    }\n"}
,{"stream_name":"stdout","time":219.475684947,"data":"  ],\n"}
,{"stream_name":"stdout","time":219.475699176,"data":"  \"source_commit\": \"5bb6bfcf267a61f7426af594f81879bc5427b50a\",\n"}
,{"stream_name":"stdout","time":219.475703448,"data":"  \"model_revision\": \"e7b7dc27f91deacad38e78976d1f2b499d76a294\",\n"}
,{"stream_name":"stdout","time":219.475707441,"data":"  \"gpu\": \"Tesla T4\",\n"}
,{"stream_name":"stdout","time":219.475711394,"data":"  \"dtype\": \"torch.float16\",\n"}
,{"stream_name":"stdout","time":219.475715341,"data":"  \"model\": \"black-forest-labs/FLUX.2-klein-4B\"\n"}
,{"stream_name":"stdout","time":219.475719231,"data":"}\n"}
,{"stream_name":"stdout","time":219.798251222,"data":"{\n"}
,{"stream_name":"stdout","time":219.798278661,"data":"  \"success\": false,\n"}
,{"stream_name":"stdout","time":219.79828202,"data":"  \"pipeline\": \"hybrid-image-v1/flux2-klein-4b\",\n"}
,{"stream_name":"stdout","time":219.79829217,"data":"  \"provider\": \"kaggle\",\n"}
,{"stream_name":"stdout","time":219.798294695,"data":"  \"shots\": [\n"}
,{"stream_name":"stdout","time":219.798296959,"data":"    {\n"}
,{"stream_name":"stdout","time":219.798299207,"data":"      \"id\": \"001\",\n"}
,{"stream_name":"stdout","time":219.798301655,"data":"      \"success\": true,\n"}
,{"stream_name":"stdout","time":219.798316793,"data":"      \"file\": \"earth-needs-help-e001-s001.png\",\n"}
,{"stream_name":"stdout","time":219.798321044,"data":"      \"characters\": [\n"}
,{"stream_name":"stdout","time":219.798325376,"data":"        \"captain-pip\",\n"}
,{"stream_name":"stdout","time":219.798329248,"data":"        \"bloop\",\n"}
,{"stream_name":"stdout","time":219.798333326,"data":"        \"zig\",\n"}
,{"stream_name":"stdout","time":219.798337229,"data":"        \"momo\"\n"}
,{"stream_name":"stdout","time":219.798340525,"data":"      ],\n"}
,{"stream_name":"stdout","time":219.798343767,"data":"      \"reference_count\": 4,\n"}
,{"stream_name":"stdout","time":219.79834726,"data":"      \"seed\": 12101,\n"}
,{"stream_name":"stdout","time":219.798350648,"data":"      \"qa_status\": \"pending\",\n"}
,{"stream_name":"stdout","time":219.798363754,"data":"      \"sha256\": \"bcde0d6c64165bb1916c364afac79db33a719aaa2f1d00f931b6d659eb39e542\"\n"}
,{"stream_name":"stdout","time":219.798370145,"data":"    },\n"}
,{"stream_name":"stdout","time":219.798372353,"data":"    {\n"}
,{"stream_name":"stdout","time":219.798374582,"data":"      \"id\": \"002\",\n"}
,{"stream_name":"stdout","time":219.798376806,"data":"      \"success\": true,\n"}
,{"stream_name":"stdout","time":219.798379095,"data":"      \"file\": \"earth-needs-help-e001-s002.png\",\n"}
,{"stream_name":"stdout","time":219.798381396,"data":"      \"qa_status\": \"pending\",\n"}
,{"stream_name":"stdout","time":219.798383605,"data":"      \"reused_approved_input\": true,\n"}
,{"stream_name":"stdout","time":219.798385955,"data":"      \"source_sha256\": \"dbf90d6c8a801d4e639e31bee2be525e883989628b5737efc4a21646ed59a6a3\",\n"}
,{"stream_name":"stdout","time":219.79838833,"data":"      \"sha256\": \"987828f4068b1d6541f04de22e8dbe8c814cb7dfb2ebe36425063f56f0d74257\"\n"}
,{"stream_name":"stdout","time":219.798390702,"data":"    },\n"}
,{"stream_name":"stdout","time":219.7984054,"data":"    {\n"}
,{"stream_name":"stdout","time":219.798409398,"data":"      \"id\": \"003\",\n"}
,{"stream_name":"stdout","time":219.79841305,"data":"      \"success\": true,\n"}
,{"stream_name":"stdout","time":219.798417306,"data":"      \"file\": \"earth-needs-help-e001-s003.png\",\n"}
,{"stream_name":"stdout","time":219.798420941,"data":"      \"qa_status\": \"pending\",\n"}
,{"stream_name":"stdout","time":219.798424653,"data":"      \"reused_approved_input\": true,\n"}
,{"stream_name":"stdout","time":219.79842839,"data":"      \"source_sha256\": \"fdba3c9bdb0932a015f07acc8c248c07cdb0e2ab915ede8e4a778f10226edaab\",\n"}
,{"stream_name":"stdout","time":219.798432698,"data":"      \"sha256\": \"2a64651df9346b4da80f0c24bcaee153dbfe2e30d3c6a3339cc9d8bd10543cf4\"\n"}
,{"stream_name":"stdout","time":219.798436403,"data":"    },\n"}
,{"stream_name":"stdout","time":219.798440223,"data":"    {\n"}
,{"stream_name":"stdout","time":219.798443901,"data":"      \"id\": \"004\",\n"}
,{"stream_name":"stdout","time":219.798447266,"data":"      \"success\": true,\n"}
,{"stream_name":"stdout","time":219.798450563,"data":"      \"file\": \"earth-needs-help-e001-s004.png\",\n"}
,{"stream_name":"stdout","time":219.798458365,"data":"      \"qa_status\": \"pending\",\n"}
,{"stream_name":"stdout","time":219.798461903,"data":"      \"reused_approved_input\": true,\n"}
,{"stream_name":"stdout","time":219.79846538,"data":"      \"source_sha256\": \"10bd2cce636bce4a8e71482163fbfe95ba58a3d0d02ee38c189741acc08ed126\",\n"}
,{"stream_name":"stdout","time":219.798469029,"data":"      \"sha256\": \"63e9f399773288177dd513a98d30f0883ed581fdb9428f69f1b66a1b74a8dda7\"\n"}
,{"stream_name":"stdout","time":219.798472638,"data":"    },\n"}
,{"stream_name":"stdout","time":219.798475733,"data":"    {\n"}
,{"stream_name":"stdout","time":219.798479088,"data":"      \"id\": \"005\",\n"}
,{"stream_name":"stdout","time":219.79848239,"data":"      \"success\": true,\n"}
,{"stream_name":"stdout","time":219.798485829,"data":"      \"file\": \"earth-needs-help-e001-s005.png\",\n"}
,{"stream_name":"stdout","time":219.798493903,"data":"      \"qa_status\": \"pending\",\n"}
,{"stream_name":"stdout","time":219.798526063,"data":"      \"reused_approved_input\": true,\n"}
,{"stream_name":"stdout","time":219.798534422,"data":"      \"source_sha256\": \"58f27722e31c048be05561f1fe0b0dfd156137634afd5d23a39950c4d232c31f\",\n"}
,{"stream_name":"stdout","time":219.798538171,"data":"      \"sha256\": \"38f779b638bd7b66ac06f3619c8c76cb0d2eae80d157db72495a3ccdf641d1bf\"\n"}
,{"stream_name":"stdout","time":219.79854174,"data":"    },\n"}
,{"stream_name":"stdout","time":219.79854506,"data":"    {\n"}
,{"stream_name":"stdout","time":219.798548155,"data":"      \"id\": \"006a\",\n"}
,{"stream_name":"stdout","time":219.79855148,"data":"      \"success\": true,\n"}
,{"stream_name":"stdout","time":219.798554771,"data":"      \"file\": \"earth-needs-help-e001-s006a.png\",\n"}
,{"stream_name":"stdout","time":219.798558256,"data":"      \"qa_status\": \"pending\",\n"}
,{"stream_name":"stdout","time":219.798561666,"data":"      \"reused_approved_input\": true,\n"}
,{"stream_name":"stdout","time":219.798566835,"data":"      \"source_sha256\": \"0e419efab679d992f49e831d65a4693d75b8c5b50366fb925aa2c32c35dcab24\",\n"}
,{"stream_name":"stdout","time":219.798570481,"data":"      \"sha256\": \"3f2e485841bd5d53fc054c6417d8c85eda68d3c939a93dbcee5e4942ddb4fc4e\"\n"}
,{"stream_name":"stdout","time":219.798574095,"data":"    },\n"}
,{"stream_name":"stdout","time":219.798577219,"data":"    {\n"}
,{"stream_name":"stdout","time":219.798580356,"data":"      \"id\": \"006b\",\n"}
,{"stream_name":"stdout","time":219.798583666,"data":"      \"success\": true,\n"}
,{"stream_name":"stdout","time":219.798588728,"data":"      \"file\": \"earth-needs-help-e001-s006b.png\",\n"}
,{"stream_name":"stdout","time":219.798595494,"data":"      \"qa_status\": \"pending\",\n"}
,{"stream_name":"stdout","time":219.798597777,"data":"      \"reused_approved_input\": true,\n"}
,{"stream_name":"stdout","time":219.798600017,"data":"      \"source_sha256\": \"c1b1bfddc56939ede886c9eb4b7320b3fca245dc584acb42f17f4b6d19f9cdcc\",\n"}
,{"stream_name":"stdout","time":219.798602372,"data":"      \"sha256\": \"904eff9852487067346c1bad4bcc65ed36f611fff4015484fd331608f75828b4\"\n"}
,{"stream_name":"stdout","time":219.798604672,"data":"    },\n"}
,{"stream_name":"stdout","time":219.798606774,"data":"    {\n"}
,{"stream_name":"stdout","time":219.798608866,"data":"      \"id\": \"007\",\n"}
,{"stream_name":"stdout","time":219.798611055,"data":"      \"success\": true,\n"}
,{"stream_name":"stdout","time":219.798613212,"data":"      \"file\": \"earth-needs-help-e001-s007.png\",\n"}
,{"stream_name":"stdout","time":219.798615439,"data":"      \"qa_status\": \"pending\",\n"}
,{"stream_name":"stdout","time":219.798620832,"data":"      \"reused_approved_input\": true,\n"}
,{"stream_name":"stdout","time":219.798623192,"data":"      \"source_sha256\": \"6885f6ceb115f10b8eb79672a29b27c745e69771a4e013a14f9737abfd4ee51c\",\n"}
,{"stream_name":"stdout","time":219.798625619,"data":"      \"sha256\": \"2cd0d3a4e584e18b7fc26af26745900ba5f10d0ea0d2812835186ae7fbfdd15e\"\n"}
,{"stream_name":"stdout","time":219.798628601,"data":"    },\n"}
,{"stream_name":"stdout","time":219.798643437,"data":"    {\n"}
,{"stream_name":"stdout","time":219.798647303,"data":"      \"id\": \"008\",\n"}
,{"stream_name":"stdout","time":219.798651386,"data":"      \"success\": true,\n"}
,{"stream_name":"stdout","time":219.798655092,"data":"      \"file\": \"earth-needs-help-e001-s008.png\",\n"}
,{"stream_name":"stdout","time":219.798658579,"data":"      \"qa_status\": \"pending\",\n"}
,{"stream_name":"stdout","time":219.798662017,"data":"      \"reused_approved_input\": true,\n"}
,{"stream_name":"stdout","time":219.798665912,"data":"      \"source_sha256\": \"48cc99d9169058afb1b8f2498b1557569804d532f3ef919a5abf3afb53aa1f47\",\n"}
,{"stream_name":"stdout","time":219.798670099,"data":"      \"sha256\": \"5d718570eb967fba7e3703dc733bfdfc2b347ef5af3b190568f0f0bc17fc1081\"\n"}
,{"stream_name":"stdout","time":219.798674232,"data":"    },\n"}
,{"stream_name":"stdout","time":219.798677849,"data":"    {\n"}
,{"stream_name":"stdout","time":219.798681657,"data":"      \"id\": \"009\",\n"}
,{"stream_name":"stdout","time":219.798685555,"data":"      \"success\": true,\n"}
,{"stream_name":"stdout","time":219.798689412,"data":"      \"file\": \"earth-needs-help-e001-s009.png\",\n"}
,{"stream_name":"stdout","time":219.798693012,"data":"      \"qa_status\": \"pending\",\n"}
,{"stream_name":"stdout","time":219.798696648,"data":"      \"reused_approved_input\": true,\n"}
,{"stream_name":"stdout","time":219.798699814,"data":"      \"source_sha256\": \"a670879c90152393a92c8f5fb11edd5fc432dadfa7f276654a8950eb1b116cba\",\n"}
,{"stream_name":"stdout","time":219.798703439,"data":"      \"sha256\": \"f695bdf2f88eedcb36b34e1ac3283a9a4a8d78bdb0d09085ae0a23d3dce1e5db\"\n"}
,{"stream_name":"stdout","time":219.79870702,"data":"    }\n"}
,{"stream_name":"stdout","time":219.798710504,"data":"  ],\n"}
,{"stream_name":"stdout","time":219.798714154,"data":"  \"source_commit\": \"5bb6bfcf267a61f7426af594f81879bc5427b50a\",\n"}
,{"stream_name":"stdout","time":219.798718319,"data":"  \"model_revision\": \"e7b7dc27f91deacad38e78976d1f2b499d76a294\",\n"}
,{"stream_name":"stdout","time":219.79872222,"data":"  \"gpu\": \"Tesla T4\",\n"}
,{"stream_name":"stdout","time":219.798725694,"data":"  \"dtype\": \"torch.float16\",\n"}
,{"stream_name":"stdout","time":219.798729096,"data":"  \"model\": \"black-forest-labs/FLUX.2-klein-4B\"\n"}
,{"stream_name":"stdout","time":219.798732546,"data":"}\n"}
,{"stream_name":"stdout","time":219.798739416,"data":"{\n"}
,{"stream_name":"stdout","time":219.798742712,"data":"  \"success\": true,\n"}
,{"stream_name":"stdout","time":219.798746064,"data":"  \"pipeline\": \"hybrid-image-v1/flux2-klein-4b\",\n"}
,{"stream_name":"stdout","time":219.798749521,"data":"  \"provider\": \"kaggle\",\n"}
,{"stream_name":"stdout","time":219.798752906,"data":"  \"shots\": [\n"}
,{"stream_name":"stdout","time":219.798756112,"data":"    {\n"}
,{"stream_name":"stdout","time":219.798759259,"data":"      \"id\": \"001\",\n"}
,{"stream_name":"stdout","time":219.798762899,"data":"      \"success\": true,\n"}
,{"stream_name":"stdout","time":219.798766199,"data":"      \"file\": \"earth-needs-help-e001-s001.png\",\n"}
,{"stream_name":"stdout","time":219.798773868,"data":"      \"characters\": [\n"}
,{"stream_name":"stdout","time":219.798782546,"data":"        \"captain-pip\",\n"}
,{"stream_name":"stdout","time":219.798785054,"data":"        \"bloop\",\n"}
,{"stream_name":"stdout","time":219.798787392,"data":"        \"zig\",\n"}
,{"stream_name":"stdout","time":219.798789604,"data":"        \"momo\"\n"}
,{"stream_name":"stdout","time":219.798791842,"data":"      ],\n"}
,{"stream_name":"stdout","time":219.798793987,"data":"      \"reference_count\": 4,\n"}
,{"stream_name":"stdout","time":219.798796249,"data":"      \"seed\": 12101,\n"}
,{"stream_name":"stdout","time":219.798798434,"data":"      \"qa_status\": \"pending\",\n"}
,{"stream_name":"stdout","time":219.798800762,"data":"      \"sha256\": \"bcde0d6c64165bb1916c364afac79db33a719aaa2f1d00f931b6d659eb39e542\"\n"}
,{"stream_name":"stdout","time":219.798803146,"data":"    },\n"}
,{"stream_name":"stdout","time":219.79880543,"data":"    {\n"}
,{"stream_name":"stdout","time":219.798807532,"data":"      \"id\": \"002\",\n"}
,{"stream_name":"stdout","time":219.798809741,"data":"      \"success\": true,\n"}
,{"stream_name":"stdout","time":219.798815269,"data":"      \"file\": \"earth-needs-help-e001-s002.png\",\n"}
,{"stream_name":"stdout","time":219.798817508,"data":"      \"qa_status\": \"pending\",\n"}
,{"stream_name":"stdout","time":219.798819716,"data":"      \"reused_approved_input\": true,\n"}
,{"stream_name":"stdout","time":219.798821979,"data":"      \"source_sha256\": \"dbf90d6c8a801d4e639e31bee2be525e883989628b5737efc4a21646ed59a6a3\",\n"}
,{"stream_name":"stdout","time":219.798824294,"data":"      \"sha256\": \"987828f4068b1d6541f04de22e8dbe8c814cb7dfb2ebe36425063f56f0d74257\"\n"}
,{"stream_name":"stdout","time":219.79884381,"data":"    },\n"}
,{"stream_name":"stdout","time":219.798846331,"data":"    {\n"}
,{"stream_name":"stdout","time":219.798848573,"data":"      \"id\": \"003\",\n"}
,{"stream_name":"stdout","time":219.798850993,"data":"      \"success\": true,\n"}
,{"stream_name":"stdout","time":219.798853335,"data":"      \"file\": \"earth-needs-help-e001-s003.png\",\n"}
,{"stream_name":"stdout","time":219.798855693,"data":"      \"qa_status\": \"pending\",\n"}
,{"stream_name":"stdout","time":219.798858289,"data":"      \"reused_approved_input\": true,\n"}
,{"stream_name":"stdout","time":219.798860619,"data":"      \"source_sha256\": \"fdba3c9bdb0932a015f07acc8c248c07cdb0e2ab915ede8e4a778f10226edaab\",\n"}
,{"stream_name":"stdout","time":219.798863101,"data":"      \"sha256\": \"2a64651df9346b4da80f0c24bcaee153dbfe2e30d3c6a3339cc9d8bd10543cf4\"\n"}
,{"stream_name":"stdout","time":219.79886561,"data":"    },\n"}
,{"stream_name":"stdout","time":219.798867853,"data":"    {\n"}
,{"stream_name":"stdout","time":219.798870107,"data":"      \"id\": \"004\",\n"}
,{"stream_name":"stdout","time":219.798872491,"data":"      \"success\": true,\n"}
,{"stream_name":"stdout","time":219.798874805,"data":"      \"file\": \"earth-needs-help-e001-s004.png\",\n"}
,{"stream_name":"stdout","time":219.79887716,"data":"      \"qa_status\": \"pending\",\n"}
,{"stream_name":"stdout","time":219.79887948,"data":"      \"reused_approved_input\": true,\n"}
,{"stream_name":"stdout","time":219.798881821,"data":"      \"source_sha256\": \"10bd2cce636bce4a8e71482163fbfe95ba58a3d0d02ee38c189741acc08ed126\",\n"}
,{"stream_name":"stdout","time":219.79888429,"data":"      \"sha256\": \"63e9f399773288177dd513a98d30f0883ed581fdb9428f69f1b66a1b74a8dda7\"\n"}
,{"stream_name":"stdout","time":219.798886713,"data":"    },\n"}
,{"stream_name":"stdout","time":219.79888895,"data":"    {\n"}
,{"stream_name":"stdout","time":219.798896021,"data":"      \"id\": \"005\",\n"}
,{"stream_name":"stdout","time":219.798898494,"data":"      \"success\": true,\n"}
,{"stream_name":"stdout","time":219.798900909,"data":"      \"file\": \"earth-needs-help-e001-s005.png\",\n"}
,{"stream_name":"stdout","time":219.798903284,"data":"      \"qa_status\": \"pending\",\n"}
,{"stream_name":"stdout","time":219.798905713,"data":"      \"reused_approved_input\": true,\n"}
,{"stream_name":"stdout","time":219.79890809,"data":"      \"source_sha256\": \"58f27722e31c048be05561f1fe0b0dfd156137634afd5d23a39950c4d232c31f\",\n"}
,{"stream_name":"stdout","time":219.798910575,"data":"      \"sha256\": \"38f779b638bd7b66ac06f3619c8c76cb0d2eae80d157db72495a3ccdf641d1bf\"\n"}
,{"stream_name":"stdout","time":219.798913018,"data":"    },\n"}
,{"stream_name":"stdout","time":219.79891526,"data":"    {\n"}
,{"stream_name":"stdout","time":219.798917483,"data":"      \"id\": \"006a\",\n"}
,{"stream_name":"stdout","time":219.798919831,"data":"      \"success\": true,\n"}
,{"stream_name":"stdout","time":219.798922155,"data":"      \"file\": \"earth-needs-help-e001-s006a.png\",\n"}
,{"stream_name":"stdout","time":219.798924558,"data":"      \"qa_status\": \"pending\",\n"}
,{"stream_name":"stdout","time":219.798926924,"data":"      \"reused_approved_input\": true,\n"}
,{"stream_name":"stdout","time":219.798929837,"data":"      \"source_sha256\": \"0e419efab679d992f49e831d65a4693d75b8c5b50366fb925aa2c32c35dcab24\",\n"}
,{"stream_name":"stdout","time":219.798932421,"data":"      \"sha256\": \"3f2e485841bd5d53fc054c6417d8c85eda68d3c939a93dbcee5e4942ddb4fc4e\"\n"}
,{"stream_name":"stdout","time":219.798934855,"data":"    },\n"}
,{"stream_name":"stdout","time":219.798937128,"data":"    {\n"}
,{"stream_name":"stdout","time":219.798939349,"data":"      \"id\": \"006b\",\n"}
,{"stream_name":"stdout","time":219.798941671,"data":"      \"success\": true,\n"}
,{"stream_name":"stdout","time":219.798944004,"data":"      \"file\": \"earth-needs-help-e001-s006b.png\",\n"}
,{"stream_name":"stdout","time":219.798946382,"data":"      \"qa_status\": \"pending\",\n"}
,{"stream_name":"stdout","time":219.798948732,"data":"      \"reused_approved_input\": true,\n"}
,{"stream_name":"stdout","time":219.798951073,"data":"      \"source_sha256\": \"c1b1bfddc56939ede886c9eb4b7320b3fca245dc584acb42f17f4b6d19f9cdcc\",\n"}
,{"stream_name":"stdout","time":219.798953545,"data":"      \"sha256\": \"904eff9852487067346c1bad4bcc65ed36f611fff4015484fd331608f75828b4\"\n"}
,{"stream_name":"stdout","time":219.798955979,"data":"    },\n"}
,{"stream_name":"stdout","time":219.798958207,"data":"    {\n"}
,{"stream_name":"stdout","time":219.79896043,"data":"      \"id\": \"007\",\n"}
,{"stream_name":"stdout","time":219.798962761,"data":"      \"success\": true,\n"}
,{"stream_name":"stdout","time":219.798965064,"data":"      \"file\": \"earth-needs-help-e001-s007.png\",\n"}
,{"stream_name":"stdout","time":219.798967415,"data":"      \"qa_status\": \"pending\",\n"}
,{"stream_name":"stdout","time":219.798969751,"data":"      \"reused_approved_input\": true,\n"}
,{"stream_name":"stdout","time":219.79897209,"data":"      \"source_sha256\": \"6885f6ceb115f10b8eb79672a29b27c745e69771a4e013a14f9737abfd4ee51c\",\n"}
,{"stream_name":"stdout","time":219.798974569,"data":"      \"sha256\": \"2cd0d3a4e584e18b7fc26af26745900ba5f10d0ea0d2812835186ae7fbfdd15e\"\n"}
,{"stream_name":"stdout","time":219.798977002,"data":"    },\n"}
,{"stream_name":"stdout","time":219.798979255,"data":"    {\n"}
,{"stream_name":"stdout","time":219.798981505,"data":"      \"id\": \"008\",\n"}
,{"stream_name":"stdout","time":219.798986285,"data":"      \"success\": true,\n"}
,{"stream_name":"stdout","time":219.798988748,"data":"      \"file\": \"earth-needs-help-e001-s008.png\",\n"}
,{"stream_name":"stdout","time":219.798991129,"data":"      \"qa_status\": \"pending\",\n"}
,{"stream_name":"stdout","time":219.79899348,"data":"      \"reused_approved_input\": true,\n"}
,{"stream_name":"stdout","time":219.798995953,"data":"      \"source_sha256\": \"48cc99d9169058afb1b8f2498b1557569804d532f3ef919a5abf3afb53aa1f47\",\n"}
,{"stream_name":"stdout","time":219.798998478,"data":"      \"sha256\": \"5d718570eb967fba7e3703dc733bfdfc2b347ef5af3b190568f0f0bc17fc1081\"\n"}
,{"stream_name":"stdout","time":219.79900091,"data":"    },\n"}
,{"stream_name":"stdout","time":219.799003215,"data":"    {\n"}
,{"stream_name":"stdout","time":219.799005445,"data":"      \"id\": \"009\",\n"}
,{"stream_name":"stdout","time":219.799007758,"data":"      \"success\": true,\n"}
,{"stream_name":"stdout","time":219.799010061,"data":"      \"file\": \"earth-needs-help-e001-s009.png\",\n"}
,{"stream_name":"stdout","time":219.799012437,"data":"      \"qa_status\": \"pending\",\n"}
,{"stream_name":"stdout","time":219.799015766,"data":"      \"reused_approved_input\": true,\n"}
,{"stream_name":"stdout","time":219.799018245,"data":"      \"source_sha256\": \"a670879c90152393a92c8f5fb11edd5fc432dadfa7f276654a8950eb1b116cba\",\n"}
,{"stream_name":"stdout","time":219.799020797,"data":"      \"sha256\": \"f695bdf2f88eedcb36b34e1ac3283a9a4a8d78bdb0d09085ae0a23d3dce1e5db\"\n"}
,{"stream_name":"stdout","time":219.799023339,"data":"    }\n"}
,{"stream_name":"stdout","time":219.799025587,"data":"  ],\n"}
,{"stream_name":"stdout","time":219.799027921,"data":"  \"source_commit\": \"5bb6bfcf267a61f7426af594f81879bc5427b50a\",\n"}
,{"stream_name":"stdout","time":219.799030451,"data":"  \"model_revision\": \"e7b7dc27f91deacad38e78976d1f2b499d76a294\",\n"}
,{"stream_name":"stdout","time":219.799032879,"data":"  \"gpu\": \"Tesla T4\",\n"}
,{"stream_name":"stdout","time":219.799035327,"data":"  \"dtype\": \"torch.float16\",\n"}
,{"stream_name":"stdout","time":219.799037733,"data":"  \"model\": \"black-forest-labs/FLUX.2-klein-4B\",\n"}
,{"stream_name":"stdout","time":219.799040167,"data":"  \"elapsed_seconds\": 214.72\n"}
,{"stream_name":"stdout","time":219.799042569,"data":"}\n"}
,{"stream_name":"stderr","time":226.330349513,"data":"/usr/local/lib/python3.12/dist-packages/mistune.py:435: SyntaxWarning: invalid escape sequence '\\|'\n"}
,{"stream_name":"stderr","time":226.330387078,"data":"  cells[i][c] = re.sub('\\\\\\\\\\|', '|', cell)\n"}
,{"stream_name":"stderr","time":226.573195401,"data":"/usr/local/lib/python3.12/dist-packages/nbconvert/filters/filter_links.py:36: SyntaxWarning: invalid escape sequence '\\_'\n"}
,{"stream_name":"stderr","time":226.573224261,"data":"  text = re.sub(r'_', '\\_', text) # Escape underscores in display text\n"}
,{"stream_name":"stderr","time":227.19796913,"data":"[NbConvertApp] Converting notebook __script__.ipynb to html\n"}
,{"stream_name":"stderr","time":228.335033306,"data":"[NbConvertApp] Writing 288666 bytes to __results__.html\n"}
]
